sessionID,stationID,siteID,connectionTime,session_energy_kwh,connection_duration_hours
boulder-51078,BOULDER / CARPENTER PARK1,boulder-carpenter-park,2022-12-01 15:25:00+00:00,28.851,4.966666666666667
boulder-51082,BOULDER / CARPENTER PARK2,boulder-carpenter-park,2022-12-01 15:34:00+00:00,1.406,0.25
boulder-51086,BOULDER / CARPENTER PARK2,boulder-carpenter-park,2022-12-01 15:50:00+00:00,8.077,2.433333333333333
boulder-121266,BOULDER / CARPENTER PARK2,boulder-carpenter-park,2022-12-01 18:00:00+00:00,0.0,0.016666666666666666
boulder-51149,BOULDER / CARPENTER PARK2,boulder-carpenter-park,2022-12-01 18:00:00+00:00,0.0,0.016666666666666666
boulder-51150,BOULDER / CARPENTER PARK1,boulder-carpenter-park,2022-12-01 18:02:00+00:00,13.133,4.0
boulder-50807,BOULDER / CARPENTER PARK2,boulder-carpenter-park,2022-12-01 19:56:00+00:00,29.578,7.45
boulder-50810,BOULDER / CARPENTER PARK1,boulder-carpenter-park,2022-12-01 20:33:00+00:00,15.001,2.533333333333333
boulder-51071,BOULDER / CARPENTER PARK2,boulder-carpenter-park,2022-12-02 04:08:00+00:00,7.364,1.5666666666666667
boulder-50828,BOULDER / CARPENTER PARK2,boulder-carpenter-park,2022-12-02 19:23:00+00:00,10.22,1.7166666666666666
boulder-50881,BOULDER / CARPENTER PARK1,boulder-carpenter-park,2022-12-02 19:43:00+00:00,13.15,3.3666666666666667
boulder-50888,BOULDER / CARPENTER PARK1,boulder-carpenter-park,2022-12-02 19:48:00+00:00,4.535,2.5
boulder-50995,BOULDER / CARPENTER PARK1,boulder-carpenter-park,2022-12-02 23:10:00+00:00,1.53,0.5
boulder-50996,BOULDER / CARPENTER PARK2,boulder-carpenter-park,2022-12-02 23:41:00+00:00,9.749,1.6666666666666667
boulder-51000,BOULDER / CARPENTER PARK1,boulder-carpenter-park,2022-12-03 00:18:00+00:00,4.428,1.8
boulder-51008,BOULDER / CARPENTER PARK2,boulder-carpenter-park,2022-12-03 05:02:00+00:00,20.572,3.466666666666667
boulder-51027,BOULDER / CARPENTER PARK2,boulder-carpenter-park,2022-12-03 18:14:00+00:00,15.383,2.566666666666667
boulder-50974,BOULDER / CARPENTER PARK1,boulder-carpenter-park,2022-12-03 20:15:00+00:00,0.065,0.03333333333333333
boulder-50988,BOULDER / CARPENTER PARK1,boulder-carpenter-park,2022-12-03 20:33:00+00:00,7.12,1.3
boulder-50994,BOULDER / CARPENTER PARK1,boulder-carpenter-park,2022-12-03 20:43:00+00:00,13.496,2.283333333333333
boulder-51032,BOULDER / CARPENTER PARK2,boulder-carpenter-park,2022-12-03 21:01:00+00:00,54.569,9.016666666666667
boulder-51066,BOULDER / CARPENTER PARK1,boulder-carpenter-park,2022-12-03 22:47:00+00:00,2.187,0.6833333333333333
boulder-121541,BOULDER / CARPENTER PARK1,boulder-carpenter-park,2022-12-04 02:35:00+00:00,0.0,0.016666666666666666
boulder-51177,BOULDER / CARPENTER PARK1,boulder-carpenter-park,2022-12-04 02:35:00+00:00,0.0,0.016666666666666666
boulder-51181,BOULDER / CARPENTER PARK1,boulder-carpenter-park,2022-12-04 02:36:00+00:00,1.796,0.6166666666666667
boulder-50825,BOULDER / CARPENTER PARK1,boulder-carpenter-park,2022-12-04 04:26:00+00:00,0.012,0.016666666666666666
boulder-50874,BOULDER / CARPENTER PARK1,boulder-carpenter-park,2022-12-04 04:27:00+00:00,29.666,5.1
boulder-121606,BOULDER / CARPENTER PARK1,boulder-carpenter-park,2022-12-04 17:46:00+00:00,0.0,2.566666666666667
boulder-51038,BOULDER / CARPENTER PARK1,boulder-carpenter-park,2022-12-04 17:46:00+00:00,0.0,2.566666666666667
boulder-51116,BOULDER / CARPENTER PARK2,boulder-carpenter-park,2022-12-04 20:45:00+00:00,5.998,2.716666666666667
boulder-51178,BOULDER / CARPENTER PARK1,boulder-carpenter-park,2022-12-04 23:26:00+00:00,6.574,5.7
boulder-51193,BOULDER / CARPENTER PARK2,boulder-carpenter-park,2022-12-05 00:56:00+00:00,13.176,2.2666666666666666
boulder-51343,BOULDER / CARPENTER PARK1,boulder-carpenter-park,2022-12-05 15:01:00+00:00,28.806,5.85
boulder-51348,BOULDER / CARPENTER PARK1,boulder-carpenter-park,2022-12-05 15:03:00+00:00,10.871,8.383333333333333
boulder-51412,BOULDER / CARPENTER PARK2,boulder-carpenter-park,2022-12-05 16:09:00+00:00,18.673,3.216666666666667
boulder-121762,BOULDER / CARPENTER PARK2,boulder-carpenter-park,2022-12-05 16:54:00+00:00,0.0,0.016666666666666666
boulder-51449,BOULDER / CARPENTER PARK2,boulder-carpenter-park,2022-12-05 16:54:00+00:00,0.0,0.016666666666666666
boulder-51476,BOULDER / CARPENTER PARK2,boulder-carpenter-park,2022-12-05 20:09:00+00:00,2.142,0.35
boulder-51485,BOULDER / CARPENTER PARK2,boulder-carpenter-park,2022-12-05 23:32:00+00:00,4.731,4.85
boulder-51492,BOULDER / CARPENTER PARK1,boulder-carpenter-park,2022-12-06 01:33:00+00:00,5.134,1.7833333333333334
boulder-51210,BOULDER / CARPENTER PARK1,boulder-carpenter-park,2022-12-06 14:55:00+00:00,9.558,4.2
boulder-51223,BOULDER / CARPENTER PARK1,boulder-carpenter-park,2022-12-06 15:54:00+00:00,9.717,5.9
boulder-121899,BOULDER / CARPENTER PARK2,boulder-carpenter-park,2022-12-06 16:17:00+00:00,0.0,0.016666666666666666
boulder-51226,BOULDER / CARPENTER PARK2,boulder-carpenter-park,2022-12-06 16:17:00+00:00,0.0,0.016666666666666666
boulder-51227,BOULDER / CARPENTER PARK2,boulder-carpenter-park,2022-12-06 16:18:00+00:00,6.83,2.1166666666666667
boulder-121913,BOULDER / CARPENTER PARK2,boulder-carpenter-park,2022-12-06 17:27:00+00:00,0.0,0.03333333333333333
boulder-51231,BOULDER / CARPENTER PARK2,boulder-carpenter-park,2022-12-06 17:27:00+00:00,0.0,0.03333333333333333
boulder-121916,BOULDER / CARPENTER PARK2,boulder-carpenter-park,2022-12-06 17:29:00+00:00,0.0,0.016666666666666666
boulder-51232,BOULDER / CARPENTER PARK2,boulder-carpenter-park,2022-12-06 17:29:00+00:00,0.0,0.016666666666666666
boulder-121931,BOULDER / CARPENTER PARK2,boulder-carpenter-park,2022-12-06 18:04:00+00:00,0.0,0.016666666666666666
boulder-51236,BOULDER / CARPENTER PARK2,boulder-carpenter-park,2022-12-06 18:04:00+00:00,0.0,0.016666666666666666
boulder-121937,BOULDER / CARPENTER PARK2,boulder-carpenter-park,2022-12-06 18:37:00+00:00,0.001,0.0
boulder-51238,BOULDER / CARPENTER PARK2,boulder-carpenter-park,2022-12-06 18:37:00+00:00,0.001,0.0
boulder-121940,BOULDER / CARPENTER PARK2,boulder-carpenter-park,2022-12-06 18:38:00+00:00,0.0,0.016666666666666666
boulder-51239,BOULDER / CARPENTER PARK2,boulder-carpenter-park,2022-12-06 18:38:00+00:00,0.0,0.016666666666666666
boulder-51240,BOULDER / CARPENTER PARK2,boulder-carpenter-park,2022-12-06 18:39:00+00:00,1.294,4.566666666666666
boulder-51244,BOULDER / CARPENTER PARK1,boulder-carpenter-park,2022-12-06 19:30:00+00:00,6.451,3.1333333333333333
boulder-51245,BOULDER / CARPENTER PARK2,boulder-carpenter-park,2022-12-06 19:38:00+00:00,7.345,2.066666666666667
boulder-51258,BOULDER / CARPENTER PARK1,boulder-carpenter-park,2022-12-06 21:59:00+00:00,4.65,1.0
boulder-51211,BOULDER / CARPENTER PARK1,boulder-carpenter-park,2022-12-06 23:13:00+00:00,23.262,3.95
boulder-122027,BOULDER / CARPENTER PARK2,boulder-carpenter-park,2022-12-06 23:29:00+00:00,0.0,0.0
boulder-51269,BOULDER / CARPENTER PARK2,boulder-carpenter-park,2022-12-06 23:29:00+00:00,0.0,0.0
boulder-51321,BOULDER / CARPENTER PARK2,boulder-carpenter-park,2022-12-06 23:29:00+00:00,6.069,1.85
boulder-51369,BOULDER / CARPENTER PARK2,boulder-carpenter-park,2022-12-07 01:17:00+00:00,25.136,4.166666666666667
boulder-51519,BOULDER / CARPENTER PARK2,boulder-carpenter-park,2022-12-07 15:54:00+00:00,8.933,4.25
boulder-51522,BOULDER / CARPENTER PARK1,boulder-carpenter-park,2022-12-07 15:57:00+00:00,13.856,4.983333333333333
boulder-122115,BOULDER / CARPENTER PARK1,boulder-carpenter-park,2022-12-07 16:15:00+00:00,0.0,2.8666666666666667
boulder-51531,BOULDER / CARPENTER PARK1,boulder-carpenter-park,2022-12-07 16:15:00+00:00,0.0,2.8666666666666667
boulder-51535,BOULDER / CARPENTER PARK2,boulder-carpenter-park,2022-12-07 16:15:00+00:00,9.078,1.5
boulder-51600,BOULDER / CARPENTER PARK1,boulder-carpenter-park,2022-12-07 20:01:00+00:00,4.947,1.4333333333333333
boulder-51347,BOULDER / CARPENTER PARK1,boulder-carpenter-park,2022-12-07 22:11:00+00:00,4.883,1.8666666666666667
boulder-51373,BOULDER / CARPENTER PARK2,boulder-carpenter-park,2022-12-07 23:30:00+00:00,28.599,4.683333333333334
boulder-51383,BOULDER / CARPENTER PARK1,boulder-carpenter-park,2022-12-08 01:24:00+00:00,5.696,0.9833333333333333
boulder-51388,BOULDER / CARPENTER PARK1,boulder-carpenter-park,2022-12-08 14:43:00+00:00,14.315,4.066666666666666
boulder-122263,BOULDER / CARPENTER PARK2,boulder-carpenter-park,2022-12-08 15:06:00+00:00,0.0,0.03333333333333333
boulder-122265,BOULDER / CARPENTER PARK1,boulder-carpenter-park,2022-12-08 15:06:00+00:00,0.0,0.03333333333333333
boulder-51391,BOULDER / CARPENTER PARK2,boulder-carpenter-park,2022-12-08 15:06:00+00:00,0.0,0.03333333333333333
boulder-51392,BOULDER / CARPENTER PARK1,boulder-carpenter-park,2022-12-08 15:06:00+00:00,0.0,0.03333333333333333
boulder-122272,BOULDER / CARPENTER PARK1,boulder-carpenter-park,2022-12-08 15:10:00+00:00,0.0,0.03333333333333333
boulder-51393,BOULDER / CARPENTER PARK2,boulder-carpenter-park,2022-12-08 15:10:00+00:00,15.147,4.583333333333333
boulder-51394,BOULDER / CARPENTER PARK1,boulder-carpenter-park,2022-12-08 15:10:00+00:00,0.0,0.03333333333333333
boulder-51397,BOULDER / CARPENTER PARK1,boulder-carpenter-park,2022-12-08 15:52:00+00:00,10.709,3.316666666666667
boulder-122339,BOULDER / CARPENTER PARK2,boulder-carpenter-park,2022-12-08 22:19:00+00:00,0.0,0.016666666666666666
boulder-51333,BOULDER / CARPENTER PARK2,boulder-carpenter-park,2022-12-08 22:19:00+00:00,0.0,0.016666666666666666
boulder-51339,BOULDER / CARPENTER PARK2,boulder-carpenter-park,2022-12-08 22:20:00+00:00,11.47,1.9166666666666667
boulder-51345,BOULDER / CARPENTER PARK1,boulder-carpenter-park,2022-12-08 22:21:00+00:00,4.863,6.666666666666667
boulder-51454,BOULDER / CARPENTER PARK1,boulder-carpenter-park,2022-12-09 00:44:00+00:00,10.212,1.7666666666666666
boulder-51470,BOULDER / CARPENTER PARK2,boulder-carpenter-park,2022-12-09 01:23:00+00:00,20.791,3.566666666666667
boulder-51530,BOULDER / CARPENTER PARK1,boulder-carpenter-park,2022-12-09 14:53:00+00:00,11.281,5.583333333333333
boulder-51555,BOULDER / CARPENTER PARK1,boulder-carpenter-park,2022-12-09 15:31:00+00:00,8.277,2.183333333333333
boulder-51570,BOULDER / CARPENTER PARK2,boulder-carpenter-park,2022-12-09 15:56:00+00:00,10.596,3.316666666666667
boulder-51320,BOULDER / CARPENTER PARK1,boulder-carpenter-park,2022-12-09 18:57:00+00:00,8.448,1.4
boulder-122533,BOULDER / CARPENTER PARK2,boulder-carpenter-park,2022-12-09 19:52:00+00:00,0.0,0.016666666666666666
boulder-51364,BOULDER / CARPENTER PARK2,boulder-carpenter-park,2022-12-09 19:52:00+00:00,0.0,0.016666666666666666
boulder-51370,BOULDER / CARPENTER PARK2,boulder-carpenter-park,2022-12-09 19:53:00+00:00,10.636,3.0
boulder-122555,BOULDER / CARPENTER PARK1,boulder-carpenter-park,2022-12-09 21:38:00+00:00,0.0,1.6666666666666667
boulder-51434,BOULDER / CARPENTER PARK1,boulder-carpenter-park,2022-12-09 21:38:00+00:00,0.0,1.6666666666666667
boulder-51461,BOULDER / CARPENTER PARK2,boulder-carpenter-park,2022-12-09 23:01:00+00:00,12.588,4.116666666666666
boulder-122594,BOULDER / CARPENTER PARK1,boulder-carpenter-park,2022-12-10 00:47:00+00:00,0.0,0.0
boulder-51520,BOULDER / CARPENTER PARK1,boulder-carpenter-park,2022-12-10 00:47:00+00:00,0.0,0.0
boulder-51523,BOULDER / CARPENTER PARK1,boulder-carpenter-park,2022-12-10 00:48:00+00:00,13.045,2.783333333333333
boulder-122617,BOULDER / CARPENTER PARK1,boulder-carpenter-park,2022-12-10 08:05:00+00:00,0.0,0.03333333333333333
boulder-51548,BOULDER / CARPENTER PARK1,boulder-carpenter-park,2022-12-10 08:05:00+00:00,0.0,0.03333333333333333
boulder-51556,BOULDER / CARPENTER PARK1,boulder-carpenter-park,2022-12-10 15:35:00+00:00,10.661,1.8166666666666667
boulder-122627,BOULDER / CARPENTER PARK1,boulder-carpenter-park,2022-12-10 15:50:00+00:00,0.0,0.03333333333333333
boulder-51564,BOULDER / CARPENTER PARK1,boulder-carpenter-park,2022-12-10 15:50:00+00:00,0.0,0.03333333333333333
boulder-122636,BOULDER / CARPENTER PARK2,boulder-carpenter-park,2022-12-10 16:14:00+00:00,0.0,0.016666666666666666
boulder-51573,BOULDER / CARPENTER PARK2,boulder-carpenter-park,2022-12-10 16:14:00+00:00,0.0,0.016666666666666666
boulder-51215,BOULDER / CARPENTER PARK2,boulder-carpenter-park,2022-12-10 16:15:00+00:00,5.853,0.9833333333333333
boulder-51428,BOULDER / CARPENTER PARK2,boulder-carpenter-park,2022-12-10 19:09:00+00:00,12.385,2.0833333333333335
boulder-51438,BOULDER / CARPENTER PARK1,boulder-carpenter-park,2022-12-10 19:15:00+00:00,2.694,0.48333333333333334
boulder-51509,BOULDER / CARPENTER PARK1,boulder-carpenter-park,2022-12-10 21:30:00+00:00,4.929,1.0833333333333333
boulder-120234,BOULDER / CARPENTER PARK2,boulder-carpenter-park,2022-12-10 21:43:00+00:00,0.0,0.016666666666666666
boulder-51517,BOULDER / CARPENTER PARK2,boulder-carpenter-park,2022-12-10 21:43:00+00:00,0.0,0.016666666666666666
boulder-51521,BOULDER / CARPENTER PARK2,boulder-carpenter-park,2022-12-10 21:44:00+00:00,13.553,2.2666666666666666
boulder-51532,BOULDER / CARPENTER PARK1,boulder-carpenter-park,2022-12-10 23:03:00+00:00,3.865,2.566666666666667
boulder-120247,BOULDER / CARPENTER PARK1,boulder-carpenter-park,2022-12-11 00:06:00+00:00,0.0,0.03333333333333333
boulder-51544,BOULDER / CARPENTER PARK1,boulder-carpenter-park,2022-12-11 00:06:00+00:00,0.0,0.03333333333333333
boulder-51550,BOULDER / CARPENTER PARK2,boulder-carpenter-park,2022-12-11 00:07:00+00:00,17.767,2.933333333333333
boulder-51280,BOULDER / CARPENTER PARK1,boulder-carpenter-park,2022-12-11 17:47:00+00:00,8.318,1.4
boulder-51287,BOULDER / CARPENTER PARK2,boulder-carpenter-park,2022-12-11 18:48:00+00:00,24.024,4.033333333333333
boulder-51289,BOULDER / CARPENTER PARK1,boulder-carpenter-park,2022-12-11 18:53:00+00:00,20.279,3.433333333333333
boulder-51296,BOULDER / CARPENTER PARK1,boulder-carpenter-park,2022-12-11 20:46:00+00:00,7.316,1.2333333333333334
boulder-51304,BOULDER / CARPENTER PARK2,boulder-carpenter-park,2022-12-11 23:16:00+00:00,35.685,6.0
boulder-51662,BOULDER / CARPENTER PARK1,boulder-carpenter-park,2022-12-12 14:51:00+00:00,6.335,3.7666666666666666
boulder-51670,BOULDER / CARPENTER PARK2,boulder-carpenter-park,2022-12-12 15:09:00+00:00,5.191,1.6333333333333333
boulder-51788,BOULDER / CARPENTER PARK1,boulder-carpenter-park,2022-12-12 15:51:00+00:00,9.45,3.7
boulder-51892,BOULDER / CARPENTER PARK2,boulder-carpenter-park,2022-12-12 21:11:00+00:00,7.409,1.4
boulder-120358,BOULDER / CARPENTER PARK2,boulder-carpenter-park,2022-12-12 23:30:00+00:00,0.0,0.016666666666666666
boulder-51926,BOULDER / CARPENTER PARK2,boulder-carpenter-park,2022-12-12 23:30:00+00:00,0.0,0.016666666666666666
boulder-51928,BOULDER / CARPENTER PARK1,boulder-carpenter-park,2022-12-12 23:32:00+00:00,12.758,2.5166666666666666
boulder-51617,BOULDER / CARPENTER PARK1,boulder-carpenter-park,2022-12-13 14:51:00+00:00,15.384,4.016666666666667
boulder-51741,BOULDER / CARPENTER PARK1,boulder-carpenter-park,2022-12-13 15:58:00+00:00,16.402,7.0
boulder-51751,BOULDER / CARPENTER PARK2,boulder-carpenter-park,2022-12-13 19:18:00+00:00,27.515,7.133333333333334
boulder-51756,BOULDER / CARPENTER PARK1,boulder-carpenter-park,2022-12-13 21:07:00+00:00,8.447,1.45
boulder-51761,BOULDER / CARPENTER PARK1,boulder-carpenter-park,2022-12-13 22:53:00+00:00,2.837,0.8833333333333333
boulder-51768,BOULDER / CARPENTER PARK1,boulder-carpenter-park,2022-12-14 01:31:00+00:00,5.958,1.05
boulder-51779,BOULDER / CARPENTER PARK1,boulder-carpenter-park,2022-12-14 14:51:00+00:00,37.977,6.816666666666666
boulder-51685,BOULDER / CARPENTER PARK2,boulder-carpenter-park,2022-12-14 15:51:00+00:00,10.486,3.283333333333333
boulder-51686,BOULDER / CARPENTER PARK1,boulder-carpenter-park,2022-12-14 16:14:00+00:00,30.226,5.25
boulder-51697,BOULDER / CARPENTER PARK2,boulder-carpenter-park,2022-12-14 19:30:00+00:00,9.258,1.5833333333333333
boulder-51704,BOULDER / CARPENTER PARK2,boulder-carpenter-park,2022-12-14 21:24:00+00:00,13.698,8.583333333333334
boulder-51715,BOULDER / CARPENTER PARK1,boulder-carpenter-park,2022-12-14 23:48:00+00:00,1.621,0.4
boulder-51723,BOULDER / CARPENTER PARK1,boulder-carpenter-park,2022-12-15 01:03:00+00:00,33.711,13.616666666666667
boulder-51608,BOULDER / CARPENTER PARK1,boulder-carpenter-park,2022-12-15 15:11:00+00:00,3.768,0.6333333333333333
boulder-120486,BOULDER / CARPENTER PARK2,boulder-carpenter-park,2022-12-15 17:28:00+00:00,0.0,0.2833333333333333
boulder-51614,BOULDER / CARPENTER PARK2,boulder-carpenter-park,2022-12-15 17:28:00+00:00,0.0,0.2833333333333333
boulder-51632,BOULDER / CARPENTER PARK2,boulder-carpenter-park,2022-12-15 20:19:00+00:00,3.764,1.4666666666666666
boulder-51638,BOULDER / CARPENTER PARK1,boulder-carpenter-park,2022-12-15 21:07:00+00:00,5.551,7.0
boulder-51787,BOULDER / CARPENTER PARK2,boulder-carpenter-park,2022-12-16 05:03:00+00:00,13.053,4.3
boulder-120562,BOULDER / CARPENTER PARK2,boulder-carpenter-park,2022-12-16 19:07:00+00:00,0.0,0.03333333333333333
boulder-51973,BOULDER / CARPENTER PARK2,boulder-carpenter-park,2022-12-16 19:07:00+00:00,0.0,0.03333333333333333
boulder-51976,BOULDER / CARPENTER PARK1,boulder-carpenter-park,2022-12-16 19:12:00+00:00,0.733,0.11666666666666667
boulder-120572,BOULDER / CARPENTER PARK2,boulder-carpenter-park,2022-12-16 20:16:00+00:00,0.0,0.016666666666666666
boulder-52000,BOULDER / CARPENTER PARK2,boulder-carpenter-park,2022-12-16 20:16:00+00:00,0.0,0.016666666666666666
boulder-51656,BOULDER / CARPENTER PARK2,boulder-carpenter-park,2022-12-16 20:17:00+00:00,5.223,0.8833333333333333
boulder-51813,BOULDER / CARPENTER PARK1,boulder-carpenter-park,2022-12-16 22:56:00+00:00,4.531,1.55
boulder-51818,BOULDER / CARPENTER PARK2,boulder-carpenter-park,2022-12-16 23:09:00+00:00,10.753,6.433333333333334
boulder-51917,BOULDER / CARPENTER PARK1,boulder-carpenter-park,2022-12-17 04:17:00+00:00,7.182,2.183333333333333
boulder-120609,BOULDER / CARPENTER PARK2,boulder-carpenter-park,2022-12-17 16:10:00+00:00,0.0,0.016666666666666666
boulder-51957,BOULDER / CARPENTER PARK2,boulder-carpenter-park,2022-12-17 16:10:00+00:00,0.0,0.016666666666666666
boulder-120611,BOULDER / CARPENTER PARK2,boulder-carpenter-park,2022-12-17 16:11:00+00:00,0.0,0.0
boulder-51961,BOULDER / CARPENTER PARK1,boulder-carpenter-park,2022-12-17 16:11:00+00:00,4.011,0.6833333333333333
boulder-51965,BOULDER / CARPENTER PARK2,boulder-carpenter-park,2022-12-17 16:11:00+00:00,0.0,0.0
boulder-51969,BOULDER / CARPENTER PARK1,boulder-carpenter-park,2022-12-17 16:13:00+00:00,29.407,4.916666666666667
boulder-120618,BOULDER / CARPENTER PARK2,boulder-carpenter-park,2022-12-17 16:52:00+00:00,0.0,0.016666666666666666
boulder-51992,BOULDER / CARPENTER PARK2,boulder-carpenter-park,2022-12-17 16:52:00+00:00,0.0,0.016666666666666666
boulder-120619,BOULDER / CARPENTER PARK2,boulder-carpenter-park,2022-12-17 16:54:00+00:00,0.0,0.8
boulder-51994,BOULDER / CARPENTER PARK2,boulder-carpenter-park,2022-12-17 16:54:00+00:00,0.0,0.8
boulder-120634,BOULDER / CARPENTER PARK2,boulder-carpenter-park,2022-12-17 20:39:00+00:00,0.0,0.0
boulder-51802,BOULDER / CARPENTER PARK2,boulder-carpenter-park,2022-12-17 20:39:00+00:00,0.0,0.0
boulder-51807,BOULDER / CARPENTER PARK2,boulder-carpenter-park,2022-12-17 20:40:00+00:00,0.628,0.1
boulder-51831,BOULDER / CARPENTER PARK1,boulder-carpenter-park,2022-12-17 21:10:00+00:00,5.125,1.7833333333333334
boulder-51912,BOULDER / CARPENTER PARK1,boulder-carpenter-park,2022-12-17 23:43:00+00:00,1.995,0.35
boulder-51981,BOULDER / CARPENTER PARK2,boulder-carpenter-park,2022-12-18 18:23:00+00:00,3.025,0.8
boulder-51812,BOULDER / CARPENTER PARK1,boulder-carpenter-park,2022-12-18 20:50:00+00:00,1.349,0.25
boulder-120690,BOULDER / CARPENTER PARK1,boulder-carpenter-park,2022-12-18 21:57:00+00:00,0.0,0.016666666666666666
boulder-51851,BOULDER / CARPENTER PARK1,boulder-carpenter-park,2022-12-18 21:57:00+00:00,0.0,0.016666666666666666
boulder-120691,BOULDER / CARPENTER PARK1,boulder-carpenter-park,2022-12-18 21:58:00+00:00,0.0,0.0
boulder-51852,BOULDER / CARPENTER PARK1,boulder-carpenter-park,2022-12-18 21:58:00+00:00,0.0,0.0
boulder-51853,BOULDER / CARPENTER PARK2,boulder-carpenter-park,2022-12-18 21:58:00+00:00,13.238,2.2333333333333334
boulder-51859,BOULDER / CARPENTER PARK1,boulder-carpenter-park,2022-12-18 23:07:00+00:00,3.658,0.6166666666666667
boulder-51861,BOULDER / CARPENTER PARK1,boulder-carpenter-park,2022-12-18 23:36:00+00:00,5.931,1.05
boulder-51865,BOULDER / CARPENTER PARK1,boulder-carpenter-park,2022-12-19 02:40:00+00:00,9.007,1.5
boulder-51867,BOULDER / CARPENTER PARK2,boulder-carpenter-park,2022-12-19 03:22:00+00:00,11.884,2.433333333333333
boulder-120715,BOULDER / CARPENTER PARK2,boulder-carpenter-park,2022-12-19 16:10:00+00:00,0.0,3.05
boulder-51876,BOULDER / CARPENTER PARK2,boulder-carpenter-park,2022-12-19 16:10:00+00:00,0.0,3.05
boulder-51877,BOULDER / CARPENTER PARK1,boulder-carpenter-park,2022-12-19 16:43:00+00:00,12.661,2.816666666666667
boulder-51878,BOULDER / CARPENTER PARK1,boulder-carpenter-park,2022-12-19 16:44:00+00:00,4.914,1.4833333333333334
boulder-52101,BOULDER / CARPENTER PARK2,boulder-carpenter-park,2022-12-19 21:01:00+00:00,5.842,6.75
boulder-52121,BOULDER / CARPENTER PARK1,boulder-carpenter-park,2022-12-19 22:51:00+00:00,1.082,0.3333333333333333
boulder-52153,BOULDER / CARPENTER PARK1,boulder-carpenter-park,2022-12-20 04:25:00+00:00,0.789,0.2833333333333333
boulder-52161,BOULDER / CARPENTER PARK1,boulder-carpenter-park,2022-12-20 14:58:00+00:00,15.281,3.066666666666667
boulder-52163,BOULDER / CARPENTER PARK1,boulder-carpenter-park,2022-12-20 15:13:00+00:00,20.888,3.4833333333333334
boulder-52170,BOULDER / CARPENTER PARK2,boulder-carpenter-park,2022-12-20 16:33:00+00:00,2.466,1.6666666666666667
boulder-121373,BOULDER / CARPENTER PARK2,boulder-carpenter-park,2022-12-20 18:36:00+00:00,0.0,0.0
boulder-52178,BOULDER / CARPENTER PARK2,boulder-carpenter-park,2022-12-20 18:36:00+00:00,0.0,0.0
boulder-121376,BOULDER / CARPENTER PARK2,boulder-carpenter-park,2022-12-20 18:37:00+00:00,0.0,0.0
boulder-52179,BOULDER / CARPENTER PARK2,boulder-carpenter-park,2022-12-20 18:37:00+00:00,0.0,0.0
boulder-121379,BOULDER / CARPENTER PARK1,boulder-carpenter-park,2022-12-20 18:39:00+00:00,0.0,0.016666666666666666
boulder-52180,BOULDER / CARPENTER PARK1,boulder-carpenter-park,2022-12-20 18:39:00+00:00,0.0,0.016666666666666666
boulder-52181,BOULDER / CARPENTER PARK1,boulder-carpenter-park,2022-12-20 18:40:00+00:00,3.724,0.6333333333333333
boulder-52182,BOULDER / CARPENTER PARK1,boulder-carpenter-park,2022-12-20 18:46:00+00:00,9.808,3.8833333333333333
boulder-52075,BOULDER / CARPENTER PARK2,boulder-carpenter-park,2022-12-20 20:31:00+00:00,11.315,5.8
boulder-52272,BOULDER / CARPENTER PARK1,boulder-carpenter-park,2022-12-21 00:53:00+00:00,1.206,0.48333333333333334
boulder-52317,BOULDER / CARPENTER PARK2,boulder-carpenter-park,2022-12-21 06:47:00+00:00,5.283,1.4166666666666667
boulder-52357,BOULDER / CARPENTER PARK1,boulder-carpenter-park,2022-12-21 14:54:00+00:00,7.773,3.55
boulder-121566,BOULDER / CARPENTER PARK2,boulder-carpenter-park,2022-12-21 15:58:00+00:00,0.0,0.0
boulder-52380,BOULDER / CARPENTER PARK2,boulder-carpenter-park,2022-12-21 15:58:00+00:00,0.0,0.0
boulder-52384,BOULDER / CARPENTER PARK2,boulder-carpenter-park,2022-12-21 15:58:00+00:00,0.756,0.21666666666666667
boulder-121586,BOULDER / CARPENTER PARK2,boulder-carpenter-park,2022-12-21 17:56:00+00:00,0.0,0.016666666666666666
boulder-52004,BOULDER / CARPENTER PARK2,boulder-carpenter-park,2022-12-21 17:56:00+00:00,0.0,0.016666666666666666
boulder-52005,BOULDER / CARPENTER PARK2,boulder-carpenter-park,2022-12-21 17:57:00+00:00,6.171,1.0833333333333333
boulder-52077,BOULDER / CARPENTER PARK1,boulder-carpenter-park,2022-12-21 19:31:00+00:00,8.935,4.916666666666667
boulder-121644,BOULDER / CARPENTER PARK2,boulder-carpenter-park,2022-12-21 21:49:00+00:00,0.0,0.016666666666666666
boulder-52242,BOULDER / CARPENTER PARK2,boulder-carpenter-park,2022-12-21 21:49:00+00:00,0.0,0.016666666666666666
boulder-52246,BOULDER / CARPENTER PARK2,boulder-carpenter-park,2022-12-21 21:50:00+00:00,6.203,1.0333333333333334
boulder-52251,BOULDER / CARPENTER PARK1,boulder-carpenter-park,2022-12-21 21:53:00+00:00,13.089,2.216666666666667
boulder-121685,BOULDER / CARPENTER PARK2,boulder-carpenter-park,2022-12-22 01:43:00+00:00,0.0,0.016666666666666666
boulder-52303,BOULDER / CARPENTER PARK2,boulder-carpenter-park,2022-12-22 01:43:00+00:00,0.0,0.016666666666666666
boulder-52304,BOULDER / CARPENTER PARK2,boulder-carpenter-park,2022-12-22 01:44:00+00:00,2.531,0.43333333333333335
boulder-52312,BOULDER / CARPENTER PARK2,boulder-carpenter-park,2022-12-22 16:25:00+00:00,11.565,2.683333333333333
boulder-121797,BOULDER / CARPENTER PARK1,boulder-carpenter-park,2022-12-23 12:56:00+00:00,0.0,0.016666666666666666
boulder-52269,BOULDER / CARPENTER PARK1,boulder-carpenter-park,2022-12-23 12:56:00+00:00,0.0,0.016666666666666666
boulder-52274,BOULDER / CARPENTER PARK1,boulder-carpenter-park,2022-12-23 12:57:00+00:00,7.859,2.5833333333333335
boulder-52290,BOULDER / CARPENTER PARK1,boulder-carpenter-park,2022-12-23 15:40:00+00:00,19.983,3.6166666666666667
boulder-52295,BOULDER / CARPENTER PARK2,boulder-carpenter-park,2022-12-23 15:49:00+00:00,3.635,4.316666666666666
boulder-52021,BOULDER / CARPENTER PARK1,boulder-carpenter-park,2022-12-23 23:51:00+00:00,23.551,14.6
boulder-121898,BOULDER / CARPENTER PARK2,boulder-carpenter-park,2022-12-24 05:55:00+00:00,0.0,0.016666666666666666
boulder-52119,BOULDER / CARPENTER PARK2,boulder-carpenter-park,2022-12-24 05:55:00+00:00,0.0,0.016666666666666666
boulder-52125,BOULDER / CARPENTER PARK2,boulder-carpenter-park,2022-12-24 05:56:00+00:00,4.769,0.9166666666666666
boulder-121941,BOULDER / CARPENTER PARK1,boulder-carpenter-park,2022-12-24 17:53:00+00:00,0.0,0.03333333333333333
boulder-52273,BOULDER / CARPENTER PARK1,boulder-carpenter-park,2022-12-24 17:53:00+00:00,0.0,0.03333333333333333
boulder-121944,BOULDER / CARPENTER PARK1,boulder-carpenter-park,2022-12-24 17:57:00+00:00,0.0,0.03333333333333333
boulder-52283,BOULDER / CARPENTER PARK1,boulder-carpenter-park,2022-12-24 17:57:00+00:00,0.0,0.03333333333333333
boulder-52356,BOULDER / CARPENTER PARK2,boulder-carpenter-park,2022-12-24 20:07:00+00:00,12.816,7.55
boulder-52375,BOULDER / CARPENTER PARK1,boulder-carpenter-park,2022-12-24 20:52:00+00:00,3.293,1.0
boulder-121997,BOULDER / CARPENTER PARK2,boulder-carpenter-park,2022-12-24 21:05:00+00:00,0.0,0.016666666666666666
boulder-52382,BOULDER / CARPENTER PARK2,boulder-carpenter-park,2022-12-24 21:05:00+00:00,0.0,0.016666666666666666
boulder-122002,BOULDER / CARPENTER PARK2,boulder-carpenter-park,2022-12-24 21:06:00+00:00,0.0,0.25
boulder-52386,BOULDER / CARPENTER PARK2,boulder-carpenter-park,2022-12-24 21:06:00+00:00,0.0,0.25
boulder-52389,BOULDER / CARPENTER PARK1,boulder-carpenter-park,2022-12-24 21:23:00+00:00,6.435,1.0833333333333333
boulder-52092,BOULDER / CARPENTER PARK1,boulder-carpenter-park,2022-12-25 21:31:00+00:00,5.443,0.9166666666666666
boulder-52115,BOULDER / CARPENTER PARK2,boulder-carpenter-park,2022-12-25 22:20:00+00:00,3.251,0.5333333333333333
boulder-52148,BOULDER / CARPENTER PARK2,boulder-carpenter-park,2022-12-26 00:41:00+00:00,11.416,3.433333333333333
boulder-52216,BOULDER / CARPENTER PARK1,boulder-carpenter-park,2022-12-26 20:08:00+00:00,20.905,5.883333333333334
boulder-52220,BOULDER / CARPENTER PARK2,boulder-carpenter-park,2022-12-26 21:03:00+00:00,0.979,0.16666666666666666
boulder-52227,BOULDER / CARPENTER PARK2,boulder-carpenter-park,2022-12-26 22:34:00+00:00,1.282,0.5833333333333334
boulder-52011,BOULDER / CARPENTER PARK2,boulder-carpenter-park,2022-12-27 02:04:00+00:00,5.382,3.9166666666666665
boulder-52139,BOULDER / CARPENTER PARK2,boulder-carpenter-park,2022-12-27 15:38:00+00:00,19.942,3.316666666666667
boulder-122206,BOULDER / CARPENTER PARK2,boulder-carpenter-park,2022-12-27 16:13:00+00:00,0.0,0.03333333333333333
boulder-52198,BOULDER / CARPENTER PARK2,boulder-carpenter-park,2022-12-27 16:13:00+00:00,0.0,0.03333333333333333
boulder-122210,BOULDER / CARPENTER PARK1,boulder-carpenter-park,2022-12-27 16:16:00+00:00,0.0,0.03333333333333333
boulder-52241,BOULDER / CARPENTER PARK1,boulder-carpenter-park,2022-12-27 16:16:00+00:00,0.0,0.03333333333333333
boulder-52245,BOULDER / CARPENTER PARK1,boulder-carpenter-park,2022-12-27 16:19:00+00:00,12.073,2.1166666666666667
boulder-52326,BOULDER / CARPENTER PARK1,boulder-carpenter-park,2022-12-27 18:42:00+00:00,14.875,2.5166666666666666
boulder-52367,BOULDER / CARPENTER PARK1,boulder-carpenter-park,2022-12-27 21:15:00+00:00,5.492,1.5166666666666666
boulder-52371,BOULDER / CARPENTER PARK1,boulder-carpenter-park,2022-12-27 21:55:00+00:00,7.023,1.2
boulder-52387,BOULDER / CARPENTER PARK2,boulder-carpenter-park,2022-12-27 22:46:00+00:00,6.473,1.0666666666666667
boulder-52047,BOULDER / CARPENTER PARK1,boulder-carpenter-park,2022-12-28 18:33:00+00:00,2.375,0.43333333333333335
boulder-52067,BOULDER / CARPENTER PARK2,boulder-carpenter-park,2022-12-29 17:58:00+00:00,20.771,3.4833333333333334
boulder-122426,BOULDER / CARPENTER PARK2,boulder-carpenter-park,2022-12-29 18:45:00+00:00,0.0,0.016666666666666666
boulder-52068,BOULDER / CARPENTER PARK2,boulder-carpenter-park,2022-12-29 18:45:00+00:00,0.0,0.016666666666666666
boulder-52069,BOULDER / CARPENTER PARK1,boulder-carpenter-park,2022-12-29 18:56:00+00:00,7.37,1.3166666666666667
boulder-122459,BOULDER / CARPENTER PARK2,boulder-carpenter-park,2022-12-29 22:16:00+00:00,0.0,0.016666666666666666
boulder-52597,BOULDER / CARPENTER PARK2,boulder-carpenter-park,2022-12-29 22:16:00+00:00,0.0,0.016666666666666666
boulder-122460,BOULDER / CARPENTER PARK2,boulder-carpenter-park,2022-12-29 22:18:00+00:00,0.0,0.0
boulder-52605,BOULDER / CARPENTER PARK2,boulder-carpenter-park,2022-12-29 22:18:00+00:00,0.0,0.0
boulder-52612,BOULDER / CARPENTER PARK2,boulder-carpenter-park,2022-12-29 22:43:00+00:00,4.537,0.7833333333333333
boulder-52636,BOULDER / CARPENTER PARK1,boulder-carpenter-park,2022-12-29 23:24:00+00:00,2.361,0.4166666666666667
boulder-52795,BOULDER / CARPENTER PARK1,boulder-carpenter-park,2022-12-30 20:22:00+00:00,9.422,1.6666666666666667
boulder-52798,BOULDER / CARPENTER PARK1,boulder-carpenter-park,2022-12-30 20:34:00+00:00,26.589,4.416666666666667
boulder-52485,BOULDER / CARPENTER PARK1,boulder-carpenter-park,2022-12-30 23:03:00+00:00,1.431,1.25
boulder-122644,BOULDER / CARPENTER PARK2,boulder-carpenter-park,2022-12-30 23:05:00+00:00,0.0,0.0
boulder-52486,BOULDER / CARPENTER PARK2,boulder-carpenter-park,2022-12-30 23:05:00+00:00,0.0,0.0
boulder-52487,BOULDER / CARPENTER PARK2,boulder-carpenter-park,2022-12-30 23:06:00+00:00,5.721,1.1
boulder-122655,BOULDER / CARPENTER PARK2,boulder-carpenter-park,2022-12-31 00:20:00+00:00,0.0,0.016666666666666666
boulder-52491,BOULDER / CARPENTER PARK2,boulder-carpenter-park,2022-12-31 00:20:00+00:00,0.0,0.016666666666666666
boulder-52492,BOULDER / CARPENTER PARK2,boulder-carpenter-park,2022-12-31 00:21:00+00:00,1.314,0.23333333333333334
boulder-122685,BOULDER / CARPENTER PARK2,boulder-carpenter-park,2022-12-31 17:51:00+00:00,0.0,1.5833333333333333
boulder-52515,BOULDER / CARPENTER PARK2,boulder-carpenter-park,2022-12-31 17:51:00+00:00,0.0,1.5833333333333333
boulder-52682,BOULDER / CARPENTER PARK1,boulder-carpenter-park,2023-01-01 16:45:00+00:00,10.296,1.7333333333333334
boulder-122746,BOULDER / CARPENTER PARK2,boulder-carpenter-park,2023-01-01 19:08:00+00:00,0.0,0.016666666666666666
boulder-52720,BOULDER / CARPENTER PARK2,boulder-carpenter-park,2023-01-01 19:08:00+00:00,0.0,0.016666666666666666
boulder-122747,BOULDER / CARPENTER PARK2,boulder-carpenter-park,2023-01-01 19:09:00+00:00,0.0,0.0
boulder-52725,BOULDER / CARPENTER PARK2,boulder-carpenter-park,2023-01-01 19:09:00+00:00,0.0,0.0
boulder-52765,BOULDER / CARPENTER PARK1,boulder-carpenter-park,2023-01-01 22:02:00+00:00,2.116,0.6
boulder-122757,BOULDER / CARPENTER PARK1,boulder-carpenter-park,2023-01-01 22:45:00+00:00,0.0,0.05
boulder-52768,BOULDER / CARPENTER PARK1,boulder-carpenter-park,2023-01-01 22:45:00+00:00,0.0,0.05
boulder-52772,BOULDER / CARPENTER PARK1,boulder-carpenter-park,2023-01-01 22:49:00+00:00,0.889,0.4
boulder-52776,BOULDER / CARPENTER PARK1,boulder-carpenter-park,2023-01-01 23:07:00+00:00,3.688,0.6166666666666667
boulder-52630,BOULDER / CARPENTER PARK2,boulder-carpenter-park,2023-01-02 15:43:00+00:00,11.567,4.433333333333334
boulder-122780,BOULDER / CARPENTER PARK1,boulder-carpenter-park,2023-01-02 17:50:00+00:00,0.0,0.016666666666666666
boulder-52651,BOULDER / CARPENTER PARK1,boulder-carpenter-park,2023-01-02 17:50:00+00:00,0.0,0.016666666666666666
boulder-52783,BOULDER / CARPENTER PARK1,boulder-carpenter-park,2023-01-03 13:59:00+00:00,8.019,1.4
boulder-52794,BOULDER / CARPENTER PARK1,boulder-carpenter-park,2023-01-03 15:03:00+00:00,6.25,3.65
boulder-122817,BOULDER / CARPENTER PARK2,boulder-carpenter-park,2023-01-03 16:13:00+00:00,0.0,0.016666666666666666
boulder-52402,BOULDER / CARPENTER PARK2,boulder-carpenter-park,2023-01-03 16:13:00+00:00,0.0,0.016666666666666666
boulder-52404,BOULDER / CARPENTER PARK2,boulder-carpenter-park,2023-01-03 16:14:00+00:00,18.206,3.0166666666666666
boulder-52405,BOULDER / CARPENTER PARK1,boulder-carpenter-park,2023-01-03 16:16:00+00:00,8.161,6.116666666666666
boulder-52527,BOULDER / CARPENTER PARK1,boulder-carpenter-park,2023-01-03 19:46:00+00:00,10.851,4.0
boulder-52623,BOULDER / CARPENTER PARK1,boulder-carpenter-park,2023-01-03 23:09:00+00:00,5.248,0.8833333333333333
boulder-52708,BOULDER / CARPENTER PARK2,boulder-carpenter-park,2023-01-04 05:42:00+00:00,9.894,2.1
boulder-52748,BOULDER / CARPENTER PARK1,boulder-carpenter-park,2023-01-04 15:45:00+00:00,8.305,4.066666666666666
boulder-52403,BOULDER / CARPENTER PARK2,boulder-carpenter-park,2023-01-04 15:49:00+00:00,8.391,2.533333333333333
boulder-52426,BOULDER / CARPENTER PARK1,boulder-carpenter-park,2023-01-04 17:11:00+00:00,4.442,0.75
boulder-52435,BOULDER / CARPENTER PARK2,boulder-carpenter-park,2023-01-04 19:36:00+00:00,9.265,1.5666666666666667
boulder-122897,BOULDER / CARPENTER PARK1,boulder-carpenter-park,2023-01-04 21:17:00+00:00,0.0,0.016666666666666666
boulder-52445,BOULDER / CARPENTER PARK1,boulder-carpenter-park,2023-01-04 21:17:00+00:00,0.0,0.016666666666666666
boulder-52454,BOULDER / CARPENTER PARK1,boulder-carpenter-park,2023-01-04 23:16:00+00:00,1.419,0.25
boulder-52459,BOULDER / CARPENTER PARK2,boulder-carpenter-park,2023-01-04 23:57:00+00:00,1.644,0.3333333333333333
boulder-52528,BOULDER / CARPENTER PARK2,boulder-carpenter-park,2023-01-05 02:46:00+00:00,9.311,1.7
boulder-52535,BOULDER / CARPENTER PARK2,boulder-carpenter-park,2023-01-05 11:18:00+00:00,31.581,5.233333333333333
boulder-52596,BOULDER / CARPENTER PARK1,boulder-carpenter-park,2023-01-05 14:48:00+00:00,16.19,3.7333333333333334
boulder-52618,BOULDER / CARPENTER PARK1,boulder-carpenter-park,2023-01-05 15:27:00+00:00,1.774,0.31666666666666665
boulder-52671,BOULDER / CARPENTER PARK2,boulder-carpenter-park,2023-01-05 18:54:00+00:00,13.163,7.966666666666667
boulder-52695,BOULDER / CARPENTER PARK1,boulder-carpenter-park,2023-01-05 19:16:00+00:00,2.964,0.5333333333333333
boulder-52422,BOULDER / CARPENTER PARK1,boulder-carpenter-park,2023-01-05 22:59:00+00:00,2.226,1.3166666666666667
boulder-52564,BOULDER / CARPENTER PARK1,boulder-carpenter-park,2023-01-06 15:05:00+00:00,18.006,7.766666666666667
boulder-52575,BOULDER / CARPENTER PARK2,boulder-carpenter-park,2023-01-06 16:14:00+00:00,17.605,3.5833333333333335
boulder-52581,BOULDER / CARPENTER PARK1,boulder-carpenter-park,2023-01-06 17:48:00+00:00,6.292,1.1166666666666667
boulder-123016,BOULDER / CARPENTER PARK2,boulder-carpenter-park,2023-01-06 22:07:00+00:00,0.0,0.016666666666666666
boulder-52594,BOULDER / CARPENTER PARK2,boulder-carpenter-park,2023-01-06 22:07:00+00:00,0.0,0.016666666666666666
boulder-52595,BOULDER / CARPENTER PARK2,boulder-carpenter-park,2023-01-06 22:08:00+00:00,2.929,0.5166666666666667
boulder-123019,BOULDER / CARPENTER PARK2,boulder-carpenter-park,2023-01-06 22:42:00+00:00,0.0,0.03333333333333333
boulder-52862,BOULDER / CARPENTER PARK2,boulder-carpenter-park,2023-01-06 22:42:00+00:00,0.0,0.03333333333333333
boulder-52891,BOULDER / CARPENTER PARK2,boulder-carpenter-park,2023-01-06 22:44:00+00:00,3.674,0.65
boulder-123029,BOULDER / CARPENTER PARK1,boulder-carpenter-park,2023-01-07 00:39:00+00:00,0.0,0.03333333333333333
boulder-53005,BOULDER / CARPENTER PARK1,boulder-carpenter-park,2023-01-07 00:39:00+00:00,0.0,0.03333333333333333
boulder-123031,BOULDER / CARPENTER PARK1,boulder-carpenter-park,2023-01-07 00:46:00+00:00,0.0,0.03333333333333333
boulder-53014,BOULDER / CARPENTER PARK1,boulder-carpenter-park,2023-01-07 00:46:00+00:00,0.0,0.03333333333333333
boulder-123038,BOULDER / CARPENTER PARK2,boulder-carpenter-park,2023-01-07 03:39:00+00:00,0.0,0.016666666666666666
boulder-53058,BOULDER / CARPENTER PARK2,boulder-carpenter-park,2023-01-07 03:39:00+00:00,0.0,0.016666666666666666
boulder-53063,BOULDER / CARPENTER PARK2,boulder-carpenter-park,2023-01-07 03:40:00+00:00,4.152,1.05
boulder-53072,BOULDER / CARPENTER PARK2,boulder-carpenter-park,2023-01-07 06:08:00+00:00,11.704,2.3666666666666667
boulder-53075,BOULDER / CARPENTER PARK1,boulder-carpenter-park,2023-01-07 06:09:00+00:00,34.795,5.8
boulder-123051,BOULDER / CARPENTER PARK1,boulder-carpenter-park,2023-01-07 17:21:00+00:00,7.043,1.2166666666666666
boulder-53141,BOULDER / CARPENTER PARK1,boulder-carpenter-park,2023-01-07 17:21:00+00:00,7.043,1.2166666666666666
boulder-53191,BOULDER / CARPENTER PARK2,boulder-carpenter-park,2023-01-07 20:17:00+00:00,13.024,2.966666666666667
boulder-123072,BOULDER / CARPENTER PARK1,boulder-carpenter-park,2023-01-07 21:15:00+00:00,0.0,0.016666666666666666
boulder-52924,BOULDER / CARPENTER PARK1,boulder-carpenter-park,2023-01-07 21:15:00+00:00,0.0,0.016666666666666666
boulder-52931,BOULDER / CARPENTER PARK1,boulder-carpenter-park,2023-01-07 21:16:00+00:00,7.295,1.2333333333333334
boulder-123074,BOULDER / CARPENTER PARK2,boulder-carpenter-park,2023-01-07 21:38:00+00:00,0.0,0.03333333333333333
boulder-52987,BOULDER / CARPENTER PARK2,boulder-carpenter-park,2023-01-07 21:38:00+00:00,0.0,0.03333333333333333
boulder-123075,BOULDER / CARPENTER PARK1,boulder-carpenter-park,2023-01-07 21:39:00+00:00,0.0,0.03333333333333333
boulder-52990,BOULDER / CARPENTER PARK1,boulder-carpenter-park,2023-01-07 21:39:00+00:00,0.0,0.03333333333333333
boulder-123076,BOULDER / CARPENTER PARK2,boulder-carpenter-park,2023-01-07 21:40:00+00:00,0.0,0.03333333333333333
boulder-52995,BOULDER / CARPENTER PARK2,boulder-carpenter-park,2023-01-07 21:40:00+00:00,0.0,0.03333333333333333
boulder-53000,BOULDER / CARPENTER PARK2,boulder-carpenter-park,2023-01-07 21:42:00+00:00,3.919,1.7
boulder-53039,BOULDER / CARPENTER PARK1,boulder-carpenter-park,2023-01-07 23:02:00+00:00,0.772,0.25
boulder-53093,BOULDER / CARPENTER PARK2,boulder-carpenter-park,2023-01-08 12:28:00+00:00,27.076,4.483333333333333
boulder-53095,BOULDER / CARPENTER PARK1,boulder-carpenter-park,2023-01-08 14:02:00+00:00,0.568,0.16666666666666666
boulder-53109,BOULDER / CARPENTER PARK2,boulder-carpenter-park,2023-01-08 17:21:00+00:00,11.924,2.0
boulder-52814,BOULDER / CARPENTER PARK2,boulder-carpenter-park,2023-01-08 20:22:00+00:00,12.313,2.6
boulder-52832,BOULDER / CARPENTER PARK2,boulder-carpenter-park,2023-01-09 00:28:00+00:00,14.024,3.35
boulder-123149,BOULDER / CARPENTER PARK1,boulder-carpenter-park,2023-01-09 02:28:00+00:00,0.0,0.03333333333333333
boulder-52839,BOULDER / CARPENTER PARK1,boulder-carpenter-park,2023-01-09 02:28:00+00:00,0.0,0.03333333333333333
boulder-52840,BOULDER / CARPENTER PARK1,boulder-carpenter-park,2023-01-09 02:30:00+00:00,3.356,1.4333333333333333
boulder-52844,BOULDER / CARPENTER PARK2,boulder-carpenter-park,2023-01-09 05:54:00+00:00,11.541,3.0166666666666666
boulder-52847,BOULDER / CARPENTER PARK1,boulder-carpenter-park,2023-01-09 15:00:00+00:00,11.007,4.0
boulder-52849,BOULDER / CARPENTER PARK1,boulder-carpenter-park,2023-01-09 15:02:00+00:00,21.828,5.666666666666667
boulder-52921,BOULDER / CARPENTER PARK2,boulder-carpenter-park,2023-01-09 16:05:00+00:00,18.441,3.1666666666666665
boulder-123187,BOULDER / CARPENTER PARK2,boulder-carpenter-park,2023-01-09 18:46:00+00:00,0.0,0.0
boulder-53042,BOULDER / CARPENTER PARK2,boulder-carpenter-park,2023-01-09 18:46:00+00:00,0.0,0.0
boulder-53146,BOULDER / CARPENTER PARK2,boulder-carpenter-park,2023-01-09 23:43:00+00:00,6.009,1.0833333333333333
boulder-123215,BOULDER / CARPENTER PARK2,boulder-carpenter-park,2023-01-10 02:04:00+00:00,0.0,0.016666666666666666
boulder-53182,BOULDER / CARPENTER PARK2,boulder-carpenter-park,2023-01-10 02:04:00+00:00,0.0,0.016666666666666666
boulder-53188,BOULDER / CARPENTER PARK2,boulder-carpenter-park,2023-01-10 02:05:00+00:00,6.386,2.2666666666666666
boulder-52932,BOULDER / CARPENTER PARK1,boulder-carpenter-park,2023-01-10 14:55:00+00:00,5.29,4.05
boulder-52992,BOULDER / CARPENTER PARK2,boulder-carpenter-park,2023-01-10 15:27:00+00:00,15.057,2.4833333333333334
boulder-53091,BOULDER / CARPENTER PARK1,boulder-carpenter-park,2023-01-10 21:41:00+00:00,8.699,2.066666666666667
boulder-52864,BOULDER / CARPENTER PARK1,boulder-carpenter-park,2023-01-11 04:33:00+00:00,3.075,1.1666666666666667
boulder-52865,BOULDER / CARPENTER PARK2,boulder-carpenter-park,2023-01-11 05:37:00+00:00,6.861,4.15
boulder-123891,BOULDER / CARPENTER PARK1,boulder-carpenter-park,2023-01-11 14:42:00+00:00,0.0,0.03333333333333333
boulder-52874,BOULDER / CARPENTER PARK1,boulder-carpenter-park,2023-01-11 14:42:00+00:00,0.0,0.03333333333333333
boulder-123893,BOULDER / CARPENTER PARK1,boulder-carpenter-park,2023-01-11 14:45:00+00:00,0.0,0.05
boulder-52875,BOULDER / CARPENTER PARK1,boulder-carpenter-park,2023-01-11 14:45:00+00:00,0.0,0.05
boulder-52882,BOULDER / CARPENTER PARK2,boulder-carpenter-park,2023-01-11 15:54:00+00:00,11.442,4.4
boulder-52884,BOULDER / CARPENTER PARK1,boulder-carpenter-park,2023-01-11 16:16:00+00:00,15.444,2.7
boulder-52898,BOULDER / CARPENTER PARK1,boulder-carpenter-park,2023-01-11 18:52:00+00:00,12.394,4.8
boulder-124004,BOULDER / CARPENTER PARK2,boulder-carpenter-park,2023-01-12 04:29:00+00:00,0.0,0.03333333333333333
boulder-52894,BOULDER / CARPENTER PARK2,boulder-carpenter-park,2023-01-12 04:29:00+00:00,0.0,0.03333333333333333
boulder-52930,BOULDER / CARPENTER PARK2,boulder-carpenter-park,2023-01-12 04:33:00+00:00,2.647,1.2666666666666666
boulder-52943,BOULDER / CARPENTER PARK1,boulder-carpenter-park,2023-01-12 15:33:00+00:00,1.284,0.25
boulder-52951,BOULDER / CARPENTER PARK1,boulder-carpenter-park,2023-01-12 17:02:00+00:00,29.913,5.2
boulder-52957,BOULDER / CARPENTER PARK1,boulder-carpenter-park,2023-01-12 18:40:00+00:00,13.5,5.7
boulder-52965,BOULDER / CARPENTER PARK2,boulder-carpenter-park,2023-01-12 19:49:00+00:00,13.341,3.5833333333333335
boulder-52974,BOULDER / CARPENTER PARK2,boulder-carpenter-park,2023-01-12 23:09:00+00:00,0.016,0.016666666666666666
boulder-124163,BOULDER / CARPENTER PARK2,boulder-carpenter-park,2023-01-13 01:44:00+00:00,0.0,0.016666666666666666
boulder-52980,BOULDER / CARPENTER PARK2,boulder-carpenter-park,2023-01-13 01:44:00+00:00,0.0,0.016666666666666666
boulder-52981,BOULDER / CARPENTER PARK2,boulder-carpenter-park,2023-01-13 01:46:00+00:00,4.321,0.7333333333333333
boulder-124193,BOULDER / CARPENTER PARK1,boulder-carpenter-park,2023-01-13 14:45:00+00:00,0.0,0.016666666666666666
boulder-52985,BOULDER / CARPENTER PARK1,boulder-carpenter-park,2023-01-13 14:45:00+00:00,0.0,0.016666666666666666
boulder-52991,BOULDER / CARPENTER PARK1,boulder-carpenter-park,2023-01-13 14:47:00+00:00,41.832,7.016666666666667
boulder-52993,BOULDER / CARPENTER PARK1,boulder-carpenter-park,2023-01-13 14:52:00+00:00,10.799,4.3
boulder-52998,BOULDER / CARPENTER PARK2,boulder-carpenter-park,2023-01-13 15:02:00+00:00,38.884,6.733333333333333
boulder-53036,BOULDER / CARPENTER PARK2,boulder-carpenter-park,2023-01-13 15:47:00+00:00,8.235,2.5
boulder-53175,BOULDER / CARPENTER PARK1,boulder-carpenter-park,2023-01-13 23:33:00+00:00,3.1,0.55
boulder-53445,BOULDER / CARPENTER PARK2,boulder-carpenter-park,2023-01-14 17:21:00+00:00,6.955,3.283333333333333
boulder-124406,BOULDER / CARPENTER PARK1,boulder-carpenter-park,2023-01-14 19:32:00+00:00,0.0,0.05
boulder-53517,BOULDER / CARPENTER PARK1,boulder-carpenter-park,2023-01-14 19:32:00+00:00,0.0,0.05
boulder-53527,BOULDER / CARPENTER PARK1,boulder-carpenter-park,2023-01-14 19:44:00+00:00,5.335,0.8833333333333333
boulder-124424,BOULDER / CARPENTER PARK1,boulder-carpenter-park,2023-01-14 19:55:00+00:00,0.0,0.03333333333333333
boulder-53539,BOULDER / CARPENTER PARK1,boulder-carpenter-park,2023-01-14 19:55:00+00:00,0.0,0.03333333333333333
boulder-124427,BOULDER / CARPENTER PARK1,boulder-carpenter-park,2023-01-14 19:57:00+00:00,0.0,0.03333333333333333
boulder-53543,BOULDER / CARPENTER PARK1,boulder-carpenter-park,2023-01-14 19:57:00+00:00,0.0,0.03333333333333333
boulder-124430,BOULDER / CARPENTER PARK1,boulder-carpenter-park,2023-01-14 20:00:00+00:00,0.0,0.016666666666666666
boulder-53547,BOULDER / CARPENTER PARK1,boulder-carpenter-park,2023-01-14 20:00:00+00:00,0.0,0.016666666666666666
boulder-124433,BOULDER / CARPENTER PARK1,boulder-carpenter-park,2023-01-14 20:08:00+00:00,0.0,0.03333333333333333
boulder-53551,BOULDER / CARPENTER PARK1,boulder-carpenter-park,2023-01-14 20:08:00+00:00,0.0,0.03333333333333333
boulder-124436,BOULDER / CARPENTER PARK1,boulder-carpenter-park,2023-01-14 20:10:00+00:00,0.0,0.03333333333333333
boulder-53554,BOULDER / CARPENTER PARK1,boulder-carpenter-park,2023-01-14 20:10:00+00:00,0.0,0.03333333333333333
boulder-124463,BOULDER / CARPENTER PARK2,boulder-carpenter-park,2023-01-14 21:41:00+00:00,0.0,0.016666666666666666
boulder-53243,BOULDER / CARPENTER PARK2,boulder-carpenter-park,2023-01-14 21:41:00+00:00,0.0,0.016666666666666666
boulder-53276,BOULDER / CARPENTER PARK2,boulder-carpenter-park,2023-01-14 21:42:00+00:00,1.831,0.3333333333333333
boulder-124517,BOULDER / CARPENTER PARK1,boulder-carpenter-park,2023-01-15 02:13:00+00:00,0.0,0.016666666666666666
boulder-53338,BOULDER / CARPENTER PARK1,boulder-carpenter-park,2023-01-15 02:13:00+00:00,0.0,0.016666666666666666
boulder-124520,BOULDER / CARPENTER PARK1,boulder-carpenter-park,2023-01-15 02:15:00+00:00,0.0,0.016666666666666666
boulder-53339,BOULDER / CARPENTER PARK1,boulder-carpenter-park,2023-01-15 02:15:00+00:00,0.0,0.016666666666666666
boulder-124523,BOULDER / CARPENTER PARK1,boulder-carpenter-park,2023-01-15 02:19:00+00:00,0.0,0.03333333333333333
boulder-53340,BOULDER / CARPENTER PARK1,boulder-carpenter-park,2023-01-15 02:19:00+00:00,0.0,0.03333333333333333
boulder-53341,BOULDER / CARPENTER PARK2,boulder-carpenter-park,2023-01-15 02:20:00+00:00,45.575,8.283333333333333
boulder-124544,BOULDER / CARPENTER PARK1,boulder-carpenter-park,2023-01-15 04:08:00+00:00,0.0,0.016666666666666666
boulder-53346,BOULDER / CARPENTER PARK1,boulder-carpenter-park,2023-01-15 04:08:00+00:00,0.0,0.016666666666666666
boulder-53347,BOULDER / CARPENTER PARK1,boulder-carpenter-park,2023-01-15 04:10:00+00:00,1.367,0.48333333333333334
boulder-124562,BOULDER / CARPENTER PARK1,boulder-carpenter-park,2023-01-15 14:36:00+00:00,0.0,0.03333333333333333
boulder-124565,BOULDER / CARPENTER PARK2,boulder-carpenter-park,2023-01-15 14:36:00+00:00,0.0,0.03333333333333333
boulder-53352,BOULDER / CARPENTER PARK1,boulder-carpenter-park,2023-01-15 14:36:00+00:00,0.0,0.03333333333333333
boulder-53353,BOULDER / CARPENTER PARK2,boulder-carpenter-park,2023-01-15 14:36:00+00:00,0.0,0.03333333333333333
boulder-53354,BOULDER / CARPENTER PARK2,boulder-carpenter-park,2023-01-15 14:39:00+00:00,7.512,3.6666666666666665
boulder-124593,BOULDER / CARPENTER PARK1,boulder-carpenter-park,2023-01-15 17:00:00+00:00,0.0,0.016666666666666666
boulder-53362,BOULDER / CARPENTER PARK1,boulder-carpenter-park,2023-01-15 17:00:00+00:00,0.0,0.016666666666666666
boulder-53363,BOULDER / CARPENTER PARK1,boulder-carpenter-park,2023-01-15 17:01:00+00:00,5.241,0.8833333333333333
boulder-124599,BOULDER / CARPENTER PARK1,boulder-carpenter-park,2023-01-15 17:07:00+00:00,0.0,0.0
boulder-53364,BOULDER / CARPENTER PARK1,boulder-carpenter-park,2023-01-15 17:07:00+00:00,0.0,0.0
boulder-53217,BOULDER / CARPENTER PARK2,boulder-carpenter-park,2023-01-15 18:44:00+00:00,25.358,4.266666666666667
boulder-53220,BOULDER / CARPENTER PARK1,boulder-carpenter-park,2023-01-15 19:02:00+00:00,20.035,3.4
boulder-53283,BOULDER / CARPENTER PARK1,boulder-carpenter-park,2023-01-15 19:13:00+00:00,20.456,3.433333333333333
boulder-53471,BOULDER / CARPENTER PARK1,boulder-carpenter-park,2023-01-15 23:01:00+00:00,11.09,1.8833333333333333
boulder-124733,BOULDER / CARPENTER PARK2,boulder-carpenter-park,2023-01-16 02:24:00+00:00,0.0,0.016666666666666666
boulder-53524,BOULDER / CARPENTER PARK2,boulder-carpenter-park,2023-01-16 02:24:00+00:00,0.0,0.016666666666666666
boulder-124736,BOULDER / CARPENTER PARK2,boulder-carpenter-park,2023-01-16 02:25:00+00:00,0.0,0.016666666666666666
boulder-53533,BOULDER / CARPENTER PARK2,boulder-carpenter-park,2023-01-16 02:25:00+00:00,0.0,0.016666666666666666
boulder-53537,BOULDER / CARPENTER PARK2,boulder-carpenter-park,2023-01-16 02:26:00+00:00,43.151,10.216666666666667
boulder-53561,BOULDER / CARPENTER PARK1,boulder-carpenter-park,2023-01-16 15:54:00+00:00,24.706,4.183333333333334
boulder-124772,BOULDER / CARPENTER PARK2,boulder-carpenter-park,2023-01-16 17:53:00+00:00,0.0,0.016666666666666666
boulder-53275,BOULDER / CARPENTER PARK2,boulder-carpenter-park,2023-01-16 17:53:00+00:00,0.0,0.016666666666666666
boulder-53288,BOULDER / CARPENTER PARK2,boulder-carpenter-park,2023-01-16 17:54:00+00:00,0.806,0.5666666666666667
boulder-53301,BOULDER / CARPENTER PARK1,boulder-carpenter-park,2023-01-16 18:05:00+00:00,7.101,3.0
boulder-53432,BOULDER / CARPENTER PARK1,boulder-carpenter-park,2023-01-16 20:37:00+00:00,9.473,1.6
boulder-53446,BOULDER / CARPENTER PARK2,boulder-carpenter-park,2023-01-16 20:47:00+00:00,8.491,1.4666666666666666
boulder-53470,BOULDER / CARPENTER PARK2,boulder-carpenter-park,2023-01-16 21:40:00+00:00,3.139,0.5333333333333333
boulder-53202,BOULDER / CARPENTER PARK2,boulder-carpenter-park,2023-01-17 14:35:00+00:00,37.409,7.066666666666666
boulder-53204,BOULDER / CARPENTER PARK1,boulder-carpenter-park,2023-01-17 14:48:00+00:00,5.124,5.116666666666666
boulder-124912,BOULDER / CARPENTER PARK1,boulder-carpenter-park,2023-01-17 14:57:00+00:00,0.0,0.016666666666666666
boulder-53207,BOULDER / CARPENTER PARK1,boulder-carpenter-park,2023-01-17 14:57:00+00:00,0.0,0.016666666666666666
boulder-124913,BOULDER / CARPENTER PARK1,boulder-carpenter-park,2023-01-17 14:58:00+00:00,0.0,0.016666666666666666
boulder-53210,BOULDER / CARPENTER PARK1,boulder-carpenter-park,2023-01-17 14:58:00+00:00,0.0,0.016666666666666666
boulder-53213,BOULDER / CARPENTER PARK2,boulder-carpenter-park,2023-01-17 15:01:00+00:00,21.913,3.6333333333333333
boulder-124966,BOULDER / CARPENTER PARK1,boulder-carpenter-park,2023-01-17 18:35:00+00:00,0.0,0.016666666666666666
boulder-53245,BOULDER / CARPENTER PARK1,boulder-carpenter-park,2023-01-17 18:35:00+00:00,0.0,0.016666666666666666
boulder-53246,BOULDER / CARPENTER PARK2,boulder-carpenter-park,2023-01-17 18:44:00+00:00,3.675,0.6333333333333333
boulder-124972,BOULDER / CARPENTER PARK1,boulder-carpenter-park,2023-01-17 19:04:00+00:00,0.0,1.9333333333333333
boulder-53247,BOULDER / CARPENTER PARK1,boulder-carpenter-park,2023-01-17 19:04:00+00:00,0.0,1.9333333333333333
boulder-53250,BOULDER / CARPENTER PARK2,boulder-carpenter-park,2023-01-17 19:30:00+00:00,22.678,3.75
boulder-53258,BOULDER / CARPENTER PARK1,boulder-carpenter-park,2023-01-17 21:17:00+00:00,1.907,0.3333333333333333
boulder-125031,BOULDER / CARPENTER PARK1,boulder-carpenter-park,2023-01-17 23:55:00+00:00,0.0,0.0
boulder-53268,BOULDER / CARPENTER PARK1,boulder-carpenter-park,2023-01-17 23:55:00+00:00,0.0,0.0
boulder-53269,BOULDER / CARPENTER PARK1,boulder-carpenter-park,2023-01-17 23:56:00+00:00,2.06,0.55
boulder-53302,BOULDER / CARPENTER PARK2,boulder-carpenter-park,2023-01-18 05:52:00+00:00,13.703,3.216666666666667
boulder-125057,BOULDER / CARPENTER PARK1,boulder-carpenter-park,2023-01-18 14:30:00+00:00,0.002,0.016666666666666666
boulder-53311,BOULDER / CARPENTER PARK1,boulder-carpenter-park,2023-01-18 14:30:00+00:00,0.002,0.016666666666666666
boulder-125061,BOULDER / CARPENTER PARK1,boulder-carpenter-park,2023-01-18 14:31:00+00:00,0.0,0.016666666666666666
boulder-53316,BOULDER / CARPENTER PARK1,boulder-carpenter-park,2023-01-18 14:31:00+00:00,0.0,0.016666666666666666
boulder-53323,BOULDER / CARPENTER PARK1,boulder-carpenter-park,2023-01-18 14:32:00+00:00,0.101,0.03333333333333333
boulder-53392,BOULDER / CARPENTER PARK2,boulder-carpenter-park,2023-01-18 20:48:00+00:00,3.699,0.6166666666666667
boulder-125088,BOULDER / CARPENTER PARK2,boulder-carpenter-park,2023-01-18 21:31:00+00:00,0.0,0.016666666666666666
boulder-53431,BOULDER / CARPENTER PARK2,boulder-carpenter-park,2023-01-18 21:31:00+00:00,0.0,0.016666666666666666
boulder-53435,BOULDER / CARPENTER PARK2,boulder-carpenter-park,2023-01-18 21:32:00+00:00,8.478,1.5
boulder-53443,BOULDER / CARPENTER PARK1,boulder-carpenter-park,2023-01-18 22:29:00+00:00,3.58,1.1166666666666667
boulder-125131,BOULDER / CARPENTER PARK1,boulder-carpenter-park,2023-01-19 14:48:00+00:00,0.0,0.016666666666666666
boulder-53496,BOULDER / CARPENTER PARK1,boulder-carpenter-park,2023-01-19 14:48:00+00:00,0.0,0.016666666666666666
boulder-125134,BOULDER / CARPENTER PARK1,boulder-carpenter-park,2023-01-19 14:50:00+00:00,0.0,0.016666666666666666
boulder-53500,BOULDER / CARPENTER PARK1,boulder-carpenter-park,2023-01-19 14:50:00+00:00,0.0,0.016666666666666666
boulder-125137,BOULDER / CARPENTER PARK1,boulder-carpenter-park,2023-01-19 14:51:00+00:00,0.0,0.0
boulder-53510,BOULDER / CARPENTER PARK1,boulder-carpenter-park,2023-01-19 14:51:00+00:00,0.0,0.0
boulder-53520,BOULDER / CARPENTER PARK2,boulder-carpenter-park,2023-01-19 15:15:00+00:00,27.56,4.55
boulder-53529,BOULDER / CARPENTER PARK1,boulder-carpenter-park,2023-01-19 15:37:00+00:00,1.321,0.23333333333333334
boulder-125180,BOULDER / CARPENTER PARK1,boulder-carpenter-park,2023-01-19 18:10:00+00:00,0.0,0.03333333333333333
boulder-53573,BOULDER / CARPENTER PARK1,boulder-carpenter-park,2023-01-19 18:10:00+00:00,0.0,0.03333333333333333
boulder-53594,BOULDER / CARPENTER PARK1,boulder-carpenter-park,2023-01-19 19:06:00+00:00,5.544,1.7
boulder-53205,BOULDER / CARPENTER PARK2,boulder-carpenter-park,2023-01-19 20:23:00+00:00,1.85,0.3333333333333333
boulder-53224,BOULDER / CARPENTER PARK1,boulder-carpenter-park,2023-01-19 23:08:00+00:00,30.26,5.266666666666667
boulder-123725,BOULDER / CARPENTER PARK1,boulder-carpenter-park,2023-01-20 00:09:00+00:00,0.0,0.03333333333333333
boulder-53297,BOULDER / CARPENTER PARK1,boulder-carpenter-park,2023-01-20 00:09:00+00:00,0.0,0.03333333333333333
boulder-53303,BOULDER / CARPENTER PARK2,boulder-carpenter-park,2023-01-20 00:09:00+00:00,4.378,0.7833333333333333
boulder-53326,BOULDER / CARPENTER PARK2,boulder-carpenter-park,2023-01-20 01:29:00+00:00,10.624,2.5
boulder-53408,BOULDER / CARPENTER PARK1,boulder-carpenter-park,2023-01-20 14:30:00+00:00,25.919,6.216666666666667
boulder-123740,BOULDER / CARPENTER PARK2,boulder-carpenter-park,2023-01-20 14:50:00+00:00,0.0,0.0
boulder-53409,BOULDER / CARPENTER PARK2,boulder-carpenter-park,2023-01-20 14:50:00+00:00,0.0,0.0
boulder-123742,BOULDER / CARPENTER PARK1,boulder-carpenter-park,2023-01-20 14:51:00+00:00,0.0,0.03333333333333333
boulder-53410,BOULDER / CARPENTER PARK2,boulder-carpenter-park,2023-01-20 14:51:00+00:00,16.658,4.933333333333334
boulder-53411,BOULDER / CARPENTER PARK1,boulder-carpenter-park,2023-01-20 14:51:00+00:00,0.0,0.03333333333333333
boulder-123744,BOULDER / CARPENTER PARK1,boulder-carpenter-park,2023-01-20 14:53:00+00:00,0.0,0.016666666666666666
boulder-53413,BOULDER / CARPENTER PARK1,boulder-carpenter-park,2023-01-20 14:53:00+00:00,0.0,0.016666666666666666
boulder-123745,BOULDER / CARPENTER PARK1,boulder-carpenter-park,2023-01-20 14:55:00+00:00,0.0,0.016666666666666666
boulder-53414,BOULDER / CARPENTER PARK1,boulder-carpenter-park,2023-01-20 14:55:00+00:00,0.0,0.016666666666666666
boulder-123746,BOULDER / CARPENTER PARK2,boulder-carpenter-park,2023-01-20 14:57:00+00:00,0.0,0.016666666666666666
boulder-53415,BOULDER / CARPENTER PARK2,boulder-carpenter-park,2023-01-20 14:57:00+00:00,0.0,0.016666666666666666
boulder-123754,BOULDER / CARPENTER PARK1,boulder-carpenter-park,2023-01-20 16:42:00+00:00,0.0,0.03333333333333333
boulder-53420,BOULDER / CARPENTER PARK1,boulder-carpenter-park,2023-01-20 16:42:00+00:00,0.0,0.03333333333333333
boulder-123758,BOULDER / CARPENTER PARK1,boulder-carpenter-park,2023-01-20 17:31:00+00:00,0.0,0.016666666666666666
boulder-53422,BOULDER / CARPENTER PARK1,boulder-carpenter-park,2023-01-20 17:31:00+00:00,0.0,0.016666666666666666
boulder-123783,BOULDER / CARPENTER PARK2,boulder-carpenter-park,2023-01-20 17:35:00+00:00,0.0,0.0
boulder-53424,BOULDER / CARPENTER PARK2,boulder-carpenter-park,2023-01-20 17:35:00+00:00,0.0,0.0
boulder-123797,BOULDER / CARPENTER PARK1,boulder-carpenter-park,2023-01-20 18:00:00+00:00,0.0,0.016666666666666666
boulder-53426,BOULDER / CARPENTER PARK1,boulder-carpenter-park,2023-01-20 18:00:00+00:00,0.0,0.016666666666666666
boulder-123857,BOULDER / CARPENTER PARK2,boulder-carpenter-park,2023-01-20 19:50:00+00:00,0.0,0.016666666666666666
boulder-53385,BOULDER / CARPENTER PARK2,boulder-carpenter-park,2023-01-20 19:50:00+00:00,0.0,0.016666666666666666
boulder-53390,BOULDER / CARPENTER PARK2,boulder-carpenter-park,2023-01-20 19:51:00+00:00,9.403,4.466666666666667
boulder-53438,BOULDER / CARPENTER PARK1,boulder-carpenter-park,2023-01-20 21:15:00+00:00,5.706,1.7333333333333334
boulder-123936,BOULDER / CARPENTER PARK1,boulder-carpenter-park,2023-01-21 00:59:00+00:00,0.0,0.016666666666666666
boulder-53556,BOULDER / CARPENTER PARK1,boulder-carpenter-park,2023-01-21 00:59:00+00:00,0.0,0.016666666666666666
boulder-53565,BOULDER / CARPENTER PARK2,boulder-carpenter-park,2023-01-21 01:02:00+00:00,3.354,0.5666666666666667
boulder-124003,BOULDER / CARPENTER PARK1,boulder-carpenter-park,2023-01-21 17:11:00+00:00,0.0,0.03333333333333333
boulder-53710,BOULDER / CARPENTER PARK1,boulder-carpenter-park,2023-01-21 17:11:00+00:00,0.0,0.03333333333333333
boulder-124006,BOULDER / CARPENTER PARK1,boulder-carpenter-park,2023-01-21 17:13:00+00:00,0.0,0.1
boulder-53715,BOULDER / CARPENTER PARK1,boulder-carpenter-park,2023-01-21 17:13:00+00:00,0.0,0.1
boulder-124009,BOULDER / CARPENTER PARK1,boulder-carpenter-park,2023-01-21 17:19:00+00:00,0.0,0.016666666666666666
boulder-53722,BOULDER / CARPENTER PARK1,boulder-carpenter-park,2023-01-21 17:19:00+00:00,0.0,0.016666666666666666
boulder-53731,BOULDER / CARPENTER PARK2,boulder-carpenter-park,2023-01-21 17:21:00+00:00,8.945,1.4833333333333334
boulder-53870,BOULDER / CARPENTER PARK1,boulder-carpenter-park,2023-01-21 20:22:00+00:00,2.372,0.9166666666666666
boulder-53965,BOULDER / CARPENTER PARK1,boulder-carpenter-park,2023-01-21 23:55:00+00:00,0.426,0.15
boulder-53717,BOULDER / CARPENTER PARK2,boulder-carpenter-park,2023-01-22 18:34:00+00:00,0.014,0.016666666666666666
boulder-53724,BOULDER / CARPENTER PARK2,boulder-carpenter-park,2023-01-22 18:36:00+00:00,4.597,1.55
boulder-124168,BOULDER / CARPENTER PARK1,boulder-carpenter-park,2023-01-22 19:03:00+00:00,0.0,0.016666666666666666
boulder-53743,BOULDER / CARPENTER PARK1,boulder-carpenter-park,2023-01-22 19:03:00+00:00,0.0,0.016666666666666666
boulder-124170,BOULDER / CARPENTER PARK1,boulder-carpenter-park,2023-01-22 19:04:00+00:00,0.0,0.016666666666666666
boulder-53754,BOULDER / CARPENTER PARK1,boulder-carpenter-park,2023-01-22 19:04:00+00:00,0.0,0.016666666666666666
boulder-53761,BOULDER / CARPENTER PARK1,boulder-carpenter-park,2023-01-22 19:16:00+00:00,19.632,3.283333333333333
boulder-124180,BOULDER / CARPENTER PARK1,boulder-carpenter-park,2023-01-22 20:11:00+00:00,0.0,0.05
boulder-53789,BOULDER / CARPENTER PARK1,boulder-carpenter-park,2023-01-22 20:11:00+00:00,0.0,0.05
boulder-124183,BOULDER / CARPENTER PARK1,boulder-carpenter-park,2023-01-22 20:14:00+00:00,0.0,0.016666666666666666
boulder-53825,BOULDER / CARPENTER PARK1,boulder-carpenter-park,2023-01-22 20:14:00+00:00,0.0,0.016666666666666666
boulder-53835,BOULDER / CARPENTER PARK2,boulder-carpenter-park,2023-01-22 20:16:00+00:00,6.526,1.0833333333333333
boulder-53858,BOULDER / CARPENTER PARK2,boulder-carpenter-park,2023-01-22 20:49:00+00:00,4.57,0.7666666666666667
boulder-124208,BOULDER / CARPENTER PARK1,boulder-carpenter-park,2023-01-22 21:06:00+00:00,0.0,0.016666666666666666
boulder-53883,BOULDER / CARPENTER PARK1,boulder-carpenter-park,2023-01-22 21:06:00+00:00,0.0,0.016666666666666666
boulder-53905,BOULDER / CARPENTER PARK1,boulder-carpenter-park,2023-01-22 22:53:00+00:00,4.169,0.9166666666666666
boulder-53919,BOULDER / CARPENTER PARK2,boulder-carpenter-park,2023-01-22 23:02:00+00:00,1.042,0.5166666666666667
boulder-53957,BOULDER / CARPENTER PARK2,boulder-carpenter-park,2023-01-23 01:23:00+00:00,13.337,4.35
boulder-53983,BOULDER / CARPENTER PARK2,boulder-carpenter-park,2023-01-23 15:00:00+00:00,16.293,7.6
boulder-53999,BOULDER / CARPENTER PARK1,boulder-carpenter-park,2023-01-23 15:38:00+00:00,23.733,4.066666666666666
boulder-124288,BOULDER / CARPENTER PARK1,boulder-carpenter-park,2023-01-23 16:06:00+00:00,0.0,0.016666666666666666
boulder-53604,BOULDER / CARPENTER PARK1,boulder-carpenter-park,2023-01-23 16:06:00+00:00,0.0,0.016666666666666666
boulder-124291,BOULDER / CARPENTER PARK1,boulder-carpenter-park,2023-01-23 16:07:00+00:00,0.0,0.016666666666666666
boulder-53607,BOULDER / CARPENTER PARK1,boulder-carpenter-park,2023-01-23 16:07:00+00:00,0.0,0.016666666666666666
boulder-124294,BOULDER / CARPENTER PARK2,boulder-carpenter-park,2023-01-23 16:09:00+00:00,0.0,0.016666666666666666
boulder-53611,BOULDER / CARPENTER PARK2,boulder-carpenter-park,2023-01-23 16:09:00+00:00,0.0,0.016666666666666666
boulder-124306,BOULDER / CARPENTER PARK1,boulder-carpenter-park,2023-01-23 16:53:00+00:00,0.0,0.016666666666666666
boulder-53627,BOULDER / CARPENTER PARK1,boulder-carpenter-park,2023-01-23 16:53:00+00:00,0.0,0.016666666666666666
boulder-53628,BOULDER / CARPENTER PARK1,boulder-carpenter-park,2023-01-23 16:55:00+00:00,29.495,5.066666666666666
boulder-124323,BOULDER / CARPENTER PARK2,boulder-carpenter-park,2023-01-23 19:00:00+00:00,0.0,0.03333333333333333
boulder-53632,BOULDER / CARPENTER PARK2,boulder-carpenter-park,2023-01-23 19:00:00+00:00,0.0,0.03333333333333333
boulder-53643,BOULDER / CARPENTER PARK1,boulder-carpenter-park,2023-01-23 21:06:00+00:00,12.095,3.683333333333333
boulder-53645,BOULDER / CARPENTER PARK1,boulder-carpenter-park,2023-01-23 22:19:00+00:00,22.081,3.683333333333333
boulder-53649,BOULDER / CARPENTER PARK2,boulder-carpenter-park,2023-01-23 23:10:00+00:00,9.479,1.5833333333333333
boulder-53654,BOULDER / CARPENTER PARK1,boulder-carpenter-park,2023-01-24 01:17:00+00:00,3.825,0.6666666666666666
boulder-53661,BOULDER / CARPENTER PARK2,boulder-carpenter-park,2023-01-24 03:15:00+00:00,8.551,2.783333333333333
boulder-53662,BOULDER / CARPENTER PARK1,boulder-carpenter-park,2023-01-24 03:44:00+00:00,13.434,4.4
boulder-53664,BOULDER / CARPENTER PARK2,boulder-carpenter-park,2023-01-24 05:00:00+00:00,1.773,0.3
boulder-53669,BOULDER / CARPENTER PARK1,boulder-carpenter-park,2023-01-24 14:30:00+00:00,33.037,5.783333333333333
boulder-53670,BOULDER / CARPENTER PARK2,boulder-carpenter-park,2023-01-24 14:52:00+00:00,11.508,3.216666666666667
boulder-53606,BOULDER / CARPENTER PARK1,boulder-carpenter-park,2023-01-24 15:20:00+00:00,21.608,3.6333333333333333
boulder-124467,BOULDER / CARPENTER PARK2,boulder-carpenter-park,2023-01-24 17:51:00+00:00,0.0,0.16666666666666666
boulder-53716,BOULDER / CARPENTER PARK2,boulder-carpenter-park,2023-01-24 17:51:00+00:00,0.0,0.16666666666666666
boulder-124469,BOULDER / CARPENTER PARK2,boulder-carpenter-park,2023-01-24 18:04:00+00:00,0.0,0.016666666666666666
boulder-53723,BOULDER / CARPENTER PARK2,boulder-carpenter-park,2023-01-24 18:04:00+00:00,0.0,0.016666666666666666
boulder-124472,BOULDER / CARPENTER PARK2,boulder-carpenter-park,2023-01-24 18:06:00+00:00,0.0,0.03333333333333333
boulder-53729,BOULDER / CARPENTER PARK2,boulder-carpenter-park,2023-01-24 18:06:00+00:00,0.0,0.03333333333333333
boulder-124479,BOULDER / CARPENTER PARK2,boulder-carpenter-park,2023-01-24 18:13:00+00:00,0.0,0.03333333333333333
boulder-53741,BOULDER / CARPENTER PARK2,boulder-carpenter-park,2023-01-24 18:13:00+00:00,0.0,0.03333333333333333
boulder-124482,BOULDER / CARPENTER PARK2,boulder-carpenter-park,2023-01-24 18:15:00+00:00,0.0,0.03333333333333333
boulder-53748,BOULDER / CARPENTER PARK2,boulder-carpenter-park,2023-01-24 18:15:00+00:00,0.0,0.03333333333333333
boulder-53781,BOULDER / CARPENTER PARK2,boulder-carpenter-park,2023-01-24 20:55:00+00:00,1.022,0.4166666666666667
boulder-124502,BOULDER / CARPENTER PARK2,boulder-carpenter-park,2023-01-24 21:54:00+00:00,0.0,0.016666666666666666
boulder-53826,BOULDER / CARPENTER PARK2,boulder-carpenter-park,2023-01-24 21:54:00+00:00,0.0,0.016666666666666666
boulder-53830,BOULDER / CARPENTER PARK2,boulder-carpenter-park,2023-01-24 21:55:00+00:00,4.249,1.3
boulder-53836,BOULDER / CARPENTER PARK1,boulder-carpenter-park,2023-01-24 21:55:00+00:00,35.202,6.9
boulder-53842,BOULDER / CARPENTER PARK1,boulder-carpenter-park,2023-01-24 22:28:00+00:00,9.27,3.35
boulder-124519,BOULDER / CARPENTER PARK2,boulder-carpenter-park,2023-01-24 22:37:00+00:00,0.0,0.016666666666666666
boulder-53854,BOULDER / CARPENTER PARK2,boulder-carpenter-park,2023-01-24 22:37:00+00:00,0.0,0.016666666666666666
boulder-53924,BOULDER / CARPENTER PARK2,boulder-carpenter-park,2023-01-25 01:28:00+00:00,4.887,1.35
boulder-53691,BOULDER / CARPENTER PARK1,boulder-carpenter-park,2023-01-25 14:13:00+00:00,7.841,2.4
boulder-53727,BOULDER / CARPENTER PARK1,boulder-carpenter-park,2023-01-25 15:24:00+00:00,26.337,4.516666666666667
boulder-53770,BOULDER / CARPENTER PARK2,boulder-carpenter-park,2023-01-25 16:14:00+00:00,22.384,3.816666666666667
boulder-124671,BOULDER / CARPENTER PARK1,boulder-carpenter-park,2023-01-25 18:27:00+00:00,0.0,2.65
boulder-53872,BOULDER / CARPENTER PARK1,boulder-carpenter-park,2023-01-25 18:27:00+00:00,0.0,2.65
boulder-53614,BOULDER / CARPENTER PARK1,boulder-carpenter-park,2023-01-26 00:09:00+00:00,0.929,0.35
boulder-53711,BOULDER / CARPENTER PARK2,boulder-carpenter-park,2023-01-26 03:31:00+00:00,13.316,3.4833333333333334
boulder-124760,BOULDER / CARPENTER PARK1,boulder-carpenter-park,2023-01-26 13:48:00+00:00,0.0,0.03333333333333333
boulder-53733,BOULDER / CARPENTER PARK1,boulder-carpenter-park,2023-01-26 13:48:00+00:00,0.0,0.03333333333333333
boulder-53738,BOULDER / CARPENTER PARK1,boulder-carpenter-park,2023-01-26 13:51:00+00:00,12.464,5.7
boulder-53757,BOULDER / CARPENTER PARK2,boulder-carpenter-park,2023-01-26 14:55:00+00:00,8.537,3.55
boulder-53769,BOULDER / CARPENTER PARK1,boulder-carpenter-park,2023-01-26 15:29:00+00:00,1.261,0.36666666666666664
boulder-124796,BOULDER / CARPENTER PARK1,boulder-carpenter-park,2023-01-26 17:03:00+00:00,0.0,0.03333333333333333
boulder-53840,BOULDER / CARPENTER PARK1,boulder-carpenter-park,2023-01-26 17:03:00+00:00,0.0,0.03333333333333333
boulder-124799,BOULDER / CARPENTER PARK1,boulder-carpenter-park,2023-01-26 17:05:00+00:00,0.0,0.016666666666666666
boulder-53845,BOULDER / CARPENTER PARK1,boulder-carpenter-park,2023-01-26 17:05:00+00:00,0.0,0.016666666666666666
boulder-124816,BOULDER / CARPENTER PARK1,boulder-carpenter-park,2023-01-26 18:05:00+00:00,0.0,0.03333333333333333
boulder-53886,BOULDER / CARPENTER PARK1,boulder-carpenter-park,2023-01-26 18:05:00+00:00,0.0,0.03333333333333333
boulder-124825,BOULDER / CARPENTER PARK1,boulder-carpenter-park,2023-01-26 18:09:00+00:00,0.0,0.03333333333333333
boulder-53903,BOULDER / CARPENTER PARK1,boulder-carpenter-park,2023-01-26 18:09:00+00:00,0.0,0.03333333333333333
boulder-53922,BOULDER / CARPENTER PARK2,boulder-carpenter-park,2023-01-26 19:00:00+00:00,6.596,1.9833333333333334
boulder-53934,BOULDER / CARPENTER PARK1,boulder-carpenter-park,2023-01-26 19:32:00+00:00,9.999,4.466666666666667
boulder-53956,BOULDER / CARPENTER PARK1,boulder-carpenter-park,2023-01-26 20:54:00+00:00,5.741,2.15
boulder-53968,BOULDER / CARPENTER PARK2,boulder-carpenter-park,2023-01-26 22:00:00+00:00,0.074,0.3
boulder-53972,BOULDER / CARPENTER PARK2,boulder-carpenter-park,2023-01-26 22:22:00+00:00,1.403,0.5166666666666667
boulder-124950,BOULDER / CARPENTER PARK2,boulder-carpenter-park,2023-01-27 12:06:00+00:00,0.0,0.03333333333333333
boulder-53765,BOULDER / CARPENTER PARK2,boulder-carpenter-park,2023-01-27 12:06:00+00:00,0.0,0.03333333333333333
boulder-53771,BOULDER / CARPENTER PARK2,boulder-carpenter-park,2023-01-27 12:09:00+00:00,46.483,10.233333333333333
boulder-53800,BOULDER / CARPENTER PARK1,boulder-carpenter-park,2023-01-27 15:36:00+00:00,22.335,4.0
boulder-53811,BOULDER / CARPENTER PARK1,boulder-carpenter-park,2023-01-27 16:25:00+00:00,25.536,5.633333333333334
boulder-53686,BOULDER / CARPENTER PARK1,boulder-carpenter-park,2023-01-27 21:44:00+00:00,5.179,0.9
boulder-125090,BOULDER / CARPENTER PARK2,boulder-carpenter-park,2023-01-27 22:59:00+00:00,0.0,0.05
boulder-53699,BOULDER / CARPENTER PARK2,boulder-carpenter-park,2023-01-27 22:59:00+00:00,0.0,0.05
boulder-53728,BOULDER / CARPENTER PARK1,boulder-carpenter-park,2023-01-27 23:24:00+00:00,7.996,1.4666666666666666
boulder-53735,BOULDER / CARPENTER PARK1,boulder-carpenter-park,2023-01-27 23:30:00+00:00,5.931,1.05
boulder-125119,BOULDER / CARPENTER PARK2,boulder-carpenter-park,2023-01-27 23:49:00+00:00,0.0,0.0
boulder-53760,BOULDER / CARPENTER PARK2,boulder-carpenter-park,2023-01-27 23:49:00+00:00,0.0,0.0
boulder-125126,BOULDER / CARPENTER PARK2,boulder-carpenter-park,2023-01-28 00:06:00+00:00,0.0,0.0
boulder-53779,BOULDER / CARPENTER PARK2,boulder-carpenter-park,2023-01-28 00:06:00+00:00,0.0,0.0
boulder-53824,BOULDER / CARPENTER PARK2,boulder-carpenter-park,2023-01-28 00:07:00+00:00,6.248,1.0666666666666667
boulder-53843,BOULDER / CARPENTER PARK2,boulder-carpenter-park,2023-01-28 00:24:00+00:00,2.794,0.4666666666666667
boulder-53896,BOULDER / CARPENTER PARK2,boulder-carpenter-park,2023-01-28 02:19:00+00:00,37.49,6.366666666666666
boulder-53904,BOULDER / CARPENTER PARK1,boulder-carpenter-park,2023-01-28 03:22:00+00:00,8.933,2.8333333333333335
boulder-53916,BOULDER / CARPENTER PARK1,boulder-carpenter-park,2023-01-28 14:15:00+00:00,0.76,0.21666666666666667
boulder-125192,BOULDER / CARPENTER PARK2,boulder-carpenter-park,2023-01-28 15:17:00+00:00,0.0,0.016666666666666666
boulder-53953,BOULDER / CARPENTER PARK2,boulder-carpenter-park,2023-01-28 15:17:00+00:00,0.0,0.016666666666666666
boulder-53958,BOULDER / CARPENTER PARK2,boulder-carpenter-park,2023-01-28 15:18:00+00:00,9.074,22.916666666666668
boulder-123235,BOULDER / CARPENTER PARK1,boulder-carpenter-park,2023-01-28 17:19:00+00:00,0.0,0.03333333333333333
boulder-54129,BOULDER / CARPENTER PARK1,boulder-carpenter-park,2023-01-28 17:19:00+00:00,0.0,0.03333333333333333
boulder-54138,BOULDER / CARPENTER PARK1,boulder-carpenter-park,2023-01-28 17:24:00+00:00,9.402,1.6166666666666667
boulder-54155,BOULDER / CARPENTER PARK1,boulder-carpenter-park,2023-01-28 17:42:00+00:00,40.013,7.35
boulder-54165,BOULDER / CARPENTER PARK1,boulder-carpenter-park,2023-01-28 19:45:00+00:00,7.953,2.45
boulder-54167,BOULDER / CARPENTER PARK2,boulder-carpenter-park,2023-01-28 20:05:00+00:00,3.614,1.4166666666666667
boulder-54186,BOULDER / CARPENTER PARK2,boulder-carpenter-park,2023-01-29 14:12:00+00:00,1.013,0.3
boulder-123294,BOULDER / CARPENTER PARK1,boulder-carpenter-park,2023-01-29 20:56:00+00:00,0.0,0.03333333333333333
boulder-54209,BOULDER / CARPENTER PARK1,boulder-carpenter-park,2023-01-29 20:56:00+00:00,0.0,0.03333333333333333
boulder-54215,BOULDER / CARPENTER PARK1,boulder-carpenter-park,2023-01-29 20:58:00+00:00,11.668,2.183333333333333
boulder-54263,BOULDER / CARPENTER PARK1,boulder-carpenter-park,2023-01-29 23:16:00+00:00,1.914,0.7166666666666667
boulder-54284,BOULDER / CARPENTER PARK1,boulder-carpenter-park,2023-01-30 00:01:00+00:00,0.645,0.26666666666666666
boulder-123304,BOULDER / CARPENTER PARK1,boulder-carpenter-park,2023-01-30 00:14:00+00:00,0.0,0.03333333333333333
boulder-54289,BOULDER / CARPENTER PARK1,boulder-carpenter-park,2023-01-30 00:14:00+00:00,0.0,0.03333333333333333
boulder-123306,BOULDER / CARPENTER PARK1,boulder-carpenter-park,2023-01-30 00:44:00+00:00,0.0,0.03333333333333333
boulder-54299,BOULDER / CARPENTER PARK1,boulder-carpenter-park,2023-01-30 00:44:00+00:00,0.0,0.03333333333333333
boulder-123307,BOULDER / CARPENTER PARK2,boulder-carpenter-park,2023-01-30 00:45:00+00:00,0.0,0.016666666666666666
boulder-54308,BOULDER / CARPENTER PARK2,boulder-carpenter-park,2023-01-30 00:45:00+00:00,0.0,0.016666666666666666
boulder-123309,BOULDER / CARPENTER PARK1,boulder-carpenter-park,2023-01-30 00:48:00+00:00,0.0,0.03333333333333333
boulder-54313,BOULDER / CARPENTER PARK1,boulder-carpenter-park,2023-01-30 00:48:00+00:00,0.74,0.15
boulder-54318,BOULDER / CARPENTER PARK1,boulder-carpenter-park,2023-01-30 00:48:00+00:00,0.0,0.03333333333333333
boulder-54323,BOULDER / CARPENTER PARK2,boulder-carpenter-park,2023-01-30 03:54:00+00:00,3.349,2.566666666666667
boulder-54373,BOULDER / CARPENTER PARK2,boulder-carpenter-park,2023-01-30 15:54:00+00:00,8.041,3.216666666666667
boulder-54382,BOULDER / CARPENTER PARK1,boulder-carpenter-park,2023-01-30 16:09:00+00:00,19.138,3.316666666666667
boulder-123324,BOULDER / CARPENTER PARK1,boulder-carpenter-park,2023-01-30 16:38:00+00:00,0.0,0.03333333333333333
boulder-123325,BOULDER / CARPENTER PARK2,boulder-carpenter-park,2023-01-30 16:38:00+00:00,0.0,0.016666666666666666
boulder-54009,BOULDER / CARPENTER PARK2,boulder-carpenter-park,2023-01-30 16:38:00+00:00,0.0,0.016666666666666666
boulder-54391,BOULDER / CARPENTER PARK1,boulder-carpenter-park,2023-01-30 16:38:00+00:00,0.0,0.03333333333333333
boulder-54067,BOULDER / CARPENTER PARK2,boulder-carpenter-park,2023-01-30 16:40:00+00:00,7.93,2.433333333333333
boulder-54200,BOULDER / CARPENTER PARK2,boulder-carpenter-park,2023-01-30 21:19:00+00:00,5.487,0.9333333333333333
boulder-54206,BOULDER / CARPENTER PARK1,boulder-carpenter-park,2023-01-30 21:48:00+00:00,0.054,0.03333333333333333
boulder-54212,BOULDER / CARPENTER PARK1,boulder-carpenter-park,2023-01-30 21:51:00+00:00,2.919,1.1
boulder-54309,BOULDER / CARPENTER PARK2,boulder-carpenter-park,2023-01-31 03:28:00+00:00,5.475,2.183333333333333
boulder-54332,BOULDER / CARPENTER PARK2,boulder-carpenter-park,2023-01-31 15:51:00+00:00,9.116,2.75
boulder-123367,BOULDER / CARPENTER PARK1,boulder-carpenter-park,2023-01-31 15:57:00+00:00,0.0,0.016666666666666666
boulder-54333,BOULDER / CARPENTER PARK1,boulder-carpenter-park,2023-01-31 15:57:00+00:00,0.0,0.016666666666666666
boulder-123368,BOULDER / CARPENTER PARK1,boulder-carpenter-park,2023-01-31 15:59:00+00:00,0.0,0.0
boulder-54334,BOULDER / CARPENTER PARK1,boulder-carpenter-park,2023-01-31 15:59:00+00:00,0.0,0.0
boulder-54335,BOULDER / CARPENTER PARK2,boulder-carpenter-park,2023-01-31 16:00:00+00:00,20.928,6.816666666666666
boulder-123370,BOULDER / CARPENTER PARK1,boulder-carpenter-park,2023-01-31 16:04:00+00:00,0.0,0.016666666666666666
boulder-54336,BOULDER / CARPENTER PARK1,boulder-carpenter-park,2023-01-31 16:04:00+00:00,0.0,0.016666666666666666
boulder-123372,BOULDER / CARPENTER PARK1,boulder-carpenter-park,2023-01-31 16:07:00+00:00,0.0,0.0
boulder-54338,BOULDER / CARPENTER PARK1,boulder-carpenter-park,2023-01-31 16:07:00+00:00,0.0,0.0
boulder-54010,BOULDER / CARPENTER PARK1,boulder-carpenter-park,2023-01-31 16:19:00+00:00,15.38,4.683333333333334
boulder-54122,BOULDER / CARPENTER PARK2,boulder-carpenter-park,2023-01-31 19:05:00+00:00,8.832,5.116666666666666
boulder-123390,BOULDER / CARPENTER PARK1,boulder-carpenter-park,2023-01-31 19:47:00+00:00,0.0,0.016666666666666666
boulder-54144,BOULDER / CARPENTER PARK1,boulder-carpenter-park,2023-01-31 19:47:00+00:00,0.0,0.016666666666666666
boulder-123391,BOULDER / CARPENTER PARK1,boulder-carpenter-park,2023-01-31 19:49:00+00:00,0.001,0.03333333333333333
boulder-54151,BOULDER / CARPENTER PARK1,boulder-carpenter-park,2023-01-31 19:49:00+00:00,0.001,0.03333333333333333
boulder-123396,BOULDER / CARPENTER PARK1,boulder-carpenter-park,2023-01-31 20:32:00+00:00,0.0,0.0
boulder-54211,BOULDER / CARPENTER PARK1,boulder-carpenter-park,2023-01-31 20:32:00+00:00,0.0,0.0
boulder-54253,BOULDER / CARPENTER PARK2,boulder-carpenter-park,2023-02-01 04:09:00+00:00,13.05,3.816666666666667
boulder-54254,BOULDER / CARPENTER PARK1,boulder-carpenter-park,2023-02-01 05:08:00+00:00,2.667,0.45
boulder-123425,BOULDER / CARPENTER PARK1,boulder-carpenter-park,2023-02-01 05:42:00+00:00,0.0,0.016666666666666666
boulder-54001,BOULDER / CARPENTER PARK1,boulder-carpenter-park,2023-02-01 05:42:00+00:00,0.0,0.016666666666666666
boulder-54002,BOULDER / CARPENTER PARK1,boulder-carpenter-park,2023-02-01 05:43:00+00:00,0.1,0.03333333333333333
boulder-123427,BOULDER / CARPENTER PARK2,boulder-carpenter-park,2023-02-01 07:50:00+00:00,0.0,0.016666666666666666
boulder-54003,BOULDER / CARPENTER PARK2,boulder-carpenter-park,2023-02-01 07:50:00+00:00,0.0,0.016666666666666666
boulder-123428,BOULDER / CARPENTER PARK2,boulder-carpenter-park,2023-02-01 07:52:00+00:00,0.0,0.03333333333333333
boulder-54004,BOULDER / CARPENTER PARK2,boulder-carpenter-park,2023-02-01 07:52:00+00:00,0.0,0.03333333333333333
boulder-123429,BOULDER / CARPENTER PARK2,boulder-carpenter-park,2023-02-01 07:54:00+00:00,0.0,0.016666666666666666
boulder-54005,BOULDER / CARPENTER PARK2,boulder-carpenter-park,2023-02-01 07:54:00+00:00,0.0,0.016666666666666666
boulder-54006,BOULDER / CARPENTER PARK1,boulder-carpenter-park,2023-02-01 07:58:00+00:00,46.746,13.566666666666666
boulder-54019,BOULDER / CARPENTER PARK2,boulder-carpenter-park,2023-02-01 14:37:00+00:00,35.091,7.25
boulder-54022,BOULDER / CARPENTER PARK1,boulder-carpenter-park,2023-02-01 14:51:00+00:00,16.658,6.35
boulder-54027,BOULDER / CARPENTER PARK2,boulder-carpenter-park,2023-02-01 15:55:00+00:00,2.501,0.4166666666666667
boulder-123469,BOULDER / CARPENTER PARK1,boulder-carpenter-park,2023-02-01 21:56:00+00:00,0.0,0.016666666666666666
boulder-54052,BOULDER / CARPENTER PARK1,boulder-carpenter-park,2023-02-01 21:56:00+00:00,0.0,0.016666666666666666
boulder-54055,BOULDER / CARPENTER PARK2,boulder-carpenter-park,2023-02-01 22:44:00+00:00,28.899,4.983333333333333
boulder-54056,BOULDER / CARPENTER PARK1,boulder-carpenter-park,2023-02-01 23:00:00+00:00,9.34,1.5666666666666667
boulder-123482,BOULDER / CARPENTER PARK2,boulder-carpenter-park,2023-02-02 00:21:00+00:00,0.0,0.03333333333333333
boulder-54117,BOULDER / CARPENTER PARK2,boulder-carpenter-park,2023-02-02 00:21:00+00:00,0.0,0.03333333333333333
boulder-123483,BOULDER / CARPENTER PARK2,boulder-carpenter-park,2023-02-02 00:24:00+00:00,0.0,0.0
boulder-54124,BOULDER / CARPENTER PARK2,boulder-carpenter-park,2023-02-02 00:24:00+00:00,0.0,0.0
boulder-123486,BOULDER / CARPENTER PARK1,boulder-carpenter-park,2023-02-02 00:28:00+00:00,0.0,0.016666666666666666
boulder-54143,BOULDER / CARPENTER PARK1,boulder-carpenter-park,2023-02-02 00:28:00+00:00,0.0,0.016666666666666666
boulder-123487,BOULDER / CARPENTER PARK1,boulder-carpenter-park,2023-02-02 00:29:00+00:00,0.0,0.03333333333333333
boulder-54150,BOULDER / CARPENTER PARK1,boulder-carpenter-park,2023-02-02 00:29:00+00:00,0.0,0.03333333333333333
boulder-54197,BOULDER / CARPENTER PARK1,boulder-carpenter-park,2023-02-02 00:35:00+00:00,2.063,0.36666666666666664
boulder-54264,BOULDER / CARPENTER PARK1,boulder-carpenter-park,2023-02-02 02:13:00+00:00,7.587,3.4166666666666665
boulder-54311,BOULDER / CARPENTER PARK1,boulder-carpenter-park,2023-02-02 14:53:00+00:00,11.567,4.4
boulder-54316,BOULDER / CARPENTER PARK1,boulder-carpenter-park,2023-02-02 15:14:00+00:00,20.243,5.55
boulder-54353,BOULDER / CARPENTER PARK2,boulder-carpenter-park,2023-02-02 15:29:00+00:00,28.524,4.833333333333333
boulder-54358,BOULDER / CARPENTER PARK2,boulder-carpenter-park,2023-02-02 15:32:00+00:00,1.849,0.31666666666666665
boulder-123531,BOULDER / CARPENTER PARK1,boulder-carpenter-park,2023-02-02 19:34:00+00:00,0.0,0.03333333333333333
boulder-54090,BOULDER / CARPENTER PARK1,boulder-carpenter-park,2023-02-02 19:34:00+00:00,0.0,0.03333333333333333
boulder-54097,BOULDER / CARPENTER PARK1,boulder-carpenter-park,2023-02-02 19:42:00+00:00,22.096,4.683333333333334
boulder-54213,BOULDER / CARPENTER PARK2,boulder-carpenter-park,2023-02-02 21:16:00+00:00,0.248,0.08333333333333333
boulder-54219,BOULDER / CARPENTER PARK1,boulder-carpenter-park,2023-02-02 21:20:00+00:00,1.419,0.26666666666666666
boulder-123563,BOULDER / CARPENTER PARK1,boulder-carpenter-park,2023-02-03 04:43:00+00:00,0.0,0.03333333333333333
boulder-54352,BOULDER / CARPENTER PARK1,boulder-carpenter-park,2023-02-03 04:43:00+00:00,0.0,0.03333333333333333
boulder-54355,BOULDER / CARPENTER PARK2,boulder-carpenter-park,2023-02-03 04:45:00+00:00,37.737,6.633333333333334
boulder-54367,BOULDER / CARPENTER PARK1,boulder-carpenter-park,2023-02-03 13:36:00+00:00,0.669,0.11666666666666667
boulder-54383,BOULDER / CARPENTER PARK1,boulder-carpenter-park,2023-02-03 14:56:00+00:00,6.853,4.433333333333334
boulder-54059,BOULDER / CARPENTER PARK1,boulder-carpenter-park,2023-02-03 15:36:00+00:00,8.684,2.4
boulder-54075,BOULDER / CARPENTER PARK2,boulder-carpenter-park,2023-02-03 15:47:00+00:00,11.153,3.35
boulder-123603,BOULDER / CARPENTER PARK1,boulder-carpenter-park,2023-02-03 20:56:00+00:00,0.0,0.0
boulder-54303,BOULDER / CARPENTER PARK1,boulder-carpenter-park,2023-02-03 20:56:00+00:00,0.0,0.0
boulder-54307,BOULDER / CARPENTER PARK1,boulder-carpenter-park,2023-02-03 20:56:00+00:00,2.717,1.5333333333333334
boulder-54372,BOULDER / CARPENTER PARK2,boulder-carpenter-park,2023-02-03 22:55:00+00:00,7.405,1.7
boulder-123624,BOULDER / CARPENTER PARK1,boulder-carpenter-park,2023-02-04 00:24:00+00:00,0.0,0.03333333333333333
boulder-54400,BOULDER / CARPENTER PARK1,boulder-carpenter-park,2023-02-04 00:24:00+00:00,0.0,0.03333333333333333
boulder-54753,BOULDER / CARPENTER PARK2,boulder-carpenter-park,2023-02-04 00:56:00+00:00,35.534,5.883333333333334
boulder-54758,BOULDER / CARPENTER PARK1,boulder-carpenter-park,2023-02-04 02:17:00+00:00,6.102,3.466666666666667
boulder-123636,BOULDER / CARPENTER PARK2,boulder-carpenter-park,2023-02-04 04:13:00+00:00,0.0,0.03333333333333333
boulder-54762,BOULDER / CARPENTER PARK2,boulder-carpenter-park,2023-02-04 04:13:00+00:00,0.0,0.03333333333333333
boulder-123637,BOULDER / CARPENTER PARK1,boulder-carpenter-park,2023-02-04 04:16:00+00:00,0.0,0.03333333333333333
boulder-54763,BOULDER / CARPENTER PARK1,boulder-carpenter-park,2023-02-04 04:16:00+00:00,0.0,0.03333333333333333
boulder-54765,BOULDER / CARPENTER PARK2,boulder-carpenter-park,2023-02-04 14:26:00+00:00,18.193,3.1166666666666667
boulder-54771,BOULDER / CARPENTER PARK1,boulder-carpenter-park,2023-02-04 15:31:00+00:00,1.709,0.2833333333333333
boulder-54775,BOULDER / CARPENTER PARK1,boulder-carpenter-park,2023-02-04 16:43:00+00:00,18.495,3.1
boulder-123658,BOULDER / CARPENTER PARK1,boulder-carpenter-park,2023-02-04 18:11:00+00:00,0.0,0.016666666666666666
boulder-54784,BOULDER / CARPENTER PARK1,boulder-carpenter-park,2023-02-04 18:11:00+00:00,0.0,0.016666666666666666
boulder-123659,BOULDER / CARPENTER PARK1,boulder-carpenter-park,2023-02-04 18:12:00+00:00,0.002,0.5166666666666667
boulder-54785,BOULDER / CARPENTER PARK1,boulder-carpenter-park,2023-02-04 18:12:00+00:00,0.002,0.5166666666666667
boulder-123678,BOULDER / CARPENTER PARK2,boulder-carpenter-park,2023-02-04 22:03:00+00:00,0.0,0.016666666666666666
boulder-54404,BOULDER / CARPENTER PARK2,boulder-carpenter-park,2023-02-04 22:03:00+00:00,0.0,0.016666666666666666
boulder-123679,BOULDER / CARPENTER PARK1,boulder-carpenter-park,2023-02-04 22:06:00+00:00,0.0,0.03333333333333333
boulder-54405,BOULDER / CARPENTER PARK1,boulder-carpenter-park,2023-02-04 22:06:00+00:00,0.0,0.03333333333333333
boulder-54418,BOULDER / CARPENTER PARK2,boulder-carpenter-park,2023-02-05 05:06:00+00:00,33.324,22.783333333333335
boulder-123707,BOULDER / CARPENTER PARK1,boulder-carpenter-park,2023-02-05 17:43:00+00:00,0.0,0.016666666666666666
boulder-54433,BOULDER / CARPENTER PARK1,boulder-carpenter-park,2023-02-05 17:43:00+00:00,0.0,0.016666666666666666
boulder-123708,BOULDER / CARPENTER PARK1,boulder-carpenter-park,2023-02-05 17:44:00+00:00,0.0,2.816666666666667
boulder-54434,BOULDER / CARPENTER PARK1,boulder-carpenter-park,2023-02-05 17:44:00+00:00,0.0,2.816666666666667
boulder-122726,BOULDER / CARPENTER PARK1,boulder-carpenter-park,2023-02-05 21:31:00+00:00,0.0,0.016666666666666666
boulder-54704,BOULDER / CARPENTER PARK1,boulder-carpenter-park,2023-02-05 21:31:00+00:00,0.0,0.016666666666666666
boulder-54705,BOULDER / CARPENTER PARK1,boulder-carpenter-park,2023-02-05 21:33:00+00:00,8.131,1.4333333333333333
boulder-54729,BOULDER / CARPENTER PARK2,boulder-carpenter-park,2023-02-06 03:52:00+00:00,38.888,11.35
boulder-54730,BOULDER / CARPENTER PARK1,boulder-carpenter-park,2023-02-06 06:53:00+00:00,39.403,9.983333333333333
boulder-123801,BOULDER / CARPENTER PARK2,boulder-carpenter-park,2023-02-06 07:28:00+00:00,0.0,0.016666666666666666
boulder-54731,BOULDER / CARPENTER PARK2,boulder-carpenter-park,2023-02-06 07:28:00+00:00,0.0,0.016666666666666666
boulder-123804,BOULDER / CARPENTER PARK2,boulder-carpenter-park,2023-02-06 07:29:00+00:00,0.0,0.016666666666666666
boulder-54732,BOULDER / CARPENTER PARK2,boulder-carpenter-park,2023-02-06 07:29:00+00:00,0.0,0.016666666666666666
boulder-54733,BOULDER / CARPENTER PARK1,boulder-carpenter-park,2023-02-06 07:32:00+00:00,44.083,10.516666666666667
boulder-123887,BOULDER / CARPENTER PARK2,boulder-carpenter-park,2023-02-06 18:25:00+00:00,0.0,0.016666666666666666
boulder-54464,BOULDER / CARPENTER PARK2,boulder-carpenter-park,2023-02-06 18:25:00+00:00,0.0,0.016666666666666666
boulder-54465,BOULDER / CARPENTER PARK2,boulder-carpenter-park,2023-02-06 18:26:00+00:00,3.599,1.25
boulder-54466,BOULDER / CARPENTER PARK1,boulder-carpenter-park,2023-02-06 18:37:00+00:00,13.213,4.016666666666667
boulder-54469,BOULDER / CARPENTER PARK2,boulder-carpenter-park,2023-02-06 19:41:00+00:00,14.64,2.433333333333333
boulder-123914,BOULDER / CARPENTER PARK1,boulder-carpenter-park,2023-02-06 21:02:00+00:00,0.0,0.016666666666666666
boulder-54472,BOULDER / CARPENTER PARK1,boulder-carpenter-park,2023-02-06 21:02:00+00:00,0.0,0.016666666666666666
boulder-123920,BOULDER / CARPENTER PARK1,boulder-carpenter-park,2023-02-06 21:08:00+00:00,0.0,0.03333333333333333
boulder-123923,BOULDER / CARPENTER PARK2,boulder-carpenter-park,2023-02-06 21:08:00+00:00,0.0,0.03333333333333333
boulder-54473,BOULDER / CARPENTER PARK1,boulder-carpenter-park,2023-02-06 21:08:00+00:00,0.0,0.03333333333333333
boulder-54474,BOULDER / CARPENTER PARK2,boulder-carpenter-park,2023-02-06 21:08:00+00:00,0.0,0.03333333333333333
boulder-123926,BOULDER / CARPENTER PARK1,boulder-carpenter-park,2023-02-06 21:10:00+00:00,0.0,0.03333333333333333
boulder-54475,BOULDER / CARPENTER PARK1,boulder-carpenter-park,2023-02-06 21:10:00+00:00,0.0,0.03333333333333333
boulder-123929,BOULDER / CARPENTER PARK1,boulder-carpenter-park,2023-02-06 21:27:00+00:00,0.0,0.0
boulder-54476,BOULDER / CARPENTER PARK1,boulder-carpenter-park,2023-02-06 21:27:00+00:00,0.0,0.0
boulder-123932,BOULDER / CARPENTER PARK1,boulder-carpenter-park,2023-02-06 21:28:00+00:00,0.0,0.016666666666666666
boulder-54477,BOULDER / CARPENTER PARK1,boulder-carpenter-park,2023-02-06 21:28:00+00:00,0.0,0.016666666666666666
boulder-54479,BOULDER / CARPENTER PARK2,boulder-carpenter-park,2023-02-06 21:30:00+00:00,1.572,0.5666666666666667
boulder-54482,BOULDER / CARPENTER PARK2,boulder-carpenter-park,2023-02-06 22:21:00+00:00,20.453,3.8833333333333333
boulder-54492,BOULDER / CARPENTER PARK1,boulder-carpenter-park,2023-02-07 00:22:00+00:00,4.31,0.7166666666666667
boulder-123990,BOULDER / CARPENTER PARK1,boulder-carpenter-park,2023-02-07 01:47:00+00:00,0.0,0.0
boulder-54497,BOULDER / CARPENTER PARK1,boulder-carpenter-park,2023-02-07 01:47:00+00:00,0.0,0.0
boulder-123992,BOULDER / CARPENTER PARK1,boulder-carpenter-park,2023-02-07 01:48:00+00:00,0.0,0.016666666666666666
boulder-54498,BOULDER / CARPENTER PARK1,boulder-carpenter-park,2023-02-07 01:48:00+00:00,0.0,0.016666666666666666
boulder-123994,BOULDER / CARPENTER PARK1,boulder-carpenter-park,2023-02-07 01:49:00+00:00,0.0,0.03333333333333333
boulder-54499,BOULDER / CARPENTER PARK1,boulder-carpenter-park,2023-02-07 01:49:00+00:00,0.0,0.03333333333333333
boulder-123997,BOULDER / CARPENTER PARK2,boulder-carpenter-park,2023-02-07 01:52:00+00:00,0.0,0.0
boulder-54500,BOULDER / CARPENTER PARK2,boulder-carpenter-park,2023-02-07 01:52:00+00:00,0.0,0.0
boulder-54559,BOULDER / CARPENTER PARK1,boulder-carpenter-park,2023-02-07 14:31:00+00:00,41.385,8.766666666666667
boulder-54567,BOULDER / CARPENTER PARK1,boulder-carpenter-park,2023-02-07 15:37:00+00:00,23.049,4.216666666666667
boulder-54571,BOULDER / CARPENTER PARK2,boulder-carpenter-park,2023-02-07 16:14:00+00:00,13.369,2.216666666666667
boulder-124080,BOULDER / CARPENTER PARK2,boulder-carpenter-park,2023-02-07 17:41:00+00:00,0.0,0.016666666666666666
boulder-54578,BOULDER / CARPENTER PARK2,boulder-carpenter-park,2023-02-07 17:41:00+00:00,0.0,0.016666666666666666
boulder-124081,BOULDER / CARPENTER PARK2,boulder-carpenter-park,2023-02-07 17:43:00+00:00,0.0,0.03333333333333333
boulder-54579,BOULDER / CARPENTER PARK2,boulder-carpenter-park,2023-02-07 17:43:00+00:00,0.0,0.03333333333333333
boulder-54580,BOULDER / CARPENTER PARK2,boulder-carpenter-park,2023-02-07 17:46:00+00:00,4.193,0.7166666666666667
boulder-54584,BOULDER / CARPENTER PARK2,boulder-carpenter-park,2023-02-07 18:30:00+00:00,9.151,1.8166666666666667
boulder-124102,BOULDER / CARPENTER PARK1,boulder-carpenter-park,2023-02-07 19:55:00+00:00,0.0,0.016666666666666666
boulder-54591,BOULDER / CARPENTER PARK1,boulder-carpenter-park,2023-02-07 19:55:00+00:00,0.0,0.016666666666666666
boulder-124105,BOULDER / CARPENTER PARK1,boulder-carpenter-park,2023-02-07 19:56:00+00:00,0.0,0.016666666666666666
boulder-54592,BOULDER / CARPENTER PARK1,boulder-carpenter-park,2023-02-07 19:56:00+00:00,0.0,0.016666666666666666
boulder-54593,BOULDER / CARPENTER PARK1,boulder-carpenter-park,2023-02-07 19:58:00+00:00,13.37,2.216666666666667
boulder-54512,BOULDER / CARPENTER PARK2,boulder-carpenter-park,2023-02-07 23:39:00+00:00,13.473,2.8
boulder-54528,BOULDER / CARPENTER PARK1,boulder-carpenter-park,2023-02-08 04:16:00+00:00,3.31,1.1833333333333333
boulder-54529,BOULDER / CARPENTER PARK2,boulder-carpenter-park,2023-02-08 05:11:00+00:00,0.806,0.13333333333333333
boulder-54544,BOULDER / CARPENTER PARK1,boulder-carpenter-park,2023-02-08 16:14:00+00:00,18.924,5.633333333333334
boulder-54545,BOULDER / CARPENTER PARK2,boulder-carpenter-park,2023-02-08 16:19:00+00:00,18.705,3.216666666666667
boulder-54651,BOULDER / CARPENTER PARK1,boulder-carpenter-park,2023-02-08 17:32:00+00:00,5.983,1.8333333333333333
boulder-124317,BOULDER / CARPENTER PARK1,boulder-carpenter-park,2023-02-08 19:25:00+00:00,0.0,0.8
boulder-54663,BOULDER / CARPENTER PARK1,boulder-carpenter-park,2023-02-08 19:25:00+00:00,0.0,0.8
boulder-54671,BOULDER / CARPENTER PARK1,boulder-carpenter-park,2023-02-08 20:56:00+00:00,5.658,1.7166666666666666
boulder-54680,BOULDER / CARPENTER PARK2,boulder-carpenter-park,2023-02-08 22:10:00+00:00,13.583,2.433333333333333
boulder-124387,BOULDER / CARPENTER PARK1,boulder-carpenter-park,2023-02-08 22:45:00+00:00,0.0,0.0
boulder-54684,BOULDER / CARPENTER PARK1,boulder-carpenter-park,2023-02-08 22:45:00+00:00,0.0,0.0
boulder-124390,BOULDER / CARPENTER PARK2,boulder-carpenter-park,2023-02-08 22:47:00+00:00,0.0,0.016666666666666666
boulder-54685,BOULDER / CARPENTER PARK2,boulder-carpenter-park,2023-02-08 22:47:00+00:00,0.0,0.016666666666666666
boulder-54610,BOULDER / CARPENTER PARK1,boulder-carpenter-park,2023-02-09 14:29:00+00:00,14.788,4.75
boulder-124495,BOULDER / CARPENTER PARK1,boulder-carpenter-park,2023-02-09 15:18:00+00:00,0.0,0.016666666666666666
boulder-54618,BOULDER / CARPENTER PARK1,boulder-carpenter-park,2023-02-09 15:18:00+00:00,0.0,0.016666666666666666
boulder-124501,BOULDER / CARPENTER PARK1,boulder-carpenter-park,2023-02-09 15:20:00+00:00,0.0,0.016666666666666666
boulder-54620,BOULDER / CARPENTER PARK1,boulder-carpenter-park,2023-02-09 15:20:00+00:00,0.0,0.016666666666666666
boulder-54621,BOULDER / CARPENTER PARK2,boulder-carpenter-park,2023-02-09 15:36:00+00:00,1.376,0.25
boulder-54624,BOULDER / CARPENTER PARK1,boulder-carpenter-park,2023-02-09 15:45:00+00:00,19.796,4.533333333333333
boulder-54632,BOULDER / CARPENTER PARK2,boulder-carpenter-park,2023-02-09 16:59:00+00:00,13.955,4.233333333333333
boulder-54647,BOULDER / CARPENTER PARK1,boulder-carpenter-park,2023-02-09 20:00:00+00:00,15.978,2.7
boulder-55129,BOULDER / CARPENTER PARK1,boulder-carpenter-park,2023-02-10 15:10:00+00:00,5.977,4.25
boulder-55162,BOULDER / CARPENTER PARK1,boulder-carpenter-park,2023-02-10 16:58:00+00:00,15.377,2.6
boulder-54875,BOULDER / CARPENTER PARK1,boulder-carpenter-park,2023-02-10 19:26:00+00:00,12.369,4.916666666666667
boulder-54988,BOULDER / CARPENTER PARK1,boulder-carpenter-park,2023-02-10 20:22:00+00:00,9.894,3.7333333333333334
boulder-55030,BOULDER / CARPENTER PARK2,boulder-carpenter-park,2023-02-10 21:00:00+00:00,12.891,2.2666666666666666
boulder-55073,BOULDER / CARPENTER PARK2,boulder-carpenter-park,2023-02-10 22:09:00+00:00,2.754,0.9666666666666667
boulder-55112,BOULDER / CARPENTER PARK2,boulder-carpenter-park,2023-02-10 23:59:00+00:00,1.141,0.23333333333333334
boulder-55124,BOULDER / CARPENTER PARK2,boulder-carpenter-park,2023-02-11 00:36:00+00:00,33.059,5.45
boulder-55156,BOULDER / CARPENTER PARK1,boulder-carpenter-park,2023-02-11 02:45:00+00:00,0.812,0.15
boulder-124851,BOULDER / CARPENTER PARK2,boulder-carpenter-park,2023-02-11 14:13:00+00:00,0.0,0.016666666666666666
boulder-55164,BOULDER / CARPENTER PARK2,boulder-carpenter-park,2023-02-11 14:13:00+00:00,0.0,0.016666666666666666
boulder-55168,BOULDER / CARPENTER PARK2,boulder-carpenter-park,2023-02-11 14:14:00+00:00,1.212,0.3333333333333333
boulder-124872,BOULDER / CARPENTER PARK1,boulder-carpenter-park,2023-02-11 15:03:00+00:00,0.0,0.6333333333333333
boulder-55189,BOULDER / CARPENTER PARK1,boulder-carpenter-park,2023-02-11 15:03:00+00:00,0.0,0.6333333333333333
boulder-55197,BOULDER / CARPENTER PARK1,boulder-carpenter-park,2023-02-11 15:41:00+00:00,0.5,0.1
boulder-124890,BOULDER / CARPENTER PARK1,boulder-carpenter-park,2023-02-11 15:47:00+00:00,0.0,0.016666666666666666
boulder-55198,BOULDER / CARPENTER PARK1,boulder-carpenter-park,2023-02-11 15:47:00+00:00,0.0,0.016666666666666666
boulder-55200,BOULDER / CARPENTER PARK2,boulder-carpenter-park,2023-02-11 15:57:00+00:00,7.973,4.083333333333333
boulder-54860,BOULDER / CARPENTER PARK1,boulder-carpenter-park,2023-02-11 16:46:00+00:00,11.762,2.0166666666666666
boulder-124911,BOULDER / CARPENTER PARK2,boulder-carpenter-park,2023-02-11 16:56:00+00:00,0.0,0.06666666666666667
boulder-54881,BOULDER / CARPENTER PARK2,boulder-carpenter-park,2023-02-11 16:56:00+00:00,0.0,0.06666666666666667
boulder-124914,BOULDER / CARPENTER PARK2,boulder-carpenter-park,2023-02-11 17:01:00+00:00,0.0,0.016666666666666666
boulder-54882,BOULDER / CARPENTER PARK2,boulder-carpenter-park,2023-02-11 17:01:00+00:00,0.0,0.016666666666666666
boulder-124917,BOULDER / CARPENTER PARK1,boulder-carpenter-park,2023-02-11 17:02:00+00:00,0.0,0.03333333333333333
boulder-54883,BOULDER / CARPENTER PARK1,boulder-carpenter-park,2023-02-11 17:02:00+00:00,0.0,0.03333333333333333
boulder-54887,BOULDER / CARPENTER PARK1,boulder-carpenter-park,2023-02-11 17:24:00+00:00,5.26,1.8833333333333333
boulder-54922,BOULDER / CARPENTER PARK2,boulder-carpenter-park,2023-02-12 00:14:00+00:00,26.634,4.416666666666667
boulder-54928,BOULDER / CARPENTER PARK1,boulder-carpenter-park,2023-02-12 03:01:00+00:00,7.905,2.216666666666667
boulder-125052,BOULDER / CARPENTER PARK2,boulder-carpenter-park,2023-02-12 03:48:00+00:00,0.0,0.016666666666666666
boulder-54934,BOULDER / CARPENTER PARK2,boulder-carpenter-park,2023-02-12 03:48:00+00:00,0.0,0.016666666666666666
boulder-54935,BOULDER / CARPENTER PARK2,boulder-carpenter-park,2023-02-12 03:50:00+00:00,2.544,0.9166666666666666
boulder-54961,BOULDER / CARPENTER PARK2,boulder-carpenter-park,2023-02-12 20:29:00+00:00,6.783,3.0833333333333335
boulder-54973,BOULDER / CARPENTER PARK1,boulder-carpenter-park,2023-02-12 22:16:00+00:00,3.419,0.5833333333333334
boulder-125173,BOULDER / CARPENTER PARK2,boulder-carpenter-park,2023-02-12 22:46:00+00:00,0.0,0.016666666666666666
boulder-54976,BOULDER / CARPENTER PARK2,boulder-carpenter-park,2023-02-12 22:46:00+00:00,0.0,0.016666666666666666
boulder-125179,BOULDER / CARPENTER PARK1,boulder-carpenter-park,2023-02-12 22:49:00+00:00,0.0,0.016666666666666666
boulder-54978,BOULDER / CARPENTER PARK1,boulder-carpenter-park,2023-02-12 22:49:00+00:00,0.0,0.016666666666666666
boulder-54853,BOULDER / CARPENTER PARK1,boulder-carpenter-park,2023-02-12 22:51:00+00:00,3.746,1.5666666666666667
boulder-55075,BOULDER / CARPENTER PARK1,boulder-carpenter-park,2023-02-13 15:35:00+00:00,20.132,3.4833333333333334
boulder-125784,BOULDER / CARPENTER PARK2,boulder-carpenter-park,2023-02-13 16:00:00+00:00,0.0,0.016666666666666666
boulder-55094,BOULDER / CARPENTER PARK2,boulder-carpenter-park,2023-02-13 16:00:00+00:00,0.0,0.016666666666666666
boulder-55098,BOULDER / CARPENTER PARK2,boulder-carpenter-park,2023-02-13 16:01:00+00:00,5.674,2.8333333333333335
boulder-55159,BOULDER / CARPENTER PARK1,boulder-carpenter-park,2023-02-13 19:54:00+00:00,9.808,2.9833333333333334
boulder-55163,BOULDER / CARPENTER PARK2,boulder-carpenter-park,2023-02-13 20:17:00+00:00,15.913,5.466666666666667
boulder-125805,BOULDER / CARPENTER PARK1,boulder-carpenter-park,2023-02-13 20:53:00+00:00,0.0,0.016666666666666666
boulder-55171,BOULDER / CARPENTER PARK1,boulder-carpenter-park,2023-02-13 20:53:00+00:00,0.0,0.016666666666666666
boulder-125807,BOULDER / CARPENTER PARK1,boulder-carpenter-park,2023-02-13 20:55:00+00:00,0.0,0.0
boulder-55178,BOULDER / CARPENTER PARK1,boulder-carpenter-park,2023-02-13 20:55:00+00:00,0.0,0.0
boulder-125809,BOULDER / CARPENTER PARK1,boulder-carpenter-park,2023-02-13 21:05:00+00:00,0.0,0.03333333333333333
boulder-55185,BOULDER / CARPENTER PARK1,boulder-carpenter-park,2023-02-13 21:05:00+00:00,0.0,0.03333333333333333
boulder-125829,BOULDER / CARPENTER PARK2,boulder-carpenter-park,2023-02-14 03:11:00+00:00,0.0,0.0
boulder-55062,BOULDER / CARPENTER PARK2,boulder-carpenter-park,2023-02-14 03:11:00+00:00,0.0,0.0
boulder-55066,BOULDER / CARPENTER PARK2,boulder-carpenter-park,2023-02-14 03:12:00+00:00,10.907,3.2666666666666666
boulder-55089,BOULDER / CARPENTER PARK1,boulder-carpenter-park,2023-02-14 14:48:00+00:00,16.685,4.1
boulder-55097,BOULDER / CARPENTER PARK2,boulder-carpenter-park,2023-02-14 15:12:00+00:00,19.826,3.316666666666667
boulder-55121,BOULDER / CARPENTER PARK1,boulder-carpenter-park,2023-02-14 15:40:00+00:00,23.805,4.083333333333333
boulder-55176,BOULDER / CARPENTER PARK1,boulder-carpenter-park,2023-02-14 20:19:00+00:00,5.714,1.0166666666666666
boulder-55180,BOULDER / CARPENTER PARK2,boulder-carpenter-park,2023-02-14 20:47:00+00:00,2.709,0.9833333333333333
boulder-125862,BOULDER / CARPENTER PARK1,boulder-carpenter-park,2023-02-14 21:08:00+00:00,0.0,0.016666666666666666
boulder-55190,BOULDER / CARPENTER PARK1,boulder-carpenter-park,2023-02-14 21:08:00+00:00,0.0,0.016666666666666666
boulder-125887,BOULDER / CARPENTER PARK1,boulder-carpenter-park,2023-02-15 07:54:00+00:00,0.0,0.03333333333333333
boulder-55019,BOULDER / CARPENTER PARK1,boulder-carpenter-park,2023-02-15 07:54:00+00:00,0.0,0.03333333333333333
boulder-55020,BOULDER / CARPENTER PARK1,boulder-carpenter-park,2023-02-15 07:56:00+00:00,54.034,9.6
boulder-125893,BOULDER / CARPENTER PARK2,boulder-carpenter-park,2023-02-15 14:56:00+00:00,0.0,0.0
boulder-55025,BOULDER / CARPENTER PARK2,boulder-carpenter-park,2023-02-15 14:56:00+00:00,0.0,0.0
boulder-55026,BOULDER / CARPENTER PARK2,boulder-carpenter-park,2023-02-15 14:56:00+00:00,41.542,6.9
boulder-55027,BOULDER / CARPENTER PARK1,boulder-carpenter-park,2023-02-15 16:16:00+00:00,20.987,3.85
boulder-55039,BOULDER / CARPENTER PARK1,boulder-carpenter-park,2023-02-15 20:01:00+00:00,28.302,9.7
boulder-55040,BOULDER / CARPENTER PARK1,boulder-carpenter-park,2023-02-15 20:28:00+00:00,7.12,2.183333333333333
boulder-54802,BOULDER / CARPENTER PARK2,boulder-carpenter-park,2023-02-15 23:06:00+00:00,2.759,0.9833333333333333
boulder-54816,BOULDER / CARPENTER PARK2,boulder-carpenter-park,2023-02-16 02:41:00+00:00,13.533,3.0
boulder-54821,BOULDER / CARPENTER PARK2,boulder-carpenter-park,2023-02-16 06:02:00+00:00,0.981,0.16666666666666666
boulder-125934,BOULDER / CARPENTER PARK1,boulder-carpenter-park,2023-02-16 09:12:00+00:00,0.0,0.016666666666666666
boulder-54822,BOULDER / CARPENTER PARK1,boulder-carpenter-park,2023-02-16 09:12:00+00:00,0.0,0.016666666666666666
boulder-54823,BOULDER / CARPENTER PARK1,boulder-carpenter-park,2023-02-16 09:14:00+00:00,44.407,7.616666666666666
boulder-54825,BOULDER / CARPENTER PARK1,boulder-carpenter-park,2023-02-16 14:43:00+00:00,7.492,5.183333333333334
boulder-54841,BOULDER / CARPENTER PARK2,boulder-carpenter-park,2023-02-16 19:31:00+00:00,11.253,1.8833333333333333
boulder-125954,BOULDER / CARPENTER PARK1,boulder-carpenter-park,2023-02-16 19:32:00+00:00,0.0,0.03333333333333333
boulder-54842,BOULDER / CARPENTER PARK1,boulder-carpenter-park,2023-02-16 19:32:00+00:00,0.0,0.03333333333333333
boulder-54846,BOULDER / CARPENTER PARK1,boulder-carpenter-park,2023-02-16 20:19:00+00:00,10.545,1.8
boulder-125960,BOULDER / CARPENTER PARK2,boulder-carpenter-park,2023-02-16 21:10:00+00:00,0.0,0.016666666666666666
boulder-54848,BOULDER / CARPENTER PARK2,boulder-carpenter-park,2023-02-16 21:10:00+00:00,0.0,0.016666666666666666
boulder-55271,BOULDER / CARPENTER PARK2,boulder-carpenter-park,2023-02-16 21:27:00+00:00,4.203,0.7
boulder-55299,BOULDER / CARPENTER PARK2,boulder-carpenter-park,2023-02-16 22:48:00+00:00,6.129,1.85
boulder-55508,BOULDER / CARPENTER PARK2,boulder-carpenter-park,2023-02-17 05:06:00+00:00,12.386,2.1
boulder-55511,BOULDER / CARPENTER PARK1,boulder-carpenter-park,2023-02-17 05:59:00+00:00,8.372,1.9166666666666667
boulder-55513,BOULDER / CARPENTER PARK1,boulder-carpenter-park,2023-02-17 12:12:00+00:00,39.678,7.0
boulder-55538,BOULDER / CARPENTER PARK1,boulder-carpenter-park,2023-02-17 14:46:00+00:00,10.02,3.7666666666666666
boulder-55257,BOULDER / CARPENTER PARK2,boulder-carpenter-park,2023-02-17 17:22:00+00:00,5.905,1.8
boulder-55272,BOULDER / CARPENTER PARK2,boulder-carpenter-park,2023-02-17 18:29:00+00:00,0.496,0.08333333333333333
boulder-55284,BOULDER / CARPENTER PARK1,boulder-carpenter-park,2023-02-17 18:35:00+00:00,12.161,2.033333333333333
boulder-55373,BOULDER / CARPENTER PARK2,boulder-carpenter-park,2023-02-17 19:48:00+00:00,2.879,0.7833333333333333
boulder-126029,BOULDER / CARPENTER PARK1,boulder-carpenter-park,2023-02-17 19:49:00+00:00,0.0,0.016666666666666666
boulder-55377,BOULDER / CARPENTER PARK1,boulder-carpenter-park,2023-02-17 19:49:00+00:00,0.0,0.016666666666666666
boulder-126030,BOULDER / CARPENTER PARK1,boulder-carpenter-park,2023-02-17 19:51:00+00:00,0.0,0.03333333333333333
boulder-55388,BOULDER / CARPENTER PARK1,boulder-carpenter-park,2023-02-17 19:51:00+00:00,0.0,0.03333333333333333
boulder-55445,BOULDER / CARPENTER PARK1,boulder-carpenter-park,2023-02-17 21:13:00+00:00,4.427,1.3333333333333333
boulder-55488,BOULDER / CARPENTER PARK2,boulder-carpenter-park,2023-02-17 22:10:00+00:00,17.795,3.05
boulder-55305,BOULDER / CARPENTER PARK2,boulder-carpenter-park,2023-02-18 02:04:00+00:00,21.689,3.75
boulder-126075,BOULDER / CARPENTER PARK1,boulder-carpenter-park,2023-02-18 03:35:00+00:00,0.0,0.03333333333333333
boulder-55315,BOULDER / CARPENTER PARK1,boulder-carpenter-park,2023-02-18 03:35:00+00:00,0.0,0.03333333333333333
boulder-126076,BOULDER / CARPENTER PARK1,boulder-carpenter-park,2023-02-18 03:37:00+00:00,0.0,0.016666666666666666
boulder-55321,BOULDER / CARPENTER PARK1,boulder-carpenter-park,2023-02-18 03:37:00+00:00,0.0,0.016666666666666666
boulder-126077,BOULDER / CARPENTER PARK1,boulder-carpenter-park,2023-02-18 03:38:00+00:00,0.0,0.016666666666666666
boulder-55370,BOULDER / CARPENTER PARK1,boulder-carpenter-park,2023-02-18 03:38:00+00:00,0.0,0.016666666666666666
boulder-126078,BOULDER / CARPENTER PARK1,boulder-carpenter-park,2023-02-18 03:39:00+00:00,0.0,0.016666666666666666
boulder-55372,BOULDER / CARPENTER PARK1,boulder-carpenter-park,2023-02-18 03:39:00+00:00,0.0,0.016666666666666666
boulder-55375,BOULDER / CARPENTER PARK2,boulder-carpenter-park,2023-02-18 03:41:00+00:00,2.866,1.4
boulder-126087,BOULDER / CARPENTER PARK2,boulder-carpenter-park,2023-02-18 15:10:00+00:00,0.0,0.016666666666666666
boulder-55394,BOULDER / CARPENTER PARK2,boulder-carpenter-park,2023-02-18 15:10:00+00:00,0.0,0.016666666666666666
boulder-55395,BOULDER / CARPENTER PARK2,boulder-carpenter-park,2023-02-18 15:11:00+00:00,8.655,3.783333333333333
boulder-126094,BOULDER / CARPENTER PARK1,boulder-carpenter-park,2023-02-18 16:44:00+00:00,0.0,0.016666666666666666
boulder-55401,BOULDER / CARPENTER PARK1,boulder-carpenter-park,2023-02-18 16:44:00+00:00,0.0,0.016666666666666666
boulder-55402,BOULDER / CARPENTER PARK1,boulder-carpenter-park,2023-02-18 16:45:00+00:00,23.875,4.016666666666667
boulder-126120,BOULDER / CARPENTER PARK2,boulder-carpenter-park,2023-02-18 20:56:00+00:00,0.0,0.9
boulder-55285,BOULDER / CARPENTER PARK2,boulder-carpenter-park,2023-02-18 20:56:00+00:00,2.095,0.6333333333333333
boulder-55291,BOULDER / CARPENTER PARK2,boulder-carpenter-park,2023-02-18 20:56:00+00:00,0.0,0.9
boulder-126121,BOULDER / CARPENTER PARK1,boulder-carpenter-park,2023-02-18 21:55:00+00:00,0.0,0.03333333333333333
boulder-55297,BOULDER / CARPENTER PARK1,boulder-carpenter-park,2023-02-18 21:55:00+00:00,0.0,0.03333333333333333
boulder-126122,BOULDER / CARPENTER PARK1,boulder-carpenter-park,2023-02-18 21:57:00+00:00,0.0,0.03333333333333333
boulder-55302,BOULDER / CARPENTER PARK1,boulder-carpenter-park,2023-02-18 21:57:00+00:00,0.0,0.03333333333333333
boulder-126123,BOULDER / CARPENTER PARK1,boulder-carpenter-park,2023-02-18 21:59:00+00:00,0.0,0.03333333333333333
boulder-55313,BOULDER / CARPENTER PARK1,boulder-carpenter-park,2023-02-18 21:59:00+00:00,0.0,0.03333333333333333
boulder-126124,BOULDER / CARPENTER PARK1,boulder-carpenter-park,2023-02-18 22:02:00+00:00,0.0,0.03333333333333333
boulder-55319,BOULDER / CARPENTER PARK1,boulder-carpenter-park,2023-02-18 22:02:00+00:00,0.0,0.03333333333333333
boulder-126125,BOULDER / CARPENTER PARK1,boulder-carpenter-park,2023-02-18 22:04:00+00:00,0.0,0.03333333333333333
boulder-55325,BOULDER / CARPENTER PARK1,boulder-carpenter-park,2023-02-18 22:04:00+00:00,0.0,0.03333333333333333
boulder-126126,BOULDER / CARPENTER PARK1,boulder-carpenter-park,2023-02-18 22:06:00+00:00,0.0,0.03333333333333333
boulder-55366,BOULDER / CARPENTER PARK1,boulder-carpenter-park,2023-02-18 22:06:00+00:00,0.0,0.03333333333333333
boulder-126127,BOULDER / CARPENTER PARK1,boulder-carpenter-park,2023-02-18 22:09:00+00:00,0.0,0.03333333333333333
boulder-55369,BOULDER / CARPENTER PARK1,boulder-carpenter-park,2023-02-18 22:09:00+00:00,0.0,0.03333333333333333
boulder-126128,BOULDER / CARPENTER PARK2,boulder-carpenter-park,2023-02-18 22:10:00+00:00,0.0,0.0
boulder-55371,BOULDER / CARPENTER PARK2,boulder-carpenter-park,2023-02-18 22:10:00+00:00,0.0,0.0
boulder-126129,BOULDER / CARPENTER PARK1,boulder-carpenter-park,2023-02-18 22:11:00+00:00,0.0,0.03333333333333333
boulder-126130,BOULDER / CARPENTER PARK1,boulder-carpenter-park,2023-02-18 22:11:00+00:00,0.0,0.03333333333333333
boulder-55374,BOULDER / CARPENTER PARK1,boulder-carpenter-park,2023-02-18 22:11:00+00:00,0.0,0.03333333333333333
boulder-55378,BOULDER / CARPENTER PARK1,boulder-carpenter-park,2023-02-18 22:11:00+00:00,0.0,0.03333333333333333
boulder-55384,BOULDER / CARPENTER PARK2,boulder-carpenter-park,2023-02-18 22:11:00+00:00,3.397,0.5833333333333334
boulder-55478,BOULDER / CARPENTER PARK2,boulder-carpenter-park,2023-02-19 03:12:00+00:00,2.187,0.75
boulder-126151,BOULDER / CARPENTER PARK1,boulder-carpenter-park,2023-02-19 04:41:00+00:00,0.0,0.03333333333333333
boulder-55518,BOULDER / CARPENTER PARK1,boulder-carpenter-park,2023-02-19 04:41:00+00:00,0.0,0.03333333333333333
boulder-126152,BOULDER / CARPENTER PARK2,boulder-carpenter-park,2023-02-19 04:43:00+00:00,0.0,0.016666666666666666
boulder-55521,BOULDER / CARPENTER PARK2,boulder-carpenter-park,2023-02-19 04:43:00+00:00,0.0,0.016666666666666666
boulder-126153,BOULDER / CARPENTER PARK1,boulder-carpenter-park,2023-02-19 04:44:00+00:00,0.0,0.03333333333333333
boulder-55525,BOULDER / CARPENTER PARK1,boulder-carpenter-park,2023-02-19 04:44:00+00:00,0.0,0.03333333333333333
boulder-55529,BOULDER / CARPENTER PARK2,boulder-carpenter-park,2023-02-19 04:45:00+00:00,0.172,0.05
boulder-55533,BOULDER / CARPENTER PARK2,boulder-carpenter-park,2023-02-19 05:14:00+00:00,0.666,0.21666666666666667
boulder-55537,BOULDER / CARPENTER PARK2,boulder-carpenter-park,2023-02-19 06:40:00+00:00,3.378,1.0166666666666666
boulder-55262,BOULDER / CARPENTER PARK2,boulder-carpenter-park,2023-02-19 15:38:00+00:00,8.715,1.4333333333333333
boulder-55387,BOULDER / CARPENTER PARK2,boulder-carpenter-park,2023-02-19 18:19:00+00:00,2.077,0.35
boulder-55427,BOULDER / CARPENTER PARK1,boulder-carpenter-park,2023-02-19 18:30:00+00:00,4.687,0.8
boulder-55431,BOULDER / CARPENTER PARK1,boulder-carpenter-park,2023-02-19 18:34:00+00:00,2.154,0.9166666666666666
boulder-126203,BOULDER / CARPENTER PARK2,boulder-carpenter-park,2023-02-19 21:52:00+00:00,0.0,0.016666666666666666
boulder-55494,BOULDER / CARPENTER PARK2,boulder-carpenter-park,2023-02-19 21:52:00+00:00,0.0,0.016666666666666666
boulder-55495,BOULDER / CARPENTER PARK2,boulder-carpenter-park,2023-02-19 21:53:00+00:00,2.586,0.43333333333333335
boulder-126206,BOULDER / CARPENTER PARK2,boulder-carpenter-park,2023-02-19 22:37:00+00:00,0.0,0.03333333333333333
boulder-55497,BOULDER / CARPENTER PARK2,boulder-carpenter-park,2023-02-19 22:37:00+00:00,0.0,0.03333333333333333
boulder-126208,BOULDER / CARPENTER PARK2,boulder-carpenter-park,2023-02-19 22:39:00+00:00,0.0,0.03333333333333333
boulder-55499,BOULDER / CARPENTER PARK2,boulder-carpenter-park,2023-02-19 22:39:00+00:00,0.0,0.03333333333333333
boulder-126209,BOULDER / CARPENTER PARK1,boulder-carpenter-park,2023-02-19 22:42:00+00:00,0.0,0.016666666666666666
boulder-55500,BOULDER / CARPENTER PARK1,boulder-carpenter-park,2023-02-19 22:42:00+00:00,0.0,0.016666666666666666
boulder-126210,BOULDER / CARPENTER PARK1,boulder-carpenter-park,2023-02-19 22:43:00+00:00,0.0,0.016666666666666666
boulder-55501,BOULDER / CARPENTER PARK1,boulder-carpenter-park,2023-02-19 22:43:00+00:00,0.0,0.016666666666666666
boulder-55301,BOULDER / CARPENTER PARK2,boulder-carpenter-park,2023-02-20 00:24:00+00:00,6.047,3.15
boulder-55328,BOULDER / CARPENTER PARK2,boulder-carpenter-park,2023-02-20 04:50:00+00:00,30.352,10.233333333333333
boulder-55333,BOULDER / CARPENTER PARK1,boulder-carpenter-park,2023-02-20 14:47:00+00:00,15.636,3.3
boulder-55336,BOULDER / CARPENTER PARK1,boulder-carpenter-park,2023-02-20 15:45:00+00:00,3.303,0.5833333333333334
boulder-55344,BOULDER / CARPENTER PARK2,boulder-carpenter-park,2023-02-20 16:19:00+00:00,20.163,3.466666666666667
boulder-55348,BOULDER / CARPENTER PARK1,boulder-carpenter-park,2023-02-20 17:07:00+00:00,7.543,1.3
boulder-55504,BOULDER / CARPENTER PARK2,boulder-carpenter-park,2023-02-20 20:33:00+00:00,11.4,3.2
boulder-55512,BOULDER / CARPENTER PARK1,boulder-carpenter-park,2023-02-20 21:27:00+00:00,4.295,2.2666666666666666
boulder-125203,BOULDER / CARPENTER PARK1,boulder-carpenter-park,2023-02-20 22:42:00+00:00,0.0,0.016666666666666666
boulder-55524,BOULDER / CARPENTER PARK1,boulder-carpenter-park,2023-02-20 22:42:00+00:00,0.0,0.016666666666666666
boulder-125204,BOULDER / CARPENTER PARK1,boulder-carpenter-park,2023-02-20 22:43:00+00:00,0.0,0.03333333333333333
boulder-55528,BOULDER / CARPENTER PARK1,boulder-carpenter-park,2023-02-20 22:43:00+00:00,0.0,0.03333333333333333
boulder-55532,BOULDER / CARPENTER PARK1,boulder-carpenter-park,2023-02-20 22:45:00+00:00,14.504,2.433333333333333
boulder-125207,BOULDER / CARPENTER PARK2,boulder-carpenter-park,2023-02-20 23:41:00+00:00,0.0,0.0
boulder-55550,BOULDER / CARPENTER PARK2,boulder-carpenter-park,2023-02-20 23:41:00+00:00,0.0,0.0
boulder-125217,BOULDER / CARPENTER PARK1,boulder-carpenter-park,2023-02-21 13:33:00+00:00,0.0,0.016666666666666666
boulder-55573,BOULDER / CARPENTER PARK1,boulder-carpenter-park,2023-02-21 13:33:00+00:00,0.0,0.016666666666666666
boulder-125218,BOULDER / CARPENTER PARK1,boulder-carpenter-park,2023-02-21 13:35:00+00:00,0.0,0.0
boulder-55574,BOULDER / CARPENTER PARK1,boulder-carpenter-park,2023-02-21 13:35:00+00:00,0.0,0.0
boulder-55575,BOULDER / CARPENTER PARK1,boulder-carpenter-park,2023-02-21 13:36:00+00:00,10.791,6.433333333333334
boulder-55577,BOULDER / CARPENTER PARK1,boulder-carpenter-park,2023-02-21 14:39:00+00:00,6.47,3.6
boulder-55585,BOULDER / CARPENTER PARK2,boulder-carpenter-park,2023-02-21 15:26:00+00:00,23.882,3.966666666666667
boulder-125238,BOULDER / CARPENTER PARK2,boulder-carpenter-park,2023-02-21 16:53:00+00:00,0.0,0.016666666666666666
boulder-55591,BOULDER / CARPENTER PARK2,boulder-carpenter-park,2023-02-21 16:53:00+00:00,0.0,0.016666666666666666
boulder-55599,BOULDER / CARPENTER PARK2,boulder-carpenter-park,2023-02-21 19:41:00+00:00,3.286,0.9833333333333333
boulder-125249,BOULDER / CARPENTER PARK1,boulder-carpenter-park,2023-02-21 20:18:00+00:00,0.0,0.016666666666666666
boulder-55202,BOULDER / CARPENTER PARK1,boulder-carpenter-park,2023-02-21 20:18:00+00:00,0.0,0.016666666666666666
boulder-125250,BOULDER / CARPENTER PARK1,boulder-carpenter-park,2023-02-21 20:22:00+00:00,0.0,0.0
boulder-55203,BOULDER / CARPENTER PARK1,boulder-carpenter-park,2023-02-21 20:22:00+00:00,0.0,0.0
boulder-55204,BOULDER / CARPENTER PARK1,boulder-carpenter-park,2023-02-21 20:23:00+00:00,5.447,0.95
boulder-125254,BOULDER / CARPENTER PARK1,boulder-carpenter-park,2023-02-21 20:41:00+00:00,0.0,0.016666666666666666
boulder-55207,BOULDER / CARPENTER PARK1,boulder-carpenter-park,2023-02-21 20:41:00+00:00,0.0,0.016666666666666666
boulder-55208,BOULDER / CARPENTER PARK2,boulder-carpenter-park,2023-02-21 20:42:00+00:00,7.524,1.3
boulder-55211,BOULDER / CARPENTER PARK1,boulder-carpenter-park,2023-02-21 21:37:00+00:00,6.128,1.0666666666666667
boulder-55218,BOULDER / CARPENTER PARK1,boulder-carpenter-park,2023-02-21 23:18:00+00:00,5.067,0.8833333333333333
boulder-55227,BOULDER / CARPENTER PARK2,boulder-carpenter-park,2023-02-21 23:40:00+00:00,5.444,0.9333333333333333
boulder-55235,BOULDER / CARPENTER PARK2,boulder-carpenter-park,2023-02-22 02:56:00+00:00,5.438,1.5166666666666666
boulder-125279,BOULDER / CARPENTER PARK1,boulder-carpenter-park,2023-02-22 04:25:00+00:00,0.0,0.016666666666666666
boulder-55236,BOULDER / CARPENTER PARK1,boulder-carpenter-park,2023-02-22 04:25:00+00:00,0.0,0.016666666666666666
boulder-55237,BOULDER / CARPENTER PARK2,boulder-carpenter-park,2023-02-22 04:27:00+00:00,0.698,0.25
boulder-125292,BOULDER / CARPENTER PARK2,boulder-carpenter-park,2023-02-22 16:46:00+00:00,0.0,0.0
boulder-55250,BOULDER / CARPENTER PARK2,boulder-carpenter-park,2023-02-22 16:46:00+00:00,0.0,0.0
boulder-55251,BOULDER / CARPENTER PARK2,boulder-carpenter-park,2023-02-22 16:47:00+00:00,5.297,0.8666666666666667
boulder-55254,BOULDER / CARPENTER PARK2,boulder-carpenter-park,2023-02-22 17:47:00+00:00,24.262,4.116666666666666
boulder-125298,BOULDER / CARPENTER PARK1,boulder-carpenter-park,2023-02-22 18:04:00+00:00,0.0,0.016666666666666666
boulder-55601,BOULDER / CARPENTER PARK1,boulder-carpenter-park,2023-02-22 18:04:00+00:00,0.0,0.016666666666666666
boulder-55667,BOULDER / CARPENTER PARK1,boulder-carpenter-park,2023-02-22 19:49:00+00:00,24.398,5.283333333333333
boulder-125308,BOULDER / CARPENTER PARK1,boulder-carpenter-park,2023-02-22 22:53:00+00:00,0.0,0.03333333333333333
boulder-55744,BOULDER / CARPENTER PARK1,boulder-carpenter-park,2023-02-22 22:53:00+00:00,0.0,0.03333333333333333
boulder-125309,BOULDER / CARPENTER PARK1,boulder-carpenter-park,2023-02-22 23:10:00+00:00,0.0,0.03333333333333333
boulder-55750,BOULDER / CARPENTER PARK1,boulder-carpenter-park,2023-02-22 23:10:00+00:00,0.0,0.03333333333333333
boulder-55794,BOULDER / CARPENTER PARK2,boulder-carpenter-park,2023-02-22 23:10:00+00:00,1.464,0.6
boulder-55858,BOULDER / CARPENTER PARK1,boulder-carpenter-park,2023-02-23 14:47:00+00:00,19.084,5.716666666666667
boulder-55951,BOULDER / CARPENTER PARK2,boulder-carpenter-park,2023-02-23 17:50:00+00:00,1.69,0.5
boulder-55962,BOULDER / CARPENTER PARK2,boulder-carpenter-park,2023-02-23 18:20:00+00:00,0.124,0.05
boulder-55671,BOULDER / CARPENTER PARK2,boulder-carpenter-park,2023-02-23 20:21:00+00:00,13.194,2.183333333333333
boulder-55841,BOULDER / CARPENTER PARK1,boulder-carpenter-park,2023-02-23 23:56:00+00:00,16.132,2.716666666666667
boulder-125388,BOULDER / CARPENTER PARK1,boulder-carpenter-park,2023-02-24 14:25:00+00:00,0.0,0.016666666666666666
boulder-55961,BOULDER / CARPENTER PARK1,boulder-carpenter-park,2023-02-24 14:25:00+00:00,0.0,0.016666666666666666
boulder-125389,BOULDER / CARPENTER PARK1,boulder-carpenter-park,2023-02-24 14:26:00+00:00,0.0,0.31666666666666665
boulder-55965,BOULDER / CARPENTER PARK1,boulder-carpenter-park,2023-02-24 14:26:00+00:00,0.0,0.31666666666666665
boulder-55983,BOULDER / CARPENTER PARK2,boulder-carpenter-park,2023-02-24 15:35:00+00:00,10.874,3.316666666666667
boulder-55989,BOULDER / CARPENTER PARK1,boulder-carpenter-park,2023-02-24 15:41:00+00:00,23.116,4.933333333333334
boulder-55993,BOULDER / CARPENTER PARK2,boulder-carpenter-park,2023-02-24 15:56:00+00:00,10.533,3.2
boulder-55679,BOULDER / CARPENTER PARK1,boulder-carpenter-park,2023-02-24 17:42:00+00:00,9.344,4.433333333333334
boulder-125415,BOULDER / CARPENTER PARK2,boulder-carpenter-park,2023-02-24 20:04:00+00:00,0.0,0.016666666666666666
boulder-55689,BOULDER / CARPENTER PARK2,boulder-carpenter-park,2023-02-24 20:04:00+00:00,0.0,0.016666666666666666
boulder-55690,BOULDER / CARPENTER PARK2,boulder-carpenter-park,2023-02-24 20:06:00+00:00,12.774,2.1166666666666667
boulder-125423,BOULDER / CARPENTER PARK1,boulder-carpenter-park,2023-02-24 22:07:00+00:00,0.0,0.0
boulder-55697,BOULDER / CARPENTER PARK1,boulder-carpenter-park,2023-02-24 22:07:00+00:00,0.0,0.0
boulder-125424,BOULDER / CARPENTER PARK2,boulder-carpenter-park,2023-02-24 22:09:00+00:00,0.0,0.016666666666666666
boulder-55698,BOULDER / CARPENTER PARK2,boulder-carpenter-park,2023-02-24 22:09:00+00:00,0.0,0.016666666666666666
boulder-125431,BOULDER / CARPENTER PARK1,boulder-carpenter-park,2023-02-24 23:54:00+00:00,0.0,0.016666666666666666
boulder-55705,BOULDER / CARPENTER PARK1,boulder-carpenter-park,2023-02-24 23:54:00+00:00,0.0,0.016666666666666666
boulder-55826,BOULDER / CARPENTER PARK1,boulder-carpenter-park,2023-02-25 17:38:00+00:00,7.2,1.2333333333333334
boulder-125468,BOULDER / CARPENTER PARK2,boulder-carpenter-park,2023-02-25 18:01:00+00:00,0.0,0.016666666666666666
boulder-55840,BOULDER / CARPENTER PARK2,boulder-carpenter-park,2023-02-25 18:01:00+00:00,0.0,0.016666666666666666
boulder-55845,BOULDER / CARPENTER PARK2,boulder-carpenter-park,2023-02-25 18:02:00+00:00,5.186,0.8666666666666667
boulder-125471,BOULDER / CARPENTER PARK1,boulder-carpenter-park,2023-02-25 18:07:00+00:00,0.0,0.016666666666666666
boulder-55854,BOULDER / CARPENTER PARK1,boulder-carpenter-park,2023-02-25 18:07:00+00:00,0.0,0.016666666666666666
boulder-125474,BOULDER / CARPENTER PARK2,boulder-carpenter-park,2023-02-25 18:40:00+00:00,0.0,0.016666666666666666
boulder-55871,BOULDER / CARPENTER PARK2,boulder-carpenter-park,2023-02-25 18:40:00+00:00,0.0,0.016666666666666666
boulder-125477,BOULDER / CARPENTER PARK1,boulder-carpenter-park,2023-02-25 18:55:00+00:00,0.0,0.016666666666666666
boulder-55885,BOULDER / CARPENTER PARK1,boulder-carpenter-park,2023-02-25 18:55:00+00:00,0.0,0.016666666666666666
boulder-55890,BOULDER / CARPENTER PARK2,boulder-carpenter-park,2023-02-25 19:03:00+00:00,1.347,0.4166666666666667
boulder-125481,BOULDER / CARPENTER PARK2,boulder-carpenter-park,2023-02-25 19:58:00+00:00,0.0,0.016666666666666666
boulder-55904,BOULDER / CARPENTER PARK2,boulder-carpenter-park,2023-02-25 19:58:00+00:00,0.0,0.016666666666666666
boulder-55907,BOULDER / CARPENTER PARK2,boulder-carpenter-park,2023-02-25 19:59:00+00:00,18.174,3.033333333333333
boulder-125487,BOULDER / CARPENTER PARK1,boulder-carpenter-park,2023-02-25 20:28:00+00:00,0.0,0.016666666666666666
boulder-55946,BOULDER / CARPENTER PARK1,boulder-carpenter-park,2023-02-25 20:28:00+00:00,0.0,0.016666666666666666
boulder-125488,BOULDER / CARPENTER PARK1,boulder-carpenter-park,2023-02-25 20:29:00+00:00,0.0,0.016666666666666666
boulder-55952,BOULDER / CARPENTER PARK1,boulder-carpenter-park,2023-02-25 20:29:00+00:00,0.0,0.016666666666666666
boulder-55955,BOULDER / CARPENTER PARK1,boulder-carpenter-park,2023-02-25 20:30:00+00:00,25.525,4.25
boulder-125503,BOULDER / CARPENTER PARK1,boulder-carpenter-park,2023-02-25 23:02:00+00:00,0.0,0.03333333333333333
boulder-55733,BOULDER / CARPENTER PARK1,boulder-carpenter-park,2023-02-25 23:02:00+00:00,0.0,0.03333333333333333
boulder-55742,BOULDER / CARPENTER PARK2,boulder-carpenter-park,2023-02-25 23:05:00+00:00,2.284,0.4166666666666667
boulder-55748,BOULDER / CARPENTER PARK1,boulder-carpenter-park,2023-02-25 23:15:00+00:00,9.785,1.65
boulder-55842,BOULDER / CARPENTER PARK2,boulder-carpenter-park,2023-02-26 02:22:00+00:00,2.479,0.4166666666666667
boulder-125529,BOULDER / CARPENTER PARK1,boulder-carpenter-park,2023-02-26 17:24:00+00:00,0.0,0.03333333333333333
boulder-55911,BOULDER / CARPENTER PARK1,boulder-carpenter-park,2023-02-26 17:24:00+00:00,0.0,0.03333333333333333
boulder-125541,BOULDER / CARPENTER PARK1,boulder-carpenter-park,2023-02-26 20:35:00+00:00,0.0,3.4
boulder-55935,BOULDER / CARPENTER PARK1,boulder-carpenter-park,2023-02-26 20:35:00+00:00,0.0,3.4
boulder-125547,BOULDER / CARPENTER PARK1,boulder-carpenter-park,2023-02-26 21:12:00+00:00,0.0,0.03333333333333333
boulder-55941,BOULDER / CARPENTER PARK1,boulder-carpenter-park,2023-02-26 21:12:00+00:00,0.0,0.03333333333333333
boulder-55942,BOULDER / CARPENTER PARK2,boulder-carpenter-park,2023-02-26 21:13:00+00:00,12.853,3.8833333333333333
boulder-55746,BOULDER / CARPENTER PARK1,boulder-carpenter-park,2023-02-26 22:28:00+00:00,0.538,0.1
boulder-55860,BOULDER / CARPENTER PARK2,boulder-carpenter-park,2023-02-27 03:15:00+00:00,42.157,13.583333333333334
boulder-55865,BOULDER / CARPENTER PARK1,boulder-carpenter-park,2023-02-27 03:51:00+00:00,7.864,3.0
boulder-55923,BOULDER / CARPENTER PARK2,boulder-carpenter-park,2023-02-27 15:47:00+00:00,8.088,3.433333333333333
boulder-125586,BOULDER / CARPENTER PARK1,boulder-carpenter-park,2023-02-27 16:22:00+00:00,0.0,0.03333333333333333
boulder-55977,BOULDER / CARPENTER PARK1,boulder-carpenter-park,2023-02-27 16:22:00+00:00,0.0,0.03333333333333333
boulder-55981,BOULDER / CARPENTER PARK1,boulder-carpenter-park,2023-02-27 16:24:00+00:00,4.601,3.2666666666666666
boulder-125593,BOULDER / CARPENTER PARK1,boulder-carpenter-park,2023-02-27 17:38:00+00:00,0.0,0.016666666666666666
boulder-55995,BOULDER / CARPENTER PARK1,boulder-carpenter-park,2023-02-27 17:38:00+00:00,0.0,0.016666666666666666
boulder-55996,BOULDER / CARPENTER PARK1,boulder-carpenter-park,2023-02-27 17:40:00+00:00,19.714,3.316666666666667
boulder-55754,BOULDER / CARPENTER PARK2,boulder-carpenter-park,2023-02-27 20:17:00+00:00,12.353,7.35
boulder-55759,BOULDER / CARPENTER PARK1,boulder-carpenter-park,2023-02-27 22:11:00+00:00,30.231,8.55
boulder-125624,BOULDER / CARPENTER PARK1,boulder-carpenter-park,2023-02-28 00:44:00+00:00,0.0,0.016666666666666666
boulder-55769,BOULDER / CARPENTER PARK1,boulder-carpenter-park,2023-02-28 00:44:00+00:00,0.0,0.016666666666666666
boulder-55771,BOULDER / CARPENTER PARK1,boulder-carpenter-park,2023-02-28 00:46:00+00:00,1.383,0.4666666666666667
boulder-55783,BOULDER / CARPENTER PARK1,boulder-carpenter-park,2023-02-28 14:24:00+00:00,1.514,0.5166666666666667
boulder-55784,BOULDER / CARPENTER PARK1,boulder-carpenter-park,2023-02-28 14:46:00+00:00,13.22,3.4166666666666665
boulder-55786,BOULDER / CARPENTER PARK2,boulder-carpenter-park,2023-02-28 15:11:00+00:00,13.499,2.566666666666667
boulder-55790,BOULDER / CARPENTER PARK1,boulder-carpenter-park,2023-02-28 15:19:00+00:00,19.288,4.833333333333333
boulder-55616,BOULDER / CARPENTER PARK1,boulder-carpenter-park,2023-02-28 18:27:00+00:00,24.832,4.166666666666667
boulder-55618,BOULDER / CARPENTER PARK2,boulder-carpenter-park,2023-02-28 18:30:00+00:00,14.466,5.616666666666666
boulder-125668,BOULDER / CARPENTER PARK1,boulder-carpenter-park,2023-02-28 20:16:00+00:00,0.0,0.03333333333333333
boulder-55625,BOULDER / CARPENTER PARK1,boulder-carpenter-park,2023-02-28 20:16:00+00:00,0.0,0.03333333333333333
boulder-125669,BOULDER / CARPENTER PARK1,boulder-carpenter-park,2023-02-28 20:19:00+00:00,0.0,0.03333333333333333
boulder-55626,BOULDER / CARPENTER PARK1,boulder-carpenter-park,2023-02-28 20:19:00+00:00,0.0,0.03333333333333333
boulder-55627,BOULDER / CARPENTER PARK1,boulder-carpenter-park,2023-02-28 20:24:00+00:00,0.238,0.06666666666666667
boulder-125681,BOULDER / CARPENTER PARK2,boulder-carpenter-park,2023-02-28 22:52:00+00:00,0.0,0.0
boulder-55640,BOULDER / CARPENTER PARK2,boulder-carpenter-park,2023-02-28 22:52:00+00:00,0.0,0.0
boulder-125691,BOULDER / CARPENTER PARK1,boulder-carpenter-park,2023-03-01 00:15:00+00:00,0.0,0.016666666666666666
boulder-55650,BOULDER / CARPENTER PARK1,boulder-carpenter-park,2023-03-01 00:15:00+00:00,0.0,0.016666666666666666
boulder-55651,BOULDER / CARPENTER PARK2,boulder-carpenter-park,2023-03-01 00:17:00+00:00,2.334,0.4166666666666667
boulder-125694,BOULDER / CARPENTER PARK2,boulder-carpenter-park,2023-03-01 00:27:00+00:00,0.0,0.03333333333333333
boulder-55653,BOULDER / CARPENTER PARK2,boulder-carpenter-park,2023-03-01 00:27:00+00:00,0.0,0.03333333333333333
boulder-125695,BOULDER / CARPENTER PARK1,boulder-carpenter-park,2023-03-01 00:29:00+00:00,0.0,0.03333333333333333
boulder-55654,BOULDER / CARPENTER PARK1,boulder-carpenter-park,2023-03-01 00:29:00+00:00,0.0,0.03333333333333333
boulder-56068,BOULDER / CARPENTER PARK2,boulder-carpenter-park,2023-03-01 02:08:00+00:00,20.334,3.466666666666667
boulder-56197,BOULDER / CARPENTER PARK1,boulder-carpenter-park,2023-03-01 14:45:00+00:00,7.441,2.283333333333333
boulder-56203,BOULDER / CARPENTER PARK2,boulder-carpenter-park,2023-03-01 16:39:00+00:00,12.146,2.1
boulder-56213,BOULDER / CARPENTER PARK1,boulder-carpenter-park,2023-03-01 19:34:00+00:00,5.544,0.95
boulder-126771,BOULDER / CARPENTER PARK1,boulder-carpenter-park,2023-03-01 20:59:00+00:00,0.0,0.0
boulder-56222,BOULDER / CARPENTER PARK1,boulder-carpenter-park,2023-03-01 20:59:00+00:00,0.0,0.0
boulder-56223,BOULDER / CARPENTER PARK1,boulder-carpenter-park,2023-03-01 21:00:00+00:00,5.534,1.85
boulder-126778,BOULDER / CARPENTER PARK2,boulder-carpenter-park,2023-03-01 22:09:00+00:00,0.0,0.26666666666666666
boulder-56226,BOULDER / CARPENTER PARK2,boulder-carpenter-park,2023-03-01 22:09:00+00:00,0.0,0.26666666666666666
boulder-56227,BOULDER / CARPENTER PARK2,boulder-carpenter-park,2023-03-01 22:25:00+00:00,1.843,0.3333333333333333
boulder-126816,BOULDER / CARPENTER PARK2,boulder-carpenter-park,2023-03-02 01:25:00+00:00,0.0,0.016666666666666666
boulder-56081,BOULDER / CARPENTER PARK2,boulder-carpenter-park,2023-03-02 01:25:00+00:00,0.0,0.016666666666666666
boulder-126820,BOULDER / CARPENTER PARK2,boulder-carpenter-park,2023-03-02 01:26:00+00:00,0.0,0.03333333333333333
boulder-56083,BOULDER / CARPENTER PARK2,boulder-carpenter-park,2023-03-02 01:26:00+00:00,0.0,0.03333333333333333
boulder-126822,BOULDER / CARPENTER PARK2,boulder-carpenter-park,2023-03-02 01:28:00+00:00,0.0,0.06666666666666667
boulder-56084,BOULDER / CARPENTER PARK2,boulder-carpenter-park,2023-03-02 01:28:00+00:00,0.0,0.06666666666666667
boulder-56085,BOULDER / CARPENTER PARK1,boulder-carpenter-park,2023-03-02 01:34:00+00:00,16.519,2.8
boulder-56092,BOULDER / CARPENTER PARK1,boulder-carpenter-park,2023-03-02 14:47:00+00:00,15.269,3.3
boulder-56099,BOULDER / CARPENTER PARK1,boulder-carpenter-park,2023-03-02 15:29:00+00:00,16.108,3.65
boulder-56115,BOULDER / CARPENTER PARK2,boulder-carpenter-park,2023-03-02 20:25:00+00:00,12.421,4.25
boulder-56118,BOULDER / CARPENTER PARK1,boulder-carpenter-park,2023-03-02 21:41:00+00:00,1.778,0.31666666666666665
boulder-56277,BOULDER / CARPENTER PARK2,boulder-carpenter-park,2023-03-03 14:35:00+00:00,42.973,7.1
boulder-56281,BOULDER / CARPENTER PARK1,boulder-carpenter-park,2023-03-03 14:43:00+00:00,6.359,3.816666666666667
boulder-56306,BOULDER / CARPENTER PARK2,boulder-carpenter-park,2023-03-03 15:55:00+00:00,10.368,3.1666666666666665
boulder-56318,BOULDER / CARPENTER PARK1,boulder-carpenter-park,2023-03-03 16:07:00+00:00,18.053,3.5833333333333335
boulder-127045,BOULDER / CARPENTER PARK1,boulder-carpenter-park,2023-03-03 20:14:00+00:00,0.0,0.016666666666666666
boulder-56362,BOULDER / CARPENTER PARK1,boulder-carpenter-park,2023-03-03 20:14:00+00:00,0.0,0.016666666666666666
boulder-56366,BOULDER / CARPENTER PARK1,boulder-carpenter-park,2023-03-03 20:15:00+00:00,9.391,2.8666666666666667
boulder-56380,BOULDER / CARPENTER PARK1,boulder-carpenter-park,2023-03-03 20:57:00+00:00,8.216,2.5
boulder-127057,BOULDER / CARPENTER PARK2,boulder-carpenter-park,2023-03-03 22:04:00+00:00,0.0,0.016666666666666666
boulder-56126,BOULDER / CARPENTER PARK2,boulder-carpenter-park,2023-03-03 22:04:00+00:00,0.0,0.016666666666666666
boulder-127059,BOULDER / CARPENTER PARK2,boulder-carpenter-park,2023-03-03 22:05:00+00:00,0.0,0.03333333333333333
boulder-56129,BOULDER / CARPENTER PARK2,boulder-carpenter-park,2023-03-03 22:05:00+00:00,0.0,0.03333333333333333
boulder-56134,BOULDER / CARPENTER PARK2,boulder-carpenter-park,2023-03-03 23:39:00+00:00,2.674,0.7333333333333333
boulder-56151,BOULDER / CARPENTER PARK2,boulder-carpenter-park,2023-03-04 01:56:00+00:00,4.618,1.4333333333333333
boulder-127143,BOULDER / CARPENTER PARK1,boulder-carpenter-park,2023-03-04 16:01:00+00:00,0.0,2.183333333333333
boulder-56171,BOULDER / CARPENTER PARK1,boulder-carpenter-park,2023-03-04 16:01:00+00:00,0.0,2.183333333333333
boulder-56173,BOULDER / CARPENTER PARK2,boulder-carpenter-park,2023-03-04 16:47:00+00:00,23.912,3.966666666666667
boulder-56002,BOULDER / CARPENTER PARK1,boulder-carpenter-park,2023-03-04 17:56:00+00:00,6.11,1.0833333333333333
boulder-127188,BOULDER / CARPENTER PARK1,boulder-carpenter-park,2023-03-04 20:51:00+00:00,0.0,0.016666666666666666
boulder-56022,BOULDER / CARPENTER PARK1,boulder-carpenter-park,2023-03-04 20:51:00+00:00,0.0,0.016666666666666666
boulder-56023,BOULDER / CARPENTER PARK1,boulder-carpenter-park,2023-03-04 20:52:00+00:00,25.568,4.25
boulder-127242,BOULDER / CARPENTER PARK2,boulder-carpenter-park,2023-03-05 01:40:00+00:00,0.0,0.016666666666666666
boulder-56050,BOULDER / CARPENTER PARK2,boulder-carpenter-park,2023-03-05 01:40:00+00:00,0.0,0.016666666666666666
boulder-127244,BOULDER / CARPENTER PARK2,boulder-carpenter-park,2023-03-05 01:41:00+00:00,0.0,0.016666666666666666
boulder-56051,BOULDER / CARPENTER PARK2,boulder-carpenter-park,2023-03-05 01:41:00+00:00,0.0,0.016666666666666666
boulder-56052,BOULDER / CARPENTER PARK1,boulder-carpenter-park,2023-03-05 01:43:00+00:00,0.5,0.16666666666666666
boulder-127274,BOULDER / CARPENTER PARK1,boulder-carpenter-park,2023-03-05 16:38:00+00:00,0.0,0.016666666666666666
boulder-56252,BOULDER / CARPENTER PARK1,boulder-carpenter-park,2023-03-05 16:38:00+00:00,0.0,0.016666666666666666
boulder-56268,BOULDER / CARPENTER PARK2,boulder-carpenter-park,2023-03-05 17:36:00+00:00,5.752,0.95
boulder-56371,BOULDER / CARPENTER PARK2,boulder-carpenter-park,2023-03-05 22:06:00+00:00,11.814,3.4833333333333334
boulder-56073,BOULDER / CARPENTER PARK1,boulder-carpenter-park,2023-03-05 22:55:00+00:00,2.604,0.85
boulder-56267,BOULDER / CARPENTER PARK1,boulder-carpenter-park,2023-03-06 08:30:00+00:00,33.556,8.266666666666667
boulder-56287,BOULDER / CARPENTER PARK1,boulder-carpenter-park,2023-03-06 14:44:00+00:00,16.709,3.3833333333333333
boulder-56386,BOULDER / CARPENTER PARK1,boulder-carpenter-park,2023-03-06 21:13:00+00:00,4.567,1.3833333333333333
boulder-56388,BOULDER / CARPENTER PARK2,boulder-carpenter-park,2023-03-06 21:17:00+00:00,17.983,3.183333333333333
boulder-56265,BOULDER / CARPENTER PARK2,boulder-carpenter-park,2023-03-07 06:25:00+00:00,34.508,8.166666666666666
boulder-56278,BOULDER / CARPENTER PARK2,boulder-carpenter-park,2023-03-07 14:36:00+00:00,0.213,0.08333333333333333
boulder-56282,BOULDER / CARPENTER PARK1,boulder-carpenter-park,2023-03-07 14:49:00+00:00,11.759,4.133333333333334
boulder-56286,BOULDER / CARPENTER PARK2,boulder-carpenter-park,2023-03-07 15:20:00+00:00,23.42,3.9
boulder-56311,BOULDER / CARPENTER PARK1,boulder-carpenter-park,2023-03-07 16:03:00+00:00,22.865,4.266666666666667
boulder-56376,BOULDER / CARPENTER PARK1,boulder-carpenter-park,2023-03-07 19:10:00+00:00,19.58,3.2666666666666666
boulder-56385,BOULDER / CARPENTER PARK2,boulder-carpenter-park,2023-03-07 19:49:00+00:00,3.028,0.95
boulder-56387,BOULDER / CARPENTER PARK1,boulder-carpenter-park,2023-03-07 20:23:00+00:00,1.81,0.31666666666666665
boulder-56393,BOULDER / CARPENTER PARK1,boulder-carpenter-park,2023-03-07 21:08:00+00:00,1.792,0.3
boulder-127542,BOULDER / CARPENTER PARK2,boulder-carpenter-park,2023-03-07 21:52:00+00:00,0.0,0.016666666666666666
boulder-56398,BOULDER / CARPENTER PARK2,boulder-carpenter-park,2023-03-07 21:52:00+00:00,0.0,0.016666666666666666
boulder-127544,BOULDER / CARPENTER PARK2,boulder-carpenter-park,2023-03-07 21:53:00+00:00,0.0,0.016666666666666666
boulder-56399,BOULDER / CARPENTER PARK2,boulder-carpenter-park,2023-03-07 21:53:00+00:00,0.0,0.016666666666666666
boulder-56400,BOULDER / CARPENTER PARK2,boulder-carpenter-park,2023-03-07 21:55:00+00:00,4.415,1.3166666666666667
boulder-127578,BOULDER / CARPENTER PARK2,boulder-carpenter-park,2023-03-08 01:37:00+00:00,0.0,0.016666666666666666
boulder-56487,BOULDER / CARPENTER PARK2,boulder-carpenter-park,2023-03-08 01:37:00+00:00,0.0,0.016666666666666666
boulder-56488,BOULDER / CARPENTER PARK2,boulder-carpenter-park,2023-03-08 01:38:00+00:00,21.178,3.8833333333333333
boulder-56489,BOULDER / CARPENTER PARK1,boulder-carpenter-park,2023-03-08 01:55:00+00:00,5.578,3.2666666666666666
boulder-56508,BOULDER / CARPENTER PARK1,boulder-carpenter-park,2023-03-08 16:14:00+00:00,16.949,2.85
boulder-56510,BOULDER / CARPENTER PARK2,boulder-carpenter-park,2023-03-08 16:19:00+00:00,26.746,4.566666666666666
boulder-56405,BOULDER / CARPENTER PARK1,boulder-carpenter-park,2023-03-08 18:49:00+00:00,0.101,0.016666666666666666
boulder-56407,BOULDER / CARPENTER PARK1,boulder-carpenter-park,2023-03-08 18:51:00+00:00,5.768,2.283333333333333
boulder-56435,BOULDER / CARPENTER PARK1,boulder-carpenter-park,2023-03-08 20:44:00+00:00,27.587,6.133333333333334
boulder-56560,BOULDER / CARPENTER PARK2,boulder-carpenter-park,2023-03-09 00:03:00+00:00,4.746,3.85
boulder-56573,BOULDER / CARPENTER PARK1,boulder-carpenter-park,2023-03-09 00:24:00+00:00,3.475,0.5833333333333334
boulder-56699,BOULDER / CARPENTER PARK1,boulder-carpenter-park,2023-03-09 03:52:00+00:00,11.146,2.95
boulder-56712,BOULDER / CARPENTER PARK1,boulder-carpenter-park,2023-03-09 11:46:00+00:00,34.963,5.883333333333334
boulder-56427,BOULDER / CARPENTER PARK1,boulder-carpenter-park,2023-03-09 14:42:00+00:00,16.78,3.533333333333333
boulder-56533,BOULDER / CARPENTER PARK2,boulder-carpenter-park,2023-03-09 15:48:00+00:00,10.92,3.3333333333333335
boulder-56607,BOULDER / CARPENTER PARK2,boulder-carpenter-park,2023-03-09 20:47:00+00:00,11.467,6.2
boulder-56608,BOULDER / CARPENTER PARK1,boulder-carpenter-park,2023-03-09 21:20:00+00:00,1.328,0.4166666666666667
boulder-56609,BOULDER / CARPENTER PARK1,boulder-carpenter-park,2023-03-09 21:27:00+00:00,6.646,1.1833333333333333
boulder-56611,BOULDER / CARPENTER PARK1,boulder-carpenter-park,2023-03-09 21:48:00+00:00,2.67,0.7833333333333333
boulder-56558,BOULDER / CARPENTER PARK1,boulder-carpenter-park,2023-03-10 01:28:00+00:00,7.397,1.3166666666666667
boulder-56584,BOULDER / CARPENTER PARK2,boulder-carpenter-park,2023-03-10 04:04:00+00:00,5.399,0.8833333333333333
boulder-56642,BOULDER / CARPENTER PARK1,boulder-carpenter-park,2023-03-10 14:48:00+00:00,17.786,4.3
boulder-56663,BOULDER / CARPENTER PARK2,boulder-carpenter-park,2023-03-10 15:48:00+00:00,10.994,3.316666666666667
boulder-56713,BOULDER / CARPENTER PARK1,boulder-carpenter-park,2023-03-10 15:51:00+00:00,26.38,4.666666666666667
boulder-56785,BOULDER / CARPENTER PARK1,boulder-carpenter-park,2023-03-10 20:59:00+00:00,6.39,1.95
boulder-56789,BOULDER / CARPENTER PARK2,boulder-carpenter-park,2023-03-10 22:40:00+00:00,28.101,4.633333333333334
boulder-56790,BOULDER / CARPENTER PARK1,boulder-carpenter-park,2023-03-10 22:49:00+00:00,4.704,0.8
boulder-56794,BOULDER / CARPENTER PARK2,boulder-carpenter-park,2023-03-10 23:23:00+00:00,2.196,0.85
boulder-56406,BOULDER / CARPENTER PARK1,boulder-carpenter-park,2023-03-11 01:38:00+00:00,10.813,2.9
boulder-56419,BOULDER / CARPENTER PARK2,boulder-carpenter-park,2023-03-11 05:45:00+00:00,15.894,2.7
boulder-56421,BOULDER / CARPENTER PARK1,boulder-carpenter-park,2023-03-11 09:34:00+00:00,41.466,9.266666666666667
boulder-56539,BOULDER / CARPENTER PARK1,boulder-carpenter-park,2023-03-11 17:22:00+00:00,11.85,2.033333333333333
boulder-56627,BOULDER / CARPENTER PARK2,boulder-carpenter-park,2023-03-11 18:26:00+00:00,5.972,1.0666666666666667
boulder-126380,BOULDER / CARPENTER PARK2,boulder-carpenter-park,2023-03-11 19:51:00+00:00,0.0,1.3
boulder-56657,BOULDER / CARPENTER PARK2,boulder-carpenter-park,2023-03-11 19:51:00+00:00,0.0,1.3
boulder-56714,BOULDER / CARPENTER PARK2,boulder-carpenter-park,2023-03-11 21:25:00+00:00,8.847,1.5
boulder-126393,BOULDER / CARPENTER PARK1,boulder-carpenter-park,2023-03-11 22:43:00+00:00,0.0,0.6666666666666666
boulder-56532,BOULDER / CARPENTER PARK1,boulder-carpenter-park,2023-03-11 22:43:00+00:00,0.0,0.6666666666666666
boulder-126394,BOULDER / CARPENTER PARK1,boulder-carpenter-park,2023-03-11 22:44:00+00:00,0.0,0.016666666666666666
boulder-56536,BOULDER / CARPENTER PARK1,boulder-carpenter-park,2023-03-11 22:44:00+00:00,0.0,0.016666666666666666
boulder-126398,BOULDER / CARPENTER PARK1,boulder-carpenter-park,2023-03-11 23:24:00+00:00,0.0,0.43333333333333335
boulder-56569,BOULDER / CARPENTER PARK1,boulder-carpenter-park,2023-03-11 23:24:00+00:00,0.0,0.43333333333333335
boulder-126401,BOULDER / CARPENTER PARK2,boulder-carpenter-park,2023-03-11 23:33:00+00:00,0.0,0.03333333333333333
boulder-56623,BOULDER / CARPENTER PARK2,boulder-carpenter-park,2023-03-11 23:33:00+00:00,0.0,0.03333333333333333
boulder-56630,BOULDER / CARPENTER PARK2,boulder-carpenter-park,2023-03-11 23:35:00+00:00,2.116,0.35
boulder-56673,BOULDER / CARPENTER PARK2,boulder-carpenter-park,2023-03-12 06:03:00+00:00,17.991,3.066666666666667
boulder-56675,BOULDER / CARPENTER PARK1,boulder-carpenter-park,2023-03-12 12:20:00+00:00,23.191,8.75
boulder-56688,BOULDER / CARPENTER PARK1,boulder-carpenter-park,2023-03-12 16:48:00+00:00,13.462,2.2666666666666666
boulder-56698,BOULDER / CARPENTER PARK2,boulder-carpenter-park,2023-03-12 18:23:00+00:00,4.531,1.4166666666666667
boulder-56570,BOULDER / CARPENTER PARK1,boulder-carpenter-park,2023-03-12 22:29:00+00:00,3.507,1.45
boulder-56707,BOULDER / CARPENTER PARK2,boulder-carpenter-park,2023-03-12 23:51:00+00:00,5.173,1.5833333333333333
boulder-56744,BOULDER / CARPENTER PARK2,boulder-carpenter-park,2023-03-13 02:52:00+00:00,4.007,1.4833333333333334
boulder-56745,BOULDER / CARPENTER PARK1,boulder-carpenter-park,2023-03-13 02:55:00+00:00,1.161,0.21666666666666667
boulder-126473,BOULDER / CARPENTER PARK1,boulder-carpenter-park,2023-03-13 02:58:00+00:00,0.0,0.016666666666666666
boulder-56746,BOULDER / CARPENTER PARK1,boulder-carpenter-park,2023-03-13 02:58:00+00:00,0.0,0.016666666666666666
boulder-56747,BOULDER / CARPENTER PARK1,boulder-carpenter-park,2023-03-13 03:08:00+00:00,8.645,1.4333333333333333
boulder-56748,BOULDER / CARPENTER PARK1,boulder-carpenter-park,2023-03-13 05:24:00+00:00,9.946,1.7
boulder-56754,BOULDER / CARPENTER PARK1,boulder-carpenter-park,2023-03-13 13:48:00+00:00,11.159,3.6166666666666667
boulder-56758,BOULDER / CARPENTER PARK1,boulder-carpenter-park,2023-03-13 14:26:00+00:00,25.444,4.383333333333334
boulder-56763,BOULDER / CARPENTER PARK2,boulder-carpenter-park,2023-03-13 14:50:00+00:00,8.068,2.433333333333333
boulder-56764,BOULDER / CARPENTER PARK2,boulder-carpenter-park,2023-03-13 15:11:00+00:00,15.558,2.65
boulder-56466,BOULDER / CARPENTER PARK1,boulder-carpenter-park,2023-03-13 17:35:00+00:00,27.947,5.483333333333333
boulder-56543,BOULDER / CARPENTER PARK1,boulder-carpenter-park,2023-03-13 19:37:00+00:00,0.464,0.16666666666666666
boulder-56550,BOULDER / CARPENTER PARK2,boulder-carpenter-park,2023-03-13 19:48:00+00:00,1.386,0.45
boulder-56555,BOULDER / CARPENTER PARK1,boulder-carpenter-park,2023-03-13 20:09:00+00:00,4.89,1.4833333333333334
boulder-56582,BOULDER / CARPENTER PARK1,boulder-carpenter-park,2023-03-13 21:47:00+00:00,10.625,1.8
boulder-56738,BOULDER / CARPENTER PARK1,boulder-carpenter-park,2023-03-14 09:29:00+00:00,36.041,8.8
boulder-56769,BOULDER / CARPENTER PARK1,boulder-carpenter-park,2023-03-14 13:45:00+00:00,10.46,3.683333333333333
boulder-56865,BOULDER / CARPENTER PARK2,boulder-carpenter-park,2023-03-14 15:01:00+00:00,8.28,3.05
boulder-56894,BOULDER / CARPENTER PARK2,boulder-carpenter-park,2023-03-14 15:27:00+00:00,15.558,2.6666666666666665
boulder-56972,BOULDER / CARPENTER PARK1,boulder-carpenter-park,2023-03-14 17:39:00+00:00,10.657,3.066666666666667
boulder-57077,BOULDER / CARPENTER PARK2,boulder-carpenter-park,2023-03-14 19:36:00+00:00,1.945,0.36666666666666664
boulder-57087,BOULDER / CARPENTER PARK1,boulder-carpenter-park,2023-03-14 19:55:00+00:00,5.641,0.95
boulder-57134,BOULDER / CARPENTER PARK2,boulder-carpenter-park,2023-03-14 21:58:00+00:00,4.288,0.7333333333333333
boulder-57169,BOULDER / CARPENTER PARK2,boulder-carpenter-park,2023-03-14 23:14:00+00:00,9.316,1.85
boulder-57174,BOULDER / CARPENTER PARK1,boulder-carpenter-park,2023-03-14 23:44:00+00:00,4.027,0.8333333333333334
boulder-57179,BOULDER / CARPENTER PARK1,boulder-carpenter-park,2023-03-15 00:31:00+00:00,2.834,0.48333333333333334
boulder-56862,BOULDER / CARPENTER PARK2,boulder-carpenter-park,2023-03-15 05:27:00+00:00,7.094,1.2
boulder-56871,BOULDER / CARPENTER PARK1,boulder-carpenter-park,2023-03-15 08:39:00+00:00,30.58,9.233333333333333
boulder-56915,BOULDER / CARPENTER PARK1,boulder-carpenter-park,2023-03-15 14:04:00+00:00,15.209,3.816666666666667
boulder-56975,BOULDER / CARPENTER PARK2,boulder-carpenter-park,2023-03-15 15:25:00+00:00,16.392,2.8
boulder-126625,BOULDER / CARPENTER PARK1,boulder-carpenter-park,2023-03-15 18:31:00+00:00,0.0,3.15
boulder-57049,BOULDER / CARPENTER PARK1,boulder-carpenter-park,2023-03-15 18:31:00+00:00,0.0,3.15
boulder-57080,BOULDER / CARPENTER PARK2,boulder-carpenter-park,2023-03-15 19:04:00+00:00,28.651,5.4
boulder-57090,BOULDER / CARPENTER PARK1,boulder-carpenter-park,2023-03-15 19:29:00+00:00,3.684,1.1333333333333333
boulder-57132,BOULDER / CARPENTER PARK1,boulder-carpenter-park,2023-03-15 20:53:00+00:00,1.861,0.31666666666666665
boulder-57008,BOULDER / CARPENTER PARK2,boulder-carpenter-park,2023-03-16 02:11:00+00:00,11.255,2.683333333333333
boulder-57024,BOULDER / CARPENTER PARK1,boulder-carpenter-park,2023-03-16 09:17:00+00:00,25.079,8.116666666666667
boulder-57035,BOULDER / CARPENTER PARK1,boulder-carpenter-park,2023-03-16 13:42:00+00:00,9.551,4.533333333333333
boulder-126675,BOULDER / CARPENTER PARK2,boulder-carpenter-park,2023-03-16 14:24:00+00:00,0.0,0.016666666666666666
boulder-57052,BOULDER / CARPENTER PARK2,boulder-carpenter-park,2023-03-16 14:24:00+00:00,0.0,0.016666666666666666
boulder-57053,BOULDER / CARPENTER PARK2,boulder-carpenter-park,2023-03-16 14:26:00+00:00,25.113,4.266666666666667
boulder-126686,BOULDER / CARPENTER PARK1,boulder-carpenter-park,2023-03-16 17:38:00+00:00,0.0,0.016666666666666666
boulder-57063,BOULDER / CARPENTER PARK1,boulder-carpenter-park,2023-03-16 17:38:00+00:00,0.0,0.016666666666666666
boulder-126687,BOULDER / CARPENTER PARK1,boulder-carpenter-park,2023-03-16 17:40:00+00:00,0.0,0.03333333333333333
boulder-57064,BOULDER / CARPENTER PARK1,boulder-carpenter-park,2023-03-16 17:40:00+00:00,0.0,0.03333333333333333
boulder-126688,BOULDER / CARPENTER PARK1,boulder-carpenter-park,2023-03-16 17:44:00+00:00,0.0,0.016666666666666666
boulder-57065,BOULDER / CARPENTER PARK1,boulder-carpenter-park,2023-03-16 17:44:00+00:00,0.0,0.016666666666666666
boulder-126693,BOULDER / CARPENTER PARK1,boulder-carpenter-park,2023-03-16 18:12:00+00:00,0.0,0.016666666666666666
boulder-56802,BOULDER / CARPENTER PARK1,boulder-carpenter-park,2023-03-16 18:12:00+00:00,0.0,0.016666666666666666
boulder-56803,BOULDER / CARPENTER PARK1,boulder-carpenter-park,2023-03-16 18:14:00+00:00,5.713,1.7333333333333334
boulder-126696,BOULDER / CARPENTER PARK1,boulder-carpenter-park,2023-03-16 19:22:00+00:00,0.0,0.03333333333333333
boulder-56805,BOULDER / CARPENTER PARK1,boulder-carpenter-park,2023-03-16 19:22:00+00:00,0.0,0.03333333333333333
boulder-56806,BOULDER / CARPENTER PARK2,boulder-carpenter-park,2023-03-16 19:22:00+00:00,9.893,1.7833333333333334
boulder-56823,BOULDER / CARPENTER PARK2,boulder-carpenter-park,2023-03-16 21:52:00+00:00,5.928,3.6333333333333333
boulder-56839,BOULDER / CARPENTER PARK2,boulder-carpenter-park,2023-03-17 03:52:00+00:00,14.61,2.4833333333333334
boulder-56854,BOULDER / CARPENTER PARK2,boulder-carpenter-park,2023-03-17 14:14:00+00:00,19.816,3.3
boulder-56841,BOULDER / CARPENTER PARK2,boulder-carpenter-park,2023-03-17 14:46:00+00:00,11.094,3.433333333333333
boulder-56864,BOULDER / CARPENTER PARK1,boulder-carpenter-park,2023-03-17 15:02:00+00:00,28.306,5.05
boulder-57047,BOULDER / CARPENTER PARK1,boulder-carpenter-park,2023-03-17 19:47:00+00:00,6.065,1.8333333333333333
boulder-57167,BOULDER / CARPENTER PARK2,boulder-carpenter-park,2023-03-18 00:25:00+00:00,5.095,3.066666666666667
boulder-57176,BOULDER / CARPENTER PARK1,boulder-carpenter-park,2023-03-18 00:37:00+00:00,0.802,0.13333333333333333
boulder-57183,BOULDER / CARPENTER PARK2,boulder-carpenter-park,2023-03-18 03:29:00+00:00,61.084,16.283333333333335
boulder-57186,BOULDER / CARPENTER PARK1,boulder-carpenter-park,2023-03-18 09:04:00+00:00,43.668,9.6
boulder-56921,BOULDER / CARPENTER PARK2,boulder-carpenter-park,2023-03-18 15:04:00+00:00,0.945,0.18333333333333332
boulder-56923,BOULDER / CARPENTER PARK1,boulder-carpenter-park,2023-03-18 15:36:00+00:00,4.104,0.7166666666666667
boulder-56940,BOULDER / CARPENTER PARK2,boulder-carpenter-park,2023-03-18 15:58:00+00:00,28.053,7.683333333333334
boulder-57070,BOULDER / CARPENTER PARK1,boulder-carpenter-park,2023-03-18 16:56:00+00:00,0.857,0.26666666666666666
boulder-126851,BOULDER / CARPENTER PARK1,boulder-carpenter-park,2023-03-18 20:06:00+00:00,0.0,0.016666666666666666
boulder-57192,BOULDER / CARPENTER PARK1,boulder-carpenter-park,2023-03-18 20:06:00+00:00,0.0,0.016666666666666666
boulder-57193,BOULDER / CARPENTER PARK1,boulder-carpenter-park,2023-03-18 20:10:00+00:00,5.562,0.95
boulder-57194,BOULDER / CARPENTER PARK1,boulder-carpenter-park,2023-03-18 20:15:00+00:00,13.593,2.433333333333333
boulder-56861,BOULDER / CARPENTER PARK2,boulder-carpenter-park,2023-03-18 21:16:00+00:00,17.527,2.8833333333333333
boulder-126878,BOULDER / CARPENTER PARK1,boulder-carpenter-park,2023-03-18 22:07:00+00:00,0.0,0.03333333333333333
boulder-56880,BOULDER / CARPENTER PARK1,boulder-carpenter-park,2023-03-18 22:07:00+00:00,0.0,0.03333333333333333
boulder-56885,BOULDER / CARPENTER PARK1,boulder-carpenter-park,2023-03-18 22:09:00+00:00,5.652,2.1333333333333333
boulder-56936,BOULDER / CARPENTER PARK1,boulder-carpenter-park,2023-03-18 23:33:00+00:00,27.194,5.966666666666667
boulder-56999,BOULDER / CARPENTER PARK2,boulder-carpenter-park,2023-03-19 02:06:00+00:00,2.347,0.4
boulder-57006,BOULDER / CARPENTER PARK2,boulder-carpenter-park,2023-03-19 02:56:00+00:00,21.584,20.25
boulder-126938,BOULDER / CARPENTER PARK1,boulder-carpenter-park,2023-03-19 17:05:00+00:00,0.0,0.016666666666666666
boulder-57144,BOULDER / CARPENTER PARK1,boulder-carpenter-park,2023-03-19 17:05:00+00:00,0.0,0.016666666666666666
boulder-57161,BOULDER / CARPENTER PARK1,boulder-carpenter-park,2023-03-19 17:39:00+00:00,15.513,3.1
boulder-56870,BOULDER / CARPENTER PARK1,boulder-carpenter-park,2023-03-19 18:16:00+00:00,2.053,0.4666666666666667
boulder-126959,BOULDER / CARPENTER PARK1,boulder-carpenter-park,2023-03-19 18:50:00+00:00,0.0,0.016666666666666666
boulder-56896,BOULDER / CARPENTER PARK1,boulder-carpenter-park,2023-03-19 18:50:00+00:00,0.0,0.016666666666666666
boulder-126960,BOULDER / CARPENTER PARK1,boulder-carpenter-park,2023-03-19 18:53:00+00:00,0.0,0.016666666666666666
boulder-56901,BOULDER / CARPENTER PARK1,boulder-carpenter-park,2023-03-19 18:53:00+00:00,0.0,0.016666666666666666
boulder-126966,BOULDER / CARPENTER PARK2,boulder-carpenter-park,2023-03-19 19:07:00+00:00,0.0,0.9
boulder-56926,BOULDER / CARPENTER PARK2,boulder-carpenter-park,2023-03-19 19:07:00+00:00,0.0,0.9
boulder-56933,BOULDER / CARPENTER PARK1,boulder-carpenter-park,2023-03-19 19:15:00+00:00,2.901,0.5
boulder-126974,BOULDER / CARPENTER PARK2,boulder-carpenter-park,2023-03-19 20:01:00+00:00,0.0,0.8
boulder-56950,BOULDER / CARPENTER PARK2,boulder-carpenter-park,2023-03-19 20:01:00+00:00,0.0,0.8
boulder-126978,BOULDER / CARPENTER PARK1,boulder-carpenter-park,2023-03-19 20:15:00+00:00,0.0,0.016666666666666666
boulder-56958,BOULDER / CARPENTER PARK1,boulder-carpenter-park,2023-03-19 20:15:00+00:00,0.0,0.016666666666666666
boulder-126980,BOULDER / CARPENTER PARK1,boulder-carpenter-park,2023-03-19 20:16:00+00:00,0.0,0.016666666666666666
boulder-56963,BOULDER / CARPENTER PARK1,boulder-carpenter-park,2023-03-19 20:16:00+00:00,0.0,0.016666666666666666
boulder-126984,BOULDER / CARPENTER PARK1,boulder-carpenter-park,2023-03-19 20:20:00+00:00,0.0,0.016666666666666666
boulder-56977,BOULDER / CARPENTER PARK1,boulder-carpenter-park,2023-03-19 20:20:00+00:00,0.0,0.016666666666666666
boulder-126996,BOULDER / CARPENTER PARK1,boulder-carpenter-park,2023-03-19 21:30:00+00:00,0.0,0.05
boulder-57031,BOULDER / CARPENTER PARK1,boulder-carpenter-park,2023-03-19 21:30:00+00:00,0.0,0.05
boulder-126998,BOULDER / CARPENTER PARK1,boulder-carpenter-park,2023-03-19 21:34:00+00:00,0.0,0.016666666666666666
boulder-57036,BOULDER / CARPENTER PARK1,boulder-carpenter-park,2023-03-19 21:34:00+00:00,0.0,0.016666666666666666
boulder-127002,BOULDER / CARPENTER PARK1,boulder-carpenter-park,2023-03-19 21:37:00+00:00,0.0,0.016666666666666666
boulder-57046,BOULDER / CARPENTER PARK1,boulder-carpenter-park,2023-03-19 21:37:00+00:00,0.0,0.016666666666666666
boulder-57079,BOULDER / CARPENTER PARK1,boulder-carpenter-park,2023-03-19 21:39:00+00:00,5.252,0.8833333333333333
boulder-127025,BOULDER / CARPENTER PARK2,boulder-carpenter-park,2023-03-19 23:27:00+00:00,0.0,0.016666666666666666
boulder-57121,BOULDER / CARPENTER PARK2,boulder-carpenter-park,2023-03-19 23:27:00+00:00,0.0,0.016666666666666666
boulder-57127,BOULDER / CARPENTER PARK2,boulder-carpenter-park,2023-03-19 23:28:00+00:00,3.526,0.6166666666666667
boulder-57288,BOULDER / CARPENTER PARK1,boulder-carpenter-park,2023-03-20 09:04:00+00:00,47.024,8.166666666666666
boulder-57309,BOULDER / CARPENTER PARK1,boulder-carpenter-park,2023-03-20 13:44:00+00:00,14.722,4.45
boulder-57459,BOULDER / CARPENTER PARK2,boulder-carpenter-park,2023-03-20 15:24:00+00:00,15.496,2.683333333333333
boulder-57525,BOULDER / CARPENTER PARK1,boulder-carpenter-park,2023-03-20 17:35:00+00:00,6.476,1.1333333333333333
boulder-57568,BOULDER / CARPENTER PARK1,boulder-carpenter-park,2023-03-20 19:07:00+00:00,10.515,3.1666666666666665
boulder-57215,BOULDER / CARPENTER PARK1,boulder-carpenter-park,2023-03-20 22:31:00+00:00,4.97,0.85
boulder-57332,BOULDER / CARPENTER PARK1,boulder-carpenter-park,2023-03-20 23:35:00+00:00,2.235,0.6
boulder-57457,BOULDER / CARPENTER PARK2,boulder-carpenter-park,2023-03-21 13:27:00+00:00,29.363,4.866666666666666
boulder-57463,BOULDER / CARPENTER PARK1,boulder-carpenter-park,2023-03-21 13:46:00+00:00,10.27,4.083333333333333
boulder-127197,BOULDER / CARPENTER PARK1,boulder-carpenter-park,2023-03-21 14:50:00+00:00,0.0,0.03333333333333333
boulder-57482,BOULDER / CARPENTER PARK1,boulder-carpenter-park,2023-03-21 14:50:00+00:00,0.0,0.03333333333333333
boulder-127199,BOULDER / CARPENTER PARK2,boulder-carpenter-park,2023-03-21 14:51:00+00:00,0.0,0.016666666666666666
boulder-57486,BOULDER / CARPENTER PARK2,boulder-carpenter-park,2023-03-21 14:51:00+00:00,0.0,0.016666666666666666
boulder-57498,BOULDER / CARPENTER PARK1,boulder-carpenter-park,2023-03-21 15:12:00+00:00,2.896,5.883333333333334
boulder-127235,BOULDER / CARPENTER PARK2,boulder-carpenter-park,2023-03-21 18:38:00+00:00,0.0,0.016666666666666666
boulder-57571,BOULDER / CARPENTER PARK2,boulder-carpenter-park,2023-03-21 18:38:00+00:00,0.0,0.016666666666666666
boulder-57217,BOULDER / CARPENTER PARK2,boulder-carpenter-park,2023-03-21 18:40:00+00:00,5.59,0.9333333333333333
boulder-57262,BOULDER / CARPENTER PARK1,boulder-carpenter-park,2023-03-21 18:56:00+00:00,13.934,4.2
boulder-57312,BOULDER / CARPENTER PARK2,boulder-carpenter-park,2023-03-21 21:08:00+00:00,7.03,2.1166666666666667
boulder-57518,BOULDER / CARPENTER PARK2,boulder-carpenter-park,2023-03-22 01:02:00+00:00,13.237,3.4
boulder-57558,BOULDER / CARPENTER PARK1,boulder-carpenter-park,2023-03-22 07:54:00+00:00,50.589,8.466666666666667
boulder-57261,BOULDER / CARPENTER PARK2,boulder-carpenter-park,2023-03-22 15:44:00+00:00,10.443,3.816666666666667
boulder-57317,BOULDER / CARPENTER PARK1,boulder-carpenter-park,2023-03-22 17:21:00+00:00,15.41,2.75
boulder-127394,BOULDER / CARPENTER PARK2,boulder-carpenter-park,2023-03-22 19:48:00+00:00,0.0,0.0
boulder-57483,BOULDER / CARPENTER PARK2,boulder-carpenter-park,2023-03-22 19:48:00+00:00,0.0,0.0
boulder-57487,BOULDER / CARPENTER PARK2,boulder-carpenter-park,2023-03-22 19:48:00+00:00,2.012,0.55
boulder-57491,BOULDER / CARPENTER PARK1,boulder-carpenter-park,2023-03-22 20:06:00+00:00,5.012,1.5333333333333334
boulder-57506,BOULDER / CARPENTER PARK2,boulder-carpenter-park,2023-03-22 20:51:00+00:00,4.489,1.5166666666666666
boulder-57510,BOULDER / CARPENTER PARK1,boulder-carpenter-park,2023-03-22 21:00:00+00:00,30.889,7.033333333333333
boulder-127411,BOULDER / CARPENTER PARK2,boulder-carpenter-park,2023-03-22 21:29:00+00:00,0.0,0.016666666666666666
boulder-57524,BOULDER / CARPENTER PARK2,boulder-carpenter-park,2023-03-22 21:29:00+00:00,0.0,0.016666666666666666
boulder-127413,BOULDER / CARPENTER PARK2,boulder-carpenter-park,2023-03-22 21:30:00+00:00,0.0,0.016666666666666666
boulder-57529,BOULDER / CARPENTER PARK2,boulder-carpenter-park,2023-03-22 21:30:00+00:00,0.0,0.016666666666666666
boulder-57579,BOULDER / CARPENTER PARK1,boulder-carpenter-park,2023-03-23 04:03:00+00:00,0.192,0.06666666666666667
boulder-57202,BOULDER / CARPENTER PARK1,boulder-carpenter-park,2023-03-23 13:47:00+00:00,14.511,3.8333333333333335
boulder-57206,BOULDER / CARPENTER PARK1,boulder-carpenter-park,2023-03-23 14:19:00+00:00,8.046,3.4166666666666665
boulder-57224,BOULDER / CARPENTER PARK2,boulder-carpenter-park,2023-03-23 17:01:00+00:00,4.398,2.316666666666667
boulder-127505,BOULDER / CARPENTER PARK2,boulder-carpenter-park,2023-03-23 19:49:00+00:00,0.0,0.0
boulder-57235,BOULDER / CARPENTER PARK2,boulder-carpenter-park,2023-03-23 19:49:00+00:00,0.0,0.0
boulder-57236,BOULDER / CARPENTER PARK2,boulder-carpenter-park,2023-03-23 19:49:00+00:00,7.448,1.25
boulder-57239,BOULDER / CARPENTER PARK1,boulder-carpenter-park,2023-03-23 20:04:00+00:00,2.893,1.6
boulder-57241,BOULDER / CARPENTER PARK1,boulder-carpenter-park,2023-03-23 21:24:00+00:00,3.73,0.6333333333333333
boulder-57250,BOULDER / CARPENTER PARK2,boulder-carpenter-park,2023-03-23 23:33:00+00:00,5.803,1.4
boulder-57255,BOULDER / CARPENTER PARK1,boulder-carpenter-park,2023-03-24 00:39:00+00:00,4.371,3.5166666666666666
boulder-57276,BOULDER / CARPENTER PARK1,boulder-carpenter-park,2023-03-24 09:15:00+00:00,47.986,9.25
boulder-57326,BOULDER / CARPENTER PARK1,boulder-carpenter-park,2023-03-24 14:15:00+00:00,7.787,2.75
boulder-57328,BOULDER / CARPENTER PARK2,boulder-carpenter-park,2023-03-24 14:39:00+00:00,4.103,1.6833333333333333
boulder-57437,BOULDER / CARPENTER PARK2,boulder-carpenter-park,2023-03-24 17:43:00+00:00,25.916,4.266666666666667
boulder-127625,BOULDER / CARPENTER PARK1,boulder-carpenter-park,2023-03-24 18:46:00+00:00,0.0,0.03333333333333333
boulder-57445,BOULDER / CARPENTER PARK1,boulder-carpenter-park,2023-03-24 18:46:00+00:00,0.0,0.03333333333333333
boulder-127634,BOULDER / CARPENTER PARK1,boulder-carpenter-park,2023-03-24 19:06:00+00:00,0.0,0.03333333333333333
boulder-57448,BOULDER / CARPENTER PARK1,boulder-carpenter-park,2023-03-24 19:06:00+00:00,0.0,0.03333333333333333
boulder-57449,BOULDER / CARPENTER PARK1,boulder-carpenter-park,2023-03-24 19:11:00+00:00,0.004,3.0
boulder-57451,BOULDER / CARPENTER PARK1,boulder-carpenter-park,2023-03-24 20:13:00+00:00,4.771,0.85
boulder-57452,BOULDER / CARPENTER PARK2,boulder-carpenter-park,2023-03-24 20:20:00+00:00,1.656,0.2833333333333333
boulder-57257,BOULDER / CARPENTER PARK1,boulder-carpenter-park,2023-03-24 21:07:00+00:00,3.104,0.55
boulder-57259,BOULDER / CARPENTER PARK2,boulder-carpenter-park,2023-03-24 21:08:00+00:00,6.685,2.3666666666666667
boulder-128242,BOULDER / CARPENTER PARK1,boulder-carpenter-park,2023-03-25 16:10:00+00:00,0.0,0.016666666666666666
boulder-57383,BOULDER / CARPENTER PARK1,boulder-carpenter-park,2023-03-25 16:10:00+00:00,0.0,0.016666666666666666
boulder-57384,BOULDER / CARPENTER PARK1,boulder-carpenter-park,2023-03-25 16:11:00+00:00,3.141,0.55
boulder-128249,BOULDER / CARPENTER PARK2,boulder-carpenter-park,2023-03-25 17:03:00+00:00,0.0,0.5333333333333333
boulder-57390,BOULDER / CARPENTER PARK2,boulder-carpenter-park,2023-03-25 17:03:00+00:00,0.0,0.5333333333333333
boulder-128263,BOULDER / CARPENTER PARK2,boulder-carpenter-park,2023-03-25 19:55:00+00:00,0.0,0.016666666666666666
boulder-57271,BOULDER / CARPENTER PARK2,boulder-carpenter-park,2023-03-25 19:55:00+00:00,0.0,0.016666666666666666
boulder-57282,BOULDER / CARPENTER PARK2,boulder-carpenter-park,2023-03-25 19:56:00+00:00,1.329,0.6333333333333333
boulder-57289,BOULDER / CARPENTER PARK1,boulder-carpenter-park,2023-03-25 20:06:00+00:00,7.292,2.816666666666667
boulder-57301,BOULDER / CARPENTER PARK1,boulder-carpenter-park,2023-03-25 20:33:00+00:00,20.074,3.3333333333333335
boulder-128273,BOULDER / CARPENTER PARK2,boulder-carpenter-park,2023-03-25 23:31:00+00:00,0.0,0.016666666666666666
boulder-57336,BOULDER / CARPENTER PARK2,boulder-carpenter-park,2023-03-25 23:31:00+00:00,0.0,0.016666666666666666
boulder-57343,BOULDER / CARPENTER PARK2,boulder-carpenter-park,2023-03-25 23:32:00+00:00,2.449,0.4166666666666667
boulder-57458,BOULDER / CARPENTER PARK1,boulder-carpenter-park,2023-03-26 04:15:00+00:00,1.99,0.35
boulder-57461,BOULDER / CARPENTER PARK1,boulder-carpenter-park,2023-03-26 07:41:00+00:00,41.23,8.533333333333333
boulder-128287,BOULDER / CARPENTER PARK2,boulder-carpenter-park,2023-03-26 13:19:00+00:00,0.0,0.0
boulder-128288,BOULDER / CARPENTER PARK2,boulder-carpenter-park,2023-03-26 13:19:00+00:00,0.0,0.016666666666666666
boulder-57471,BOULDER / CARPENTER PARK2,boulder-carpenter-park,2023-03-26 13:19:00+00:00,0.0,0.0
boulder-57476,BOULDER / CARPENTER PARK2,boulder-carpenter-park,2023-03-26 13:19:00+00:00,0.0,0.016666666666666666
boulder-57481,BOULDER / CARPENTER PARK1,boulder-carpenter-park,2023-03-26 13:21:00+00:00,1.742,0.5
boulder-128303,BOULDER / CARPENTER PARK1,boulder-carpenter-park,2023-03-26 17:06:00+00:00,0.0,0.7166666666666667
boulder-57535,BOULDER / CARPENTER PARK1,boulder-carpenter-park,2023-03-26 17:06:00+00:00,0.0,0.7166666666666667
boulder-57831,BOULDER / CARPENTER PARK2,boulder-carpenter-park,2023-03-26 20:28:00+00:00,5.709,1.6166666666666667
boulder-57835,BOULDER / CARPENTER PARK1,boulder-carpenter-park,2023-03-26 20:40:00+00:00,11.077,3.3833333333333333
boulder-128331,BOULDER / CARPENTER PARK1,boulder-carpenter-park,2023-03-26 21:37:00+00:00,0.0,0.03333333333333333
boulder-57849,BOULDER / CARPENTER PARK1,boulder-carpenter-park,2023-03-26 21:37:00+00:00,0.0,0.03333333333333333
boulder-57896,BOULDER / CARPENTER PARK2,boulder-carpenter-park,2023-03-26 23:17:00+00:00,2.9,0.9166666666666666
boulder-57905,BOULDER / CARPENTER PARK1,boulder-carpenter-park,2023-03-26 23:51:00+00:00,13.375,2.7666666666666666
boulder-57925,BOULDER / CARPENTER PARK2,boulder-carpenter-park,2023-03-27 01:38:00+00:00,9.509,1.6333333333333333
boulder-57935,BOULDER / CARPENTER PARK1,boulder-carpenter-park,2023-03-27 11:04:00+00:00,42.026,7.083333333333333
boulder-57988,BOULDER / CARPENTER PARK2,boulder-carpenter-park,2023-03-27 17:49:00+00:00,14.879,2.466666666666667
boulder-128373,BOULDER / CARPENTER PARK1,boulder-carpenter-park,2023-03-27 21:49:00+00:00,0.0,0.03333333333333333
boulder-57613,BOULDER / CARPENTER PARK1,boulder-carpenter-park,2023-03-27 21:49:00+00:00,0.0,0.03333333333333333
boulder-57614,BOULDER / CARPENTER PARK2,boulder-carpenter-park,2023-03-27 21:49:00+00:00,6.783,1.1333333333333333
boulder-57620,BOULDER / CARPENTER PARK2,boulder-carpenter-park,2023-03-28 00:37:00+00:00,9.206,1.5166666666666666
boulder-57629,BOULDER / CARPENTER PARK1,boulder-carpenter-park,2023-03-28 13:46:00+00:00,14.943,3.85
boulder-57630,BOULDER / CARPENTER PARK2,boulder-carpenter-park,2023-03-28 14:16:00+00:00,29.927,4.966666666666667
boulder-57631,BOULDER / CARPENTER PARK1,boulder-carpenter-park,2023-03-28 14:24:00+00:00,23.513,4.066666666666666
boulder-57648,BOULDER / CARPENTER PARK1,boulder-carpenter-park,2023-03-28 17:53:00+00:00,25.582,4.633333333333334
boulder-128415,BOULDER / CARPENTER PARK1,boulder-carpenter-park,2023-03-28 21:33:00+00:00,0.0,0.03333333333333333
boulder-57687,BOULDER / CARPENTER PARK1,boulder-carpenter-park,2023-03-28 21:33:00+00:00,0.0,0.03333333333333333
boulder-128416,BOULDER / CARPENTER PARK1,boulder-carpenter-park,2023-03-28 21:37:00+00:00,0.0,0.016666666666666666
boulder-57693,BOULDER / CARPENTER PARK1,boulder-carpenter-park,2023-03-28 21:37:00+00:00,0.0,0.016666666666666666
boulder-57820,BOULDER / CARPENTER PARK2,boulder-carpenter-park,2023-03-29 00:54:00+00:00,7.924,3.0833333333333335
boulder-57848,BOULDER / CARPENTER PARK1,boulder-carpenter-park,2023-03-29 09:34:00+00:00,46.136,8.283333333333333
boulder-57857,BOULDER / CARPENTER PARK1,boulder-carpenter-park,2023-03-29 13:36:00+00:00,16.924,4.483333333333333
boulder-57862,BOULDER / CARPENTER PARK2,boulder-carpenter-park,2023-03-29 13:50:00+00:00,6.386,2.35
boulder-128445,BOULDER / CARPENTER PARK2,boulder-carpenter-park,2023-03-29 15:55:00+00:00,0.0,0.016666666666666666
boulder-57918,BOULDER / CARPENTER PARK2,boulder-carpenter-park,2023-03-29 15:55:00+00:00,0.0,0.016666666666666666
boulder-57947,BOULDER / CARPENTER PARK2,boulder-carpenter-park,2023-03-29 16:57:00+00:00,2.813,0.4666666666666667
boulder-57985,BOULDER / CARPENTER PARK2,boulder-carpenter-park,2023-03-29 19:16:00+00:00,3.59,1.3666666666666667
boulder-57657,BOULDER / CARPENTER PARK1,boulder-carpenter-park,2023-03-29 19:46:00+00:00,5.129,6.366666666666666
boulder-57664,BOULDER / CARPENTER PARK1,boulder-carpenter-park,2023-03-29 20:02:00+00:00,5.574,0.9666666666666667
boulder-57824,BOULDER / CARPENTER PARK2,boulder-carpenter-park,2023-03-29 22:14:00+00:00,7.687,1.2666666666666666
boulder-57829,BOULDER / CARPENTER PARK2,boulder-carpenter-park,2023-03-29 23:06:00+00:00,6.516,1.95
boulder-57846,BOULDER / CARPENTER PARK2,boulder-carpenter-park,2023-03-29 23:33:00+00:00,1.99,0.5333333333333333
boulder-57908,BOULDER / CARPENTER PARK1,boulder-carpenter-park,2023-03-30 09:57:00+00:00,26.825,6.983333333333333
boulder-57938,BOULDER / CARPENTER PARK2,boulder-carpenter-park,2023-03-30 14:54:00+00:00,19.533,4.183333333333334
boulder-57960,BOULDER / CARPENTER PARK1,boulder-carpenter-park,2023-03-30 16:03:00+00:00,18.668,4.616666666666666
boulder-128511,BOULDER / CARPENTER PARK1,boulder-carpenter-park,2023-03-30 18:08:00+00:00,0.0,0.03333333333333333
boulder-57655,BOULDER / CARPENTER PARK1,boulder-carpenter-park,2023-03-30 18:08:00+00:00,0.0,0.03333333333333333
boulder-128512,BOULDER / CARPENTER PARK1,boulder-carpenter-park,2023-03-30 18:10:00+00:00,0.0,0.016666666666666666
boulder-57658,BOULDER / CARPENTER PARK1,boulder-carpenter-park,2023-03-30 18:10:00+00:00,0.0,0.016666666666666666
boulder-57691,BOULDER / CARPENTER PARK1,boulder-carpenter-park,2023-03-30 19:32:00+00:00,1.817,0.5666666666666667
boulder-57698,BOULDER / CARPENTER PARK2,boulder-carpenter-park,2023-03-30 19:38:00+00:00,1.148,0.36666666666666664
boulder-128527,BOULDER / CARPENTER PARK2,boulder-carpenter-park,2023-03-30 21:32:00+00:00,0.0,0.0
boulder-57713,BOULDER / CARPENTER PARK2,boulder-carpenter-park,2023-03-30 21:32:00+00:00,0.0,0.0
boulder-57714,BOULDER / CARPENTER PARK2,boulder-carpenter-park,2023-03-30 21:33:00+00:00,4.815,0.8333333333333334
boulder-128530,BOULDER / CARPENTER PARK2,boulder-carpenter-park,2023-03-30 21:45:00+00:00,0.0,0.016666666666666666
boulder-57716,BOULDER / CARPENTER PARK2,boulder-carpenter-park,2023-03-30 21:45:00+00:00,0.0,0.016666666666666666
boulder-57717,BOULDER / CARPENTER PARK1,boulder-carpenter-park,2023-03-30 21:47:00+00:00,3.938,1.4166666666666667
boulder-57723,BOULDER / CARPENTER PARK2,boulder-carpenter-park,2023-03-31 00:19:00+00:00,5.334,2.65
boulder-57727,BOULDER / CARPENTER PARK2,boulder-carpenter-park,2023-03-31 04:36:00+00:00,10.754,1.8333333333333333
boulder-57729,BOULDER / CARPENTER PARK1,boulder-carpenter-park,2023-03-31 09:57:00+00:00,18.949,6.933333333333334
boulder-57690,BOULDER / CARPENTER PARK1,boulder-carpenter-park,2023-03-31 18:25:00+00:00,1.288,0.23333333333333334
boulder-128566,BOULDER / CARPENTER PARK2,boulder-carpenter-park,2023-03-31 18:26:00+00:00,0.0,0.03333333333333333
boulder-57697,BOULDER / CARPENTER PARK2,boulder-carpenter-park,2023-03-31 18:26:00+00:00,0.0,0.03333333333333333
boulder-128567,BOULDER / CARPENTER PARK2,boulder-carpenter-park,2023-03-31 18:31:00+00:00,0.0,0.016666666666666666
boulder-57704,BOULDER / CARPENTER PARK2,boulder-carpenter-park,2023-03-31 18:31:00+00:00,0.0,0.016666666666666666
boulder-57749,BOULDER / CARPENTER PARK2,boulder-carpenter-park,2023-03-31 18:34:00+00:00,0.016,0.016666666666666666
boulder-57755,BOULDER / CARPENTER PARK2,boulder-carpenter-park,2023-03-31 18:36:00+00:00,2.509,0.7166666666666667
boulder-57703,BOULDER / CARPENTER PARK2,boulder-carpenter-park,2023-04-01 15:20:00+00:00,2.388,0.9833333333333333
boulder-57748,BOULDER / CARPENTER PARK1,boulder-carpenter-park,2023-04-01 15:39:00+00:00,11.592,1.9833333333333334
boulder-128621,BOULDER / CARPENTER PARK1,boulder-carpenter-park,2023-04-01 17:16:00+00:00,0.0,0.016666666666666666
boulder-57997,BOULDER / CARPENTER PARK1,boulder-carpenter-park,2023-04-01 17:16:00+00:00,0.0,0.016666666666666666
boulder-57999,BOULDER / CARPENTER PARK1,boulder-carpenter-park,2023-04-01 17:18:00+00:00,17.384,2.966666666666667
boulder-128638,BOULDER / CARPENTER PARK2,boulder-carpenter-park,2023-04-01 19:54:00+00:00,0.0,0.0
boulder-57822,BOULDER / CARPENTER PARK2,boulder-carpenter-park,2023-04-01 19:54:00+00:00,2.012,0.55
boulder-57827,BOULDER / CARPENTER PARK2,boulder-carpenter-park,2023-04-01 19:54:00+00:00,0.0,0.0
boulder-128643,BOULDER / CARPENTER PARK1,boulder-carpenter-park,2023-04-01 21:02:00+00:00,0.0,0.03333333333333333
boulder-128644,BOULDER / CARPENTER PARK2,boulder-carpenter-park,2023-04-01 21:02:00+00:00,0.0,0.016666666666666666
boulder-57850,BOULDER / CARPENTER PARK1,boulder-carpenter-park,2023-04-01 21:02:00+00:00,0.0,0.03333333333333333
boulder-57855,BOULDER / CARPENTER PARK2,boulder-carpenter-park,2023-04-01 21:02:00+00:00,0.0,0.016666666666666666
boulder-128646,BOULDER / CARPENTER PARK1,boulder-carpenter-park,2023-04-01 21:05:00+00:00,0.0,0.03333333333333333
boulder-57865,BOULDER / CARPENTER PARK1,boulder-carpenter-park,2023-04-01 21:05:00+00:00,0.0,0.03333333333333333
boulder-57870,BOULDER / CARPENTER PARK2,boulder-carpenter-park,2023-04-01 21:05:00+00:00,6.25,1.0333333333333334
boulder-128652,BOULDER / CARPENTER PARK1,boulder-carpenter-park,2023-04-01 22:19:00+00:00,0.0,0.03333333333333333
boulder-57892,BOULDER / CARPENTER PARK1,boulder-carpenter-park,2023-04-01 22:19:00+00:00,0.0,0.03333333333333333
boulder-57897,BOULDER / CARPENTER PARK2,boulder-carpenter-park,2023-04-01 22:20:00+00:00,6.97,1.2
boulder-128654,BOULDER / CARPENTER PARK1,boulder-carpenter-park,2023-04-01 22:21:00+00:00,0.0,0.03333333333333333
boulder-57902,BOULDER / CARPENTER PARK1,boulder-carpenter-park,2023-04-01 22:21:00+00:00,0.0,0.03333333333333333
boulder-57996,BOULDER / CARPENTER PARK1,boulder-carpenter-park,2023-04-02 04:19:00+00:00,34.31,11.433333333333334
boulder-58567,BOULDER / CARPENTER PARK1,boulder-carpenter-park,2023-04-02 11:21:00+00:00,1.561,0.43333333333333335
boulder-58572,BOULDER / CARPENTER PARK2,boulder-carpenter-park,2023-04-02 14:11:00+00:00,5.806,0.9666666666666667
boulder-58578,BOULDER / CARPENTER PARK2,boulder-carpenter-park,2023-04-02 15:11:00+00:00,6.16,2.1666666666666665
boulder-128703,BOULDER / CARPENTER PARK1,boulder-carpenter-park,2023-04-02 18:37:00+00:00,0.0,0.03333333333333333
boulder-58659,BOULDER / CARPENTER PARK1,boulder-carpenter-park,2023-04-02 18:37:00+00:00,0.0,0.03333333333333333
boulder-58660,BOULDER / CARPENTER PARK2,boulder-carpenter-park,2023-04-02 18:37:00+00:00,6.12,3.316666666666667
boulder-128705,BOULDER / CARPENTER PARK1,boulder-carpenter-park,2023-04-02 18:45:00+00:00,0.0,0.03333333333333333
boulder-58661,BOULDER / CARPENTER PARK1,boulder-carpenter-park,2023-04-02 18:45:00+00:00,0.0,0.03333333333333333
boulder-58663,BOULDER / CARPENTER PARK1,boulder-carpenter-park,2023-04-02 19:04:00+00:00,16.734,2.85
boulder-128740,BOULDER / CARPENTER PARK1,boulder-carpenter-park,2023-04-02 20:37:00+00:00,0.0,0.016666666666666666
boulder-58677,BOULDER / CARPENTER PARK1,boulder-carpenter-park,2023-04-02 20:37:00+00:00,0.0,0.016666666666666666
boulder-128743,BOULDER / CARPENTER PARK1,boulder-carpenter-park,2023-04-02 20:38:00+00:00,0.0,0.016666666666666666
boulder-58678,BOULDER / CARPENTER PARK1,boulder-carpenter-park,2023-04-02 20:38:00+00:00,0.0,0.016666666666666666
boulder-58681,BOULDER / CARPENTER PARK1,boulder-carpenter-park,2023-04-02 21:07:00+00:00,11.428,3.6666666666666665
boulder-58564,BOULDER / CARPENTER PARK2,boulder-carpenter-park,2023-04-03 02:18:00+00:00,13.425,2.5833333333333335
boulder-59455,BOULDER / CARPENTER PARK1,boulder-carpenter-park,2023-04-03 13:48:00+00:00,9.315,4.3
boulder-59467,BOULDER / CARPENTER PARK2,boulder-carpenter-park,2023-04-03 14:21:00+00:00,8.7,4.066666666666666
boulder-59478,BOULDER / CARPENTER PARK1,boulder-carpenter-park,2023-04-03 15:02:00+00:00,26.221,4.683333333333334
boulder-59473,BOULDER / CARPENTER PARK2,boulder-carpenter-park,2023-04-03 17:11:00+00:00,2.098,0.36666666666666664
boulder-128884,BOULDER / CARPENTER PARK2,boulder-carpenter-park,2023-04-03 19:06:00+00:00,0.0,0.016666666666666666
boulder-59530,BOULDER / CARPENTER PARK2,boulder-carpenter-park,2023-04-03 19:06:00+00:00,0.0,0.016666666666666666
boulder-59534,BOULDER / CARPENTER PARK2,boulder-carpenter-park,2023-04-03 19:07:00+00:00,13.279,2.3
boulder-59545,BOULDER / CARPENTER PARK1,boulder-carpenter-park,2023-04-03 19:39:00+00:00,3.464,2.0
boulder-59393,BOULDER / CARPENTER PARK2,boulder-carpenter-park,2023-04-04 00:08:00+00:00,9.17,1.5666666666666667
boulder-128934,BOULDER / CARPENTER PARK1,boulder-carpenter-park,2023-04-04 00:11:00+00:00,0.0,0.016666666666666666
boulder-59398,BOULDER / CARPENTER PARK1,boulder-carpenter-park,2023-04-04 00:11:00+00:00,0.0,0.016666666666666666
boulder-59401,BOULDER / CARPENTER PARK1,boulder-carpenter-park,2023-04-04 00:12:00+00:00,3.584,0.6166666666666667
boulder-59424,BOULDER / CARPENTER PARK2,boulder-carpenter-park,2023-04-04 02:34:00+00:00,3.768,1.1833333333333333
boulder-59668,BOULDER / CARPENTER PARK1,boulder-carpenter-park,2023-04-04 10:18:00+00:00,35.45,6.216666666666667
boulder-59670,BOULDER / CARPENTER PARK1,boulder-carpenter-park,2023-04-04 12:52:00+00:00,8.104,1.3666666666666667
boulder-128965,BOULDER / CARPENTER PARK2,boulder-carpenter-park,2023-04-04 12:58:00+00:00,0.0,0.016666666666666666
boulder-59672,BOULDER / CARPENTER PARK2,boulder-carpenter-park,2023-04-04 12:58:00+00:00,0.0,0.016666666666666666
boulder-59601,BOULDER / CARPENTER PARK2,boulder-carpenter-park,2023-04-04 13:01:00+00:00,2.69,1.0166666666666666
boulder-59603,BOULDER / CARPENTER PARK2,boulder-carpenter-park,2023-04-04 14:18:00+00:00,31.247,5.2
boulder-59611,BOULDER / CARPENTER PARK1,boulder-carpenter-park,2023-04-04 14:38:00+00:00,36.427,6.283333333333333
boulder-129002,BOULDER / CARPENTER PARK2,boulder-carpenter-park,2023-04-04 17:23:00+00:00,0.0,0.016666666666666666
boulder-59999,BOULDER / CARPENTER PARK2,boulder-carpenter-park,2023-04-04 17:23:00+00:00,0.0,0.016666666666666666
boulder-129005,BOULDER / CARPENTER PARK1,boulder-carpenter-park,2023-04-04 17:25:00+00:00,0.0,0.0
boulder-60000,BOULDER / CARPENTER PARK1,boulder-carpenter-park,2023-04-04 17:25:00+00:00,0.0,0.0
boulder-59617,BOULDER / CARPENTER PARK1,boulder-carpenter-park,2023-04-04 18:12:00+00:00,12.285,4.316666666666666
boulder-59635,BOULDER / CARPENTER PARK2,boulder-carpenter-park,2023-04-04 20:39:00+00:00,6.303,1.9
boulder-59639,BOULDER / CARPENTER PARK1,boulder-carpenter-park,2023-04-04 21:21:00+00:00,15.199,2.566666666666667
boulder-129099,BOULDER / CARPENTER PARK1,boulder-carpenter-park,2023-04-04 23:49:00+00:00,0.0,0.03333333333333333
boulder-59654,BOULDER / CARPENTER PARK1,boulder-carpenter-park,2023-04-04 23:49:00+00:00,0.0,0.03333333333333333
boulder-129102,BOULDER / CARPENTER PARK1,boulder-carpenter-park,2023-04-04 23:52:00+00:00,0.0,0.03333333333333333
boulder-59655,BOULDER / CARPENTER PARK1,boulder-carpenter-park,2023-04-04 23:52:00+00:00,0.0,0.03333333333333333
boulder-129105,BOULDER / CARPENTER PARK1,boulder-carpenter-park,2023-04-04 23:55:00+00:00,0.0,0.03333333333333333
boulder-59656,BOULDER / CARPENTER PARK1,boulder-carpenter-park,2023-04-04 23:55:00+00:00,0.0,0.03333333333333333
boulder-59657,BOULDER / CARPENTER PARK1,boulder-carpenter-park,2023-04-04 23:58:00+00:00,1.118,0.9833333333333333
boulder-59665,BOULDER / CARPENTER PARK2,boulder-carpenter-park,2023-04-05 04:23:00+00:00,10.237,3.25
boulder-129150,BOULDER / CARPENTER PARK1,boulder-carpenter-park,2023-04-05 11:31:00+00:00,0.0,0.03333333333333333
boulder-59759,BOULDER / CARPENTER PARK1,boulder-carpenter-park,2023-04-05 11:31:00+00:00,0.0,0.03333333333333333
boulder-59764,BOULDER / CARPENTER PARK1,boulder-carpenter-park,2023-04-05 11:36:00+00:00,36.541,7.1
boulder-59799,BOULDER / CARPENTER PARK2,boulder-carpenter-park,2023-04-05 13:17:00+00:00,41.954,6.933333333333334
boulder-59811,BOULDER / CARPENTER PARK1,boulder-carpenter-park,2023-04-05 13:59:00+00:00,14.468,3.6
boulder-59746,BOULDER / CARPENTER PARK2,boulder-carpenter-park,2023-04-05 16:53:00+00:00,6.184,1.0833333333333333
boulder-129219,BOULDER / CARPENTER PARK1,boulder-carpenter-park,2023-04-05 17:35:00+00:00,0.0,0.016666666666666666
boulder-59750,BOULDER / CARPENTER PARK1,boulder-carpenter-park,2023-04-05 17:35:00+00:00,0.0,0.016666666666666666
boulder-129222,BOULDER / CARPENTER PARK1,boulder-carpenter-park,2023-04-05 17:36:00+00:00,0.0,0.016666666666666666
boulder-59755,BOULDER / CARPENTER PARK1,boulder-carpenter-park,2023-04-05 17:36:00+00:00,0.0,0.016666666666666666
boulder-129225,BOULDER / CARPENTER PARK1,boulder-carpenter-park,2023-04-05 17:37:00+00:00,0.0,0.016666666666666666
boulder-59760,BOULDER / CARPENTER PARK1,boulder-carpenter-park,2023-04-05 17:37:00+00:00,0.0,0.016666666666666666
boulder-129228,BOULDER / CARPENTER PARK1,boulder-carpenter-park,2023-04-05 17:38:00+00:00,0.0,0.016666666666666666
boulder-59765,BOULDER / CARPENTER PARK1,boulder-carpenter-park,2023-04-05 17:38:00+00:00,0.0,0.016666666666666666
boulder-129257,BOULDER / CARPENTER PARK1,boulder-carpenter-park,2023-04-05 19:41:00+00:00,0.0,0.016666666666666666
boulder-59817,BOULDER / CARPENTER PARK1,boulder-carpenter-park,2023-04-05 19:41:00+00:00,0.0,0.016666666666666666
boulder-129260,BOULDER / CARPENTER PARK2,boulder-carpenter-park,2023-04-05 19:43:00+00:00,0.0,0.016666666666666666
boulder-59822,BOULDER / CARPENTER PARK2,boulder-carpenter-park,2023-04-05 19:43:00+00:00,0.0,0.016666666666666666
boulder-129269,BOULDER / CARPENTER PARK2,boulder-carpenter-park,2023-04-05 19:45:00+00:00,0.0,0.0
boulder-59828,BOULDER / CARPENTER PARK2,boulder-carpenter-park,2023-04-05 19:45:00+00:00,0.0,0.0
boulder-59859,BOULDER / CARPENTER PARK2,boulder-carpenter-park,2023-04-05 20:20:00+00:00,7.825,2.9166666666666665
boulder-59864,BOULDER / CARPENTER PARK1,boulder-carpenter-park,2023-04-05 20:21:00+00:00,38.764,8.233333333333333
boulder-59723,BOULDER / CARPENTER PARK2,boulder-carpenter-park,2023-04-06 13:34:00+00:00,5.857,1.4333333333333333
boulder-59724,BOULDER / CARPENTER PARK1,boulder-carpenter-park,2023-04-06 13:35:00+00:00,0.053,0.016666666666666666
boulder-129365,BOULDER / CARPENTER PARK1,boulder-carpenter-park,2023-04-06 13:40:00+00:00,0.0,0.03333333333333333
boulder-59725,BOULDER / CARPENTER PARK1,boulder-carpenter-park,2023-04-06 13:40:00+00:00,0.0,0.03333333333333333
boulder-129367,BOULDER / CARPENTER PARK1,boulder-carpenter-park,2023-04-06 13:42:00+00:00,0.0,0.016666666666666666
boulder-59726,BOULDER / CARPENTER PARK1,boulder-carpenter-park,2023-04-06 13:42:00+00:00,0.0,0.016666666666666666
boulder-129374,BOULDER / CARPENTER PARK2,boulder-carpenter-park,2023-04-06 14:00:00+00:00,0.0,7.833333333333333
boulder-59729,BOULDER / CARPENTER PARK2,boulder-carpenter-park,2023-04-06 14:00:00+00:00,0.0,7.833333333333333
boulder-129376,BOULDER / CARPENTER PARK1,boulder-carpenter-park,2023-04-06 14:03:00+00:00,0.0,0.05
boulder-59730,BOULDER / CARPENTER PARK1,boulder-carpenter-park,2023-04-06 14:03:00+00:00,0.0,0.05
boulder-59733,BOULDER / CARPENTER PARK1,boulder-carpenter-park,2023-04-06 14:24:00+00:00,31.361,6.35
boulder-59674,BOULDER / CARPENTER PARK2,boulder-carpenter-park,2023-04-06 15:16:00+00:00,10.898,3.7666666666666666
boulder-59971,BOULDER / CARPENTER PARK1,boulder-carpenter-park,2023-04-06 18:07:00+00:00,0.885,0.2833333333333333
boulder-59979,BOULDER / CARPENTER PARK1,boulder-carpenter-park,2023-04-06 18:36:00+00:00,24.965,4.116666666666666
boulder-129480,BOULDER / CARPENTER PARK1,boulder-carpenter-park,2023-04-06 21:49:00+00:00,0.0,0.03333333333333333
boulder-59685,BOULDER / CARPENTER PARK1,boulder-carpenter-park,2023-04-06 21:49:00+00:00,0.0,0.03333333333333333
boulder-129483,BOULDER / CARPENTER PARK2,boulder-carpenter-park,2023-04-06 21:50:00+00:00,0.0,0.0
boulder-59686,BOULDER / CARPENTER PARK2,boulder-carpenter-park,2023-04-06 21:50:00+00:00,0.0,0.0
boulder-59687,BOULDER / CARPENTER PARK2,boulder-carpenter-park,2023-04-06 21:51:00+00:00,9.498,1.6666666666666667
boulder-59689,BOULDER / CARPENTER PARK1,boulder-carpenter-park,2023-04-06 22:22:00+00:00,11.154,1.8833333333333333
boulder-59707,BOULDER / CARPENTER PARK2,boulder-carpenter-park,2023-04-07 00:38:00+00:00,6.187,2.6333333333333333
boulder-59930,BOULDER / CARPENTER PARK1,boulder-carpenter-park,2023-04-07 09:06:00+00:00,43.772,9.533333333333333
boulder-59994,BOULDER / CARPENTER PARK2,boulder-carpenter-park,2023-04-07 14:50:00+00:00,10.874,3.35
boulder-59605,BOULDER / CARPENTER PARK1,boulder-carpenter-park,2023-04-07 14:58:00+00:00,11.507,3.75
boulder-59744,BOULDER / CARPENTER PARK2,boulder-carpenter-park,2023-04-07 16:00:00+00:00,3.162,1.0166666666666666
boulder-59813,BOULDER / CARPENTER PARK2,boulder-carpenter-park,2023-04-07 18:46:00+00:00,4.632,1.4833333333333334
boulder-59818,BOULDER / CARPENTER PARK1,boulder-carpenter-park,2023-04-07 18:49:00+00:00,4.388,0.75
boulder-129985,BOULDER / CARPENTER PARK1,boulder-carpenter-park,2023-04-07 19:23:00+00:00,0.0,0.03333333333333333
boulder-59856,BOULDER / CARPENTER PARK1,boulder-carpenter-park,2023-04-07 19:23:00+00:00,0.0,0.03333333333333333
boulder-59862,BOULDER / CARPENTER PARK2,boulder-carpenter-park,2023-04-07 19:24:00+00:00,3.537,0.6166666666666667
boulder-59885,BOULDER / CARPENTER PARK2,boulder-carpenter-park,2023-04-07 20:04:00+00:00,24.998,4.316666666666666
boulder-130030,BOULDER / CARPENTER PARK2,boulder-carpenter-park,2023-04-07 21:38:00+00:00,0.0,0.016666666666666666
boulder-59942,BOULDER / CARPENTER PARK2,boulder-carpenter-park,2023-04-07 21:38:00+00:00,0.0,0.016666666666666666
boulder-59954,BOULDER / CARPENTER PARK1,boulder-carpenter-park,2023-04-07 21:40:00+00:00,7.849,2.6666666666666665
boulder-59847,BOULDER / CARPENTER PARK2,boulder-carpenter-park,2023-04-08 00:05:00+00:00,3.893,1.2333333333333334
boulder-130070,BOULDER / CARPENTER PARK1,boulder-carpenter-park,2023-04-08 00:18:00+00:00,0.0,0.016666666666666666
boulder-59849,BOULDER / CARPENTER PARK1,boulder-carpenter-park,2023-04-08 00:18:00+00:00,0.0,0.016666666666666666
boulder-59855,BOULDER / CARPENTER PARK1,boulder-carpenter-park,2023-04-08 00:21:00+00:00,2.907,0.48333333333333334
boulder-60082,BOULDER / CARPENTER PARK1,boulder-carpenter-park,2023-04-08 11:59:00+00:00,38.297,6.433333333333334
boulder-130095,BOULDER / CARPENTER PARK1,boulder-carpenter-park,2023-04-08 15:38:00+00:00,0.0,0.016666666666666666
boulder-60097,BOULDER / CARPENTER PARK1,boulder-carpenter-park,2023-04-08 15:38:00+00:00,0.0,0.016666666666666666
boulder-60098,BOULDER / CARPENTER PARK1,boulder-carpenter-park,2023-04-08 15:39:00+00:00,13.899,2.4
boulder-59620,BOULDER / CARPENTER PARK2,boulder-carpenter-park,2023-04-08 16:03:00+00:00,10.616,1.8166666666666667
boulder-59827,BOULDER / CARPENTER PARK2,boulder-carpenter-park,2023-04-08 18:41:00+00:00,14.702,2.5833333333333335
boulder-59876,BOULDER / CARPENTER PARK1,boulder-carpenter-park,2023-04-08 20:30:00+00:00,5.808,1.8
boulder-59961,BOULDER / CARPENTER PARK2,boulder-carpenter-park,2023-04-09 00:21:00+00:00,23.979,4.466666666666667
boulder-59972,BOULDER / CARPENTER PARK1,boulder-carpenter-park,2023-04-09 00:27:00+00:00,6.005,3.1166666666666667
boulder-60102,BOULDER / CARPENTER PARK2,boulder-carpenter-park,2023-04-09 06:15:00+00:00,1.733,0.31666666666666665
boulder-130156,BOULDER / CARPENTER PARK2,boulder-carpenter-park,2023-04-09 15:23:00+00:00,0.0,0.016666666666666666
boulder-60329,BOULDER / CARPENTER PARK2,boulder-carpenter-park,2023-04-09 15:23:00+00:00,0.0,0.016666666666666666
boulder-60338,BOULDER / CARPENTER PARK2,boulder-carpenter-park,2023-04-09 15:24:00+00:00,15.539,2.55
boulder-130161,BOULDER / CARPENTER PARK1,boulder-carpenter-park,2023-04-09 16:35:00+00:00,0.0,0.016666666666666666
boulder-60105,BOULDER / CARPENTER PARK1,boulder-carpenter-park,2023-04-09 16:35:00+00:00,0.0,0.016666666666666666
boulder-130162,BOULDER / CARPENTER PARK1,boulder-carpenter-park,2023-04-09 16:36:00+00:00,0.0,0.016666666666666666
boulder-60106,BOULDER / CARPENTER PARK1,boulder-carpenter-park,2023-04-09 16:36:00+00:00,0.0,0.016666666666666666
boulder-60107,BOULDER / CARPENTER PARK1,boulder-carpenter-park,2023-04-09 16:37:00+00:00,15.9,2.7333333333333334
boulder-130165,BOULDER / CARPENTER PARK1,boulder-carpenter-park,2023-04-09 17:00:00+00:00,0.0,0.016666666666666666
boulder-60109,BOULDER / CARPENTER PARK1,boulder-carpenter-park,2023-04-09 17:00:00+00:00,0.0,0.016666666666666666
boulder-130166,BOULDER / CARPENTER PARK1,boulder-carpenter-park,2023-04-09 17:01:00+00:00,0.0,0.016666666666666666
boulder-60110,BOULDER / CARPENTER PARK1,boulder-carpenter-park,2023-04-09 17:01:00+00:00,0.0,0.016666666666666666
boulder-130167,BOULDER / CARPENTER PARK2,boulder-carpenter-park,2023-04-09 17:03:00+00:00,0.0,0.016666666666666666
boulder-60111,BOULDER / CARPENTER PARK2,boulder-carpenter-park,2023-04-09 17:03:00+00:00,0.0,0.016666666666666666
boulder-60112,BOULDER / CARPENTER PARK2,boulder-carpenter-park,2023-04-09 17:05:00+00:00,2.072,0.35
boulder-130189,BOULDER / CARPENTER PARK1,boulder-carpenter-park,2023-04-09 20:18:00+00:00,0.0,0.0
boulder-60133,BOULDER / CARPENTER PARK1,boulder-carpenter-park,2023-04-09 20:18:00+00:00,7.688,1.3166666666666667
boulder-60134,BOULDER / CARPENTER PARK1,boulder-carpenter-park,2023-04-09 20:18:00+00:00,0.0,0.0
boulder-130191,BOULDER / CARPENTER PARK2,boulder-carpenter-park,2023-04-09 21:13:00+00:00,0.0,0.36666666666666664
boulder-60059,BOULDER / CARPENTER PARK2,boulder-carpenter-park,2023-04-09 21:13:00+00:00,0.0,0.36666666666666664
boulder-60084,BOULDER / CARPENTER PARK2,boulder-carpenter-park,2023-04-09 22:03:00+00:00,7.825,1.6333333333333333
boulder-60161,BOULDER / CARPENTER PARK1,boulder-carpenter-park,2023-04-09 23:42:00+00:00,1.67,0.2833333333333333
boulder-127709,BOULDER / CARPENTER PARK1,boulder-carpenter-park,2023-04-09 23:53:00+00:00,0.0,0.016666666666666666
boulder-60210,BOULDER / CARPENTER PARK1,boulder-carpenter-park,2023-04-09 23:53:00+00:00,0.0,0.016666666666666666
boulder-127711,BOULDER / CARPENTER PARK2,boulder-carpenter-park,2023-04-09 23:57:00+00:00,0.0,0.016666666666666666
boulder-60219,BOULDER / CARPENTER PARK2,boulder-carpenter-park,2023-04-09 23:57:00+00:00,0.0,0.016666666666666666
boulder-60285,BOULDER / CARPENTER PARK1,boulder-carpenter-park,2023-04-10 02:50:00+00:00,0.589,0.11666666666666667
boulder-60296,BOULDER / CARPENTER PARK2,boulder-carpenter-park,2023-04-10 04:51:00+00:00,3.03,0.5
boulder-58100,BOULDER / CARPENTER PARK1,boulder-carpenter-park,2023-04-10 09:12:00+00:00,47.624,8.066666666666666
boulder-58192,BOULDER / CARPENTER PARK1,boulder-carpenter-park,2023-04-10 13:41:00+00:00,11.976,3.6
boulder-127730,BOULDER / CARPENTER PARK2,boulder-carpenter-park,2023-04-10 14:01:00+00:00,0.0,0.03333333333333333
boulder-58197,BOULDER / CARPENTER PARK2,boulder-carpenter-park,2023-04-10 14:01:00+00:00,0.0,0.03333333333333333
boulder-127731,BOULDER / CARPENTER PARK2,boulder-carpenter-park,2023-04-10 14:03:00+00:00,0.0,0.016666666666666666
boulder-58202,BOULDER / CARPENTER PARK2,boulder-carpenter-park,2023-04-10 14:03:00+00:00,0.0,0.016666666666666666
boulder-58208,BOULDER / CARPENTER PARK2,boulder-carpenter-park,2023-04-10 14:04:00+00:00,9.805,4.683333333333334
boulder-127740,BOULDER / CARPENTER PARK2,boulder-carpenter-park,2023-04-10 14:53:00+00:00,0.0,0.016666666666666666
boulder-58255,BOULDER / CARPENTER PARK2,boulder-carpenter-park,2023-04-10 14:53:00+00:00,0.0,0.016666666666666666
boulder-127752,BOULDER / CARPENTER PARK1,boulder-carpenter-park,2023-04-10 17:17:00+00:00,0.0,0.0
boulder-57760,BOULDER / CARPENTER PARK1,boulder-carpenter-park,2023-04-10 17:17:00+00:00,0.0,0.0
boulder-127753,BOULDER / CARPENTER PARK1,boulder-carpenter-park,2023-04-10 17:18:00+00:00,0.0,0.016666666666666666
boulder-57761,BOULDER / CARPENTER PARK1,boulder-carpenter-park,2023-04-10 17:18:00+00:00,0.0,0.016666666666666666
boulder-57762,BOULDER / CARPENTER PARK1,boulder-carpenter-park,2023-04-10 17:19:00+00:00,5.096,0.85
boulder-57766,BOULDER / CARPENTER PARK1,boulder-carpenter-park,2023-04-10 18:12:00+00:00,15.684,2.65
boulder-57772,BOULDER / CARPENTER PARK2,boulder-carpenter-park,2023-04-10 19:25:00+00:00,27.274,4.533333333333333
boulder-127767,BOULDER / CARPENTER PARK1,boulder-carpenter-park,2023-04-10 19:30:00+00:00,0.0,0.3333333333333333
boulder-57775,BOULDER / CARPENTER PARK1,boulder-carpenter-park,2023-04-10 19:30:00+00:00,0.0,0.3333333333333333
boulder-57776,BOULDER / CARPENTER PARK1,boulder-carpenter-park,2023-04-10 19:56:00+00:00,2.372,0.43333333333333335
boulder-57779,BOULDER / CARPENTER PARK2,boulder-carpenter-park,2023-04-10 20:09:00+00:00,21.674,24.683333333333334
boulder-127772,BOULDER / CARPENTER PARK1,boulder-carpenter-park,2023-04-10 20:57:00+00:00,0.0,0.03333333333333333
boulder-57780,BOULDER / CARPENTER PARK1,boulder-carpenter-park,2023-04-10 20:57:00+00:00,0.0,0.03333333333333333
boulder-58015,BOULDER / CARPENTER PARK1,boulder-carpenter-park,2023-04-11 14:16:00+00:00,9.69,1.6666666666666667
boulder-58018,BOULDER / CARPENTER PARK1,boulder-carpenter-park,2023-04-11 14:25:00+00:00,23.326,4.916666666666667
boulder-127817,BOULDER / CARPENTER PARK1,boulder-carpenter-park,2023-04-11 16:48:00+00:00,0.0,0.7333333333333333
boulder-58327,BOULDER / CARPENTER PARK1,boulder-carpenter-park,2023-04-11 16:48:00+00:00,0.0,0.7333333333333333
boulder-58072,BOULDER / CARPENTER PARK1,boulder-carpenter-park,2023-04-11 19:27:00+00:00,0.79,0.13333333333333333
boulder-127844,BOULDER / CARPENTER PARK1,boulder-carpenter-park,2023-04-11 21:21:00+00:00,0.0,0.016666666666666666
boulder-58109,BOULDER / CARPENTER PARK1,boulder-carpenter-park,2023-04-11 21:21:00+00:00,0.0,0.016666666666666666
boulder-58119,BOULDER / CARPENTER PARK2,boulder-carpenter-park,2023-04-11 22:29:00+00:00,2.021,0.6
boulder-127856,BOULDER / CARPENTER PARK1,boulder-carpenter-park,2023-04-11 22:54:00+00:00,0.0,0.016666666666666666
boulder-58121,BOULDER / CARPENTER PARK1,boulder-carpenter-park,2023-04-11 22:54:00+00:00,0.0,0.016666666666666666
boulder-127859,BOULDER / CARPENTER PARK2,boulder-carpenter-park,2023-04-11 23:04:00+00:00,0.0,0.016666666666666666
boulder-58124,BOULDER / CARPENTER PARK2,boulder-carpenter-park,2023-04-11 23:04:00+00:00,0.0,0.016666666666666666
boulder-127860,BOULDER / CARPENTER PARK2,boulder-carpenter-park,2023-04-11 23:05:00+00:00,0.0,0.03333333333333333
boulder-58125,BOULDER / CARPENTER PARK2,boulder-carpenter-park,2023-04-11 23:05:00+00:00,0.0,0.03333333333333333
boulder-58127,BOULDER / CARPENTER PARK2,boulder-carpenter-park,2023-04-11 23:07:00+00:00,6.179,1.0333333333333334
boulder-58130,BOULDER / CARPENTER PARK1,boulder-carpenter-park,2023-04-11 23:32:00+00:00,56.642,14.2
boulder-58143,BOULDER / CARPENTER PARK2,boulder-carpenter-park,2023-04-12 00:54:00+00:00,17.828,3.8666666666666667
boulder-58001,BOULDER / CARPENTER PARK1,boulder-carpenter-park,2023-04-12 01:25:00+00:00,13.141,4.95
boulder-127885,BOULDER / CARPENTER PARK2,boulder-carpenter-park,2023-04-12 01:52:00+00:00,0.0,0.03333333333333333
boulder-58005,BOULDER / CARPENTER PARK2,boulder-carpenter-park,2023-04-12 01:52:00+00:00,0.0,0.03333333333333333
boulder-127886,BOULDER / CARPENTER PARK2,boulder-carpenter-park,2023-04-12 01:54:00+00:00,0.0,0.016666666666666666
boulder-58006,BOULDER / CARPENTER PARK2,boulder-carpenter-park,2023-04-12 01:54:00+00:00,0.0,0.016666666666666666
boulder-58271,BOULDER / CARPENTER PARK2,boulder-carpenter-park,2023-04-12 08:13:00+00:00,35.534,5.9
boulder-58280,BOULDER / CARPENTER PARK1,boulder-carpenter-park,2023-04-12 14:30:00+00:00,25.689,4.483333333333333
boulder-58287,BOULDER / CARPENTER PARK1,boulder-carpenter-park,2023-04-12 15:16:00+00:00,16.291,3.2
boulder-58037,BOULDER / CARPENTER PARK2,boulder-carpenter-park,2023-04-12 16:48:00+00:00,8.2,2.5
boulder-127920,BOULDER / CARPENTER PARK2,boulder-carpenter-park,2023-04-12 18:26:00+00:00,0.0,0.03333333333333333
boulder-58041,BOULDER / CARPENTER PARK2,boulder-carpenter-park,2023-04-12 18:26:00+00:00,0.0,0.03333333333333333
boulder-127926,BOULDER / CARPENTER PARK2,boulder-carpenter-park,2023-04-12 19:33:00+00:00,0.0,4.466666666666667
boulder-58047,BOULDER / CARPENTER PARK2,boulder-carpenter-park,2023-04-12 19:33:00+00:00,0.0,4.466666666666667
boulder-58056,BOULDER / CARPENTER PARK1,boulder-carpenter-park,2023-04-12 21:30:00+00:00,24.906,4.15
boulder-127935,BOULDER / CARPENTER PARK1,boulder-carpenter-park,2023-04-12 22:05:00+00:00,0.0,0.016666666666666666
boulder-58025,BOULDER / CARPENTER PARK1,boulder-carpenter-park,2023-04-12 22:05:00+00:00,0.0,0.016666666666666666
boulder-127937,BOULDER / CARPENTER PARK1,boulder-carpenter-park,2023-04-12 22:07:00+00:00,0.0,0.016666666666666666
boulder-58074,BOULDER / CARPENTER PARK1,boulder-carpenter-park,2023-04-12 22:07:00+00:00,0.0,0.016666666666666666
boulder-127938,BOULDER / CARPENTER PARK1,boulder-carpenter-park,2023-04-12 22:21:00+00:00,0.0,0.016666666666666666
boulder-58080,BOULDER / CARPENTER PARK1,boulder-carpenter-park,2023-04-12 22:21:00+00:00,0.0,0.016666666666666666
boulder-127939,BOULDER / CARPENTER PARK1,boulder-carpenter-park,2023-04-12 22:23:00+00:00,0.0,0.03333333333333333
boulder-58087,BOULDER / CARPENTER PARK1,boulder-carpenter-park,2023-04-12 22:23:00+00:00,0.0,0.03333333333333333
boulder-58159,BOULDER / CARPENTER PARK1,boulder-carpenter-park,2023-04-12 23:13:00+00:00,4.85,3.95
boulder-127959,BOULDER / CARPENTER PARK2,boulder-carpenter-park,2023-04-13 01:00:00+00:00,0.0,0.06666666666666667
boulder-58247,BOULDER / CARPENTER PARK2,boulder-carpenter-park,2023-04-13 01:00:00+00:00,0.0,0.06666666666666667
boulder-58253,BOULDER / CARPENTER PARK2,boulder-carpenter-park,2023-04-13 01:04:00+00:00,9.044,1.4833333333333334
boulder-127971,BOULDER / CARPENTER PARK1,boulder-carpenter-park,2023-04-13 13:21:00+00:00,0.0,0.016666666666666666
boulder-58181,BOULDER / CARPENTER PARK1,boulder-carpenter-park,2023-04-13 13:21:00+00:00,0.0,0.016666666666666666
boulder-58218,BOULDER / CARPENTER PARK2,boulder-carpenter-park,2023-04-13 14:18:00+00:00,10.198,3.1666666666666665
boulder-58233,BOULDER / CARPENTER PARK1,boulder-carpenter-park,2023-04-13 14:39:00+00:00,23.406,4.666666666666667
boulder-58296,BOULDER / CARPENTER PARK1,boulder-carpenter-park,2023-04-13 15:15:00+00:00,18.743,4.05
boulder-58304,BOULDER / CARPENTER PARK2,boulder-carpenter-park,2023-04-13 15:19:00+00:00,5.481,1.7166666666666666
boulder-127999,BOULDER / CARPENTER PARK2,boulder-carpenter-park,2023-04-13 17:38:00+00:00,0.0,0.0
boulder-58204,BOULDER / CARPENTER PARK2,boulder-carpenter-park,2023-04-13 17:38:00+00:00,0.0,0.0
boulder-58210,BOULDER / CARPENTER PARK2,boulder-carpenter-park,2023-04-13 17:38:00+00:00,12.936,2.95
boulder-128001,BOULDER / CARPENTER PARK2,boulder-carpenter-park,2023-04-13 17:43:00+00:00,0.0,0.016666666666666666
boulder-58216,BOULDER / CARPENTER PARK2,boulder-carpenter-park,2023-04-13 17:43:00+00:00,0.0,0.016666666666666666
boulder-58262,BOULDER / CARPENTER PARK1,boulder-carpenter-park,2023-04-13 19:29:00+00:00,15.48,3.8833333333333333
boulder-128022,BOULDER / CARPENTER PARK2,boulder-carpenter-park,2023-04-13 22:31:00+00:00,0.0,0.03333333333333333
boulder-58350,BOULDER / CARPENTER PARK2,boulder-carpenter-park,2023-04-13 22:31:00+00:00,0.0,0.03333333333333333
boulder-58354,BOULDER / CARPENTER PARK2,boulder-carpenter-park,2023-04-13 22:33:00+00:00,4.579,1.25
boulder-58257,BOULDER / CARPENTER PARK2,boulder-carpenter-park,2023-04-14 13:32:00+00:00,34.04,5.9
boulder-58263,BOULDER / CARPENTER PARK1,boulder-carpenter-park,2023-04-14 13:36:00+00:00,2.291,0.4666666666666667
boulder-58325,BOULDER / CARPENTER PARK1,boulder-carpenter-park,2023-04-14 16:23:00+00:00,1.734,0.3
boulder-58334,BOULDER / CARPENTER PARK1,boulder-carpenter-park,2023-04-14 17:19:00+00:00,15.672,5.166666666666667
boulder-128075,BOULDER / CARPENTER PARK2,boulder-carpenter-park,2023-04-14 20:23:00+00:00,0.0,0.016666666666666666
boulder-58398,BOULDER / CARPENTER PARK2,boulder-carpenter-park,2023-04-14 20:23:00+00:00,0.0,0.016666666666666666
boulder-128076,BOULDER / CARPENTER PARK1,boulder-carpenter-park,2023-04-14 20:26:00+00:00,0.0,0.016666666666666666
boulder-58021,BOULDER / CARPENTER PARK1,boulder-carpenter-park,2023-04-14 20:26:00+00:00,0.0,0.016666666666666666
boulder-58228,BOULDER / CARPENTER PARK2,boulder-carpenter-park,2023-04-15 04:07:00+00:00,0.026,2.15
boulder-58646,BOULDER / CARPENTER PARK1,boulder-carpenter-park,2023-04-15 10:31:00+00:00,46.445,7.8
boulder-128116,BOULDER / CARPENTER PARK2,boulder-carpenter-park,2023-04-15 15:42:00+00:00,0.0,0.016666666666666666
boulder-58762,BOULDER / CARPENTER PARK2,boulder-carpenter-park,2023-04-15 15:42:00+00:00,0.0,0.016666666666666666
boulder-58763,BOULDER / CARPENTER PARK2,boulder-carpenter-park,2023-04-15 15:43:00+00:00,0.524,0.1
boulder-128119,BOULDER / CARPENTER PARK2,boulder-carpenter-park,2023-04-15 16:13:00+00:00,0.0,0.03333333333333333
boulder-58333,BOULDER / CARPENTER PARK2,boulder-carpenter-park,2023-04-15 16:13:00+00:00,0.0,0.03333333333333333
boulder-128121,BOULDER / CARPENTER PARK2,boulder-carpenter-park,2023-04-15 16:16:00+00:00,0.0,0.016666666666666666
boulder-58343,BOULDER / CARPENTER PARK2,boulder-carpenter-park,2023-04-15 16:16:00+00:00,0.0,0.016666666666666666
boulder-128123,BOULDER / CARPENTER PARK2,boulder-carpenter-park,2023-04-15 16:17:00+00:00,0.0,0.03333333333333333
boulder-58352,BOULDER / CARPENTER PARK2,boulder-carpenter-park,2023-04-15 16:17:00+00:00,0.0,0.03333333333333333
boulder-128128,BOULDER / CARPENTER PARK2,boulder-carpenter-park,2023-04-15 16:26:00+00:00,0.0,0.03333333333333333
boulder-58376,BOULDER / CARPENTER PARK2,boulder-carpenter-park,2023-04-15 16:26:00+00:00,0.0,0.03333333333333333
boulder-128129,BOULDER / CARPENTER PARK2,boulder-carpenter-park,2023-04-15 16:28:00+00:00,0.0,0.016666666666666666
boulder-58381,BOULDER / CARPENTER PARK2,boulder-carpenter-park,2023-04-15 16:28:00+00:00,0.0,0.016666666666666666
boulder-128130,BOULDER / CARPENTER PARK2,boulder-carpenter-park,2023-04-15 16:29:00+00:00,0.0,0.016666666666666666
boulder-58386,BOULDER / CARPENTER PARK2,boulder-carpenter-park,2023-04-15 16:29:00+00:00,0.0,0.016666666666666666
boulder-128131,BOULDER / CARPENTER PARK2,boulder-carpenter-park,2023-04-15 16:30:00+00:00,0.0,0.016666666666666666
boulder-58391,BOULDER / CARPENTER PARK2,boulder-carpenter-park,2023-04-15 16:30:00+00:00,0.0,0.016666666666666666
boulder-58023,BOULDER / CARPENTER PARK2,boulder-carpenter-park,2023-04-15 16:31:00+00:00,3.213,0.6
boulder-58086,BOULDER / CARPENTER PARK2,boulder-carpenter-park,2023-04-15 17:16:00+00:00,4.288,2.4833333333333334
boulder-128144,BOULDER / CARPENTER PARK1,boulder-carpenter-park,2023-04-15 18:16:00+00:00,0.0,0.05
boulder-58171,BOULDER / CARPENTER PARK1,boulder-carpenter-park,2023-04-15 18:16:00+00:00,0.0,0.05
boulder-128145,BOULDER / CARPENTER PARK1,boulder-carpenter-park,2023-04-15 18:20:00+00:00,0.0,0.0
boulder-58177,BOULDER / CARPENTER PARK1,boulder-carpenter-park,2023-04-15 18:20:00+00:00,0.0,0.0
boulder-58183,BOULDER / CARPENTER PARK1,boulder-carpenter-park,2023-04-15 18:21:00+00:00,0.176,0.03333333333333333
boulder-58190,BOULDER / CARPENTER PARK1,boulder-carpenter-park,2023-04-15 18:24:00+00:00,8.96,3.7666666666666666
boulder-58200,BOULDER / CARPENTER PARK1,boulder-carpenter-park,2023-04-15 18:55:00+00:00,2.181,0.6666666666666666
boulder-58229,BOULDER / CARPENTER PARK2,boulder-carpenter-park,2023-04-15 19:15:00+00:00,1.994,0.6333333333333333
boulder-128159,BOULDER / CARPENTER PARK1,boulder-carpenter-park,2023-04-15 19:49:00+00:00,0.0,0.016666666666666666
boulder-58258,BOULDER / CARPENTER PARK2,boulder-carpenter-park,2023-04-15 19:49:00+00:00,6.03,1.0333333333333334
boulder-58264,BOULDER / CARPENTER PARK1,boulder-carpenter-park,2023-04-15 19:49:00+00:00,0.0,0.016666666666666666
boulder-128161,BOULDER / CARPENTER PARK1,boulder-carpenter-park,2023-04-15 19:54:00+00:00,0.0,0.016666666666666666
boulder-58299,BOULDER / CARPENTER PARK1,boulder-carpenter-park,2023-04-15 19:54:00+00:00,0.0,0.016666666666666666
boulder-58366,BOULDER / CARPENTER PARK2,boulder-carpenter-park,2023-04-15 21:55:00+00:00,1.762,0.6
boulder-58390,BOULDER / CARPENTER PARK1,boulder-carpenter-park,2023-04-15 22:56:00+00:00,12.533,2.1666666666666665
boulder-58623,BOULDER / CARPENTER PARK2,boulder-carpenter-park,2023-04-16 01:51:00+00:00,12.623,2.1666666666666665
boulder-128751,BOULDER / CARPENTER PARK1,boulder-carpenter-park,2023-04-16 17:27:00+00:00,0.0,0.03333333333333333
boulder-58786,BOULDER / CARPENTER PARK1,boulder-carpenter-park,2023-04-16 17:27:00+00:00,0.0,0.03333333333333333
boulder-58544,BOULDER / CARPENTER PARK1,boulder-carpenter-park,2023-04-16 20:43:00+00:00,6.147,1.7
boulder-58550,BOULDER / CARPENTER PARK2,boulder-carpenter-park,2023-04-16 20:46:00+00:00,11.829,3.6166666666666667
boulder-58757,BOULDER / CARPENTER PARK2,boulder-carpenter-park,2023-04-17 05:41:00+00:00,5.337,1.0333333333333334
boulder-58690,BOULDER / CARPENTER PARK1,boulder-carpenter-park,2023-04-17 12:38:00+00:00,5.21,0.9333333333333333
boulder-58712,BOULDER / CARPENTER PARK1,boulder-carpenter-park,2023-04-17 13:44:00+00:00,10.379,5.0
boulder-58733,BOULDER / CARPENTER PARK2,boulder-carpenter-park,2023-04-17 14:23:00+00:00,24.169,4.166666666666667
boulder-58730,BOULDER / CARPENTER PARK1,boulder-carpenter-park,2023-04-17 18:54:00+00:00,1.108,0.5166666666666667
boulder-58768,BOULDER / CARPENTER PARK2,boulder-carpenter-park,2023-04-17 19:03:00+00:00,5.485,2.0166666666666666
boulder-58777,BOULDER / CARPENTER PARK1,boulder-carpenter-park,2023-04-17 19:42:00+00:00,5.685,1.2666666666666666
boulder-129107,BOULDER / CARPENTER PARK1,boulder-carpenter-park,2023-04-17 22:14:00+00:00,0.001,0.06666666666666667
boulder-58795,BOULDER / CARPENTER PARK1,boulder-carpenter-park,2023-04-17 22:14:00+00:00,0.001,0.06666666666666667
boulder-58797,BOULDER / CARPENTER PARK2,boulder-carpenter-park,2023-04-17 22:18:00+00:00,4.803,0.8333333333333334
boulder-58488,BOULDER / CARPENTER PARK1,boulder-carpenter-park,2023-04-17 23:06:00+00:00,3.561,1.15
boulder-58533,BOULDER / CARPENTER PARK2,boulder-carpenter-park,2023-04-18 13:30:00+00:00,40.506,6.733333333333333
boulder-58535,BOULDER / CARPENTER PARK1,boulder-carpenter-park,2023-04-18 14:16:00+00:00,17.07,3.7666666666666666
boulder-58743,BOULDER / CARPENTER PARK2,boulder-carpenter-park,2023-04-18 16:38:00+00:00,3.721,0.7166666666666667
boulder-58406,BOULDER / CARPENTER PARK1,boulder-carpenter-park,2023-04-18 18:05:00+00:00,6.231,1.0833333333333333
boulder-58415,BOULDER / CARPENTER PARK1,boulder-carpenter-park,2023-04-18 19:12:00+00:00,4.493,0.7833333333333333
boulder-58470,BOULDER / CARPENTER PARK1,boulder-carpenter-park,2023-04-19 13:46:00+00:00,13.377,4.566666666666666
boulder-58471,BOULDER / CARPENTER PARK2,boulder-carpenter-park,2023-04-19 13:55:00+00:00,12.093,4.05
boulder-58437,BOULDER / CARPENTER PARK2,boulder-carpenter-park,2023-04-19 18:36:00+00:00,36.575,8.716666666666667
boulder-58441,BOULDER / CARPENTER PARK1,boulder-carpenter-park,2023-04-19 20:04:00+00:00,8.143,2.5
boulder-59126,BOULDER / CARPENTER PARK1,boulder-carpenter-park,2023-04-20 13:58:00+00:00,9.513,2.5166666666666666
boulder-59132,BOULDER / CARPENTER PARK2,boulder-carpenter-park,2023-04-20 14:37:00+00:00,19.958,3.4166666666666665
boulder-58583,BOULDER / CARPENTER PARK1,boulder-carpenter-park,2023-04-20 16:52:00+00:00,21.454,5.966666666666667
boulder-58591,BOULDER / CARPENTER PARK2,boulder-carpenter-park,2023-04-20 18:10:00+00:00,5.054,1.2166666666666666
boulder-58883,BOULDER / CARPENTER PARK2,boulder-carpenter-park,2023-04-20 21:10:00+00:00,1.759,0.3
boulder-58986,BOULDER / CARPENTER PARK2,boulder-carpenter-park,2023-04-20 23:02:00+00:00,6.611,1.1333333333333333
boulder-58996,BOULDER / CARPENTER PARK1,boulder-carpenter-park,2023-04-20 23:23:00+00:00,2.212,0.6166666666666667
boulder-59089,BOULDER / CARPENTER PARK1,boulder-carpenter-park,2023-04-21 02:01:00+00:00,1.847,0.5
boulder-58890,BOULDER / CARPENTER PARK2,boulder-carpenter-park,2023-04-21 19:13:00+00:00,7.373,2.2333333333333334
boulder-58959,BOULDER / CARPENTER PARK1,boulder-carpenter-park,2023-04-21 19:33:00+00:00,6.176,2.466666666666667
boulder-58979,BOULDER / CARPENTER PARK2,boulder-carpenter-park,2023-04-21 19:51:00+00:00,2.678,0.85
boulder-59023,BOULDER / CARPENTER PARK2,boulder-carpenter-park,2023-04-21 20:54:00+00:00,1.777,0.5666666666666667
boulder-129773,BOULDER / CARPENTER PARK2,boulder-carpenter-park,2023-04-21 21:29:00+00:00,0.0,0.0
boulder-59043,BOULDER / CARPENTER PARK2,boulder-carpenter-park,2023-04-21 21:29:00+00:00,0.0,0.0
boulder-59086,BOULDER / CARPENTER PARK2,boulder-carpenter-park,2023-04-21 21:29:00+00:00,2.568,1.0333333333333334
boulder-59143,BOULDER / CARPENTER PARK1,boulder-carpenter-park,2023-04-21 22:33:00+00:00,4.206,1.2
boulder-58872,BOULDER / CARPENTER PARK2,boulder-carpenter-park,2023-04-22 02:18:00+00:00,7.222,2.7333333333333334
boulder-59028,BOULDER / CARPENTER PARK2,boulder-carpenter-park,2023-04-22 11:18:00+00:00,34.541,10.25
boulder-58927,BOULDER / CARPENTER PARK1,boulder-carpenter-park,2023-04-22 16:50:00+00:00,26.049,4.45
boulder-58865,BOULDER / CARPENTER PARK2,boulder-carpenter-park,2023-04-22 20:53:00+00:00,4.984,1.5
boulder-129945,BOULDER / CARPENTER PARK2,boulder-carpenter-park,2023-04-22 21:56:00+00:00,0.0,0.016666666666666666
boulder-58902,BOULDER / CARPENTER PARK2,boulder-carpenter-park,2023-04-22 21:56:00+00:00,0.0,0.016666666666666666
boulder-129948,BOULDER / CARPENTER PARK2,boulder-carpenter-park,2023-04-22 21:57:00+00:00,0.0,0.016666666666666666
boulder-58908,BOULDER / CARPENTER PARK2,boulder-carpenter-park,2023-04-22 21:57:00+00:00,0.0,0.016666666666666666
boulder-129951,BOULDER / CARPENTER PARK1,boulder-carpenter-park,2023-04-22 21:59:00+00:00,0.0,0.03333333333333333
boulder-58952,BOULDER / CARPENTER PARK1,boulder-carpenter-park,2023-04-22 21:59:00+00:00,0.0,0.03333333333333333
boulder-130020,BOULDER / CARPENTER PARK1,boulder-carpenter-park,2023-04-23 14:08:00+00:00,0.0,0.016666666666666666
boulder-58980,BOULDER / CARPENTER PARK1,boulder-carpenter-park,2023-04-23 14:08:00+00:00,0.0,0.016666666666666666
boulder-58985,BOULDER / CARPENTER PARK1,boulder-carpenter-park,2023-04-23 14:10:00+00:00,10.539,1.8
boulder-59186,BOULDER / CARPENTER PARK2,boulder-carpenter-park,2023-04-23 17:13:00+00:00,9.163,3.433333333333333
boulder-58969,BOULDER / CARPENTER PARK1,boulder-carpenter-park,2023-04-23 18:02:00+00:00,11.455,1.95
boulder-59085,BOULDER / CARPENTER PARK1,boulder-carpenter-park,2023-04-23 20:15:00+00:00,1.718,0.31666666666666665
boulder-59120,BOULDER / CARPENTER PARK2,boulder-carpenter-park,2023-04-23 20:39:00+00:00,1.251,0.21666666666666667
boulder-59151,BOULDER / CARPENTER PARK1,boulder-carpenter-park,2023-04-23 21:43:00+00:00,0.177,0.05
boulder-59153,BOULDER / CARPENTER PARK2,boulder-carpenter-park,2023-04-23 22:04:00+00:00,3.985,3.4833333333333334
boulder-58853,BOULDER / CARPENTER PARK2,boulder-carpenter-park,2023-04-24 14:28:00+00:00,8.729,1.4666666666666666
boulder-58854,BOULDER / CARPENTER PARK1,boulder-carpenter-park,2023-04-24 14:31:00+00:00,38.044,6.45
boulder-59171,BOULDER / CARPENTER PARK2,boulder-carpenter-park,2023-04-24 18:07:00+00:00,30.613,5.65
boulder-128993,BOULDER / CARPENTER PARK2,boulder-carpenter-park,2023-04-24 19:14:00+00:00,0.0,0.03333333333333333
boulder-59190,BOULDER / CARPENTER PARK2,boulder-carpenter-park,2023-04-24 19:14:00+00:00,0.0,0.03333333333333333
boulder-58808,BOULDER / CARPENTER PARK1,boulder-carpenter-park,2023-04-24 21:53:00+00:00,6.949,1.1833333333333333
boulder-129061,BOULDER / CARPENTER PARK1,boulder-carpenter-park,2023-04-24 23:16:00+00:00,0.0,0.03333333333333333
boulder-58819,BOULDER / CARPENTER PARK1,boulder-carpenter-park,2023-04-24 23:16:00+00:00,0.0,0.03333333333333333
boulder-58828,BOULDER / CARPENTER PARK2,boulder-carpenter-park,2023-04-25 01:13:00+00:00,12.679,2.4
boulder-58836,BOULDER / CARPENTER PARK1,boulder-carpenter-park,2023-04-25 01:34:00+00:00,12.226,2.533333333333333
boulder-59075,BOULDER / CARPENTER PARK1,boulder-carpenter-park,2023-04-25 13:45:00+00:00,8.741,4.0
boulder-59076,BOULDER / CARPENTER PARK2,boulder-carpenter-park,2023-04-25 14:18:00+00:00,26.273,4.4
boulder-58895,BOULDER / CARPENTER PARK1,boulder-carpenter-park,2023-04-25 17:46:00+00:00,3.212,0.7
boulder-59031,BOULDER / CARPENTER PARK2,boulder-carpenter-park,2023-04-25 19:09:00+00:00,5.41,3.25
boulder-59036,BOULDER / CARPENTER PARK1,boulder-carpenter-park,2023-04-25 19:11:00+00:00,24.419,4.083333333333333
boulder-59056,BOULDER / CARPENTER PARK2,boulder-carpenter-park,2023-04-25 22:45:00+00:00,9.249,1.5333333333333334
boulder-59367,BOULDER / CARPENTER PARK1,boulder-carpenter-park,2023-04-26 11:45:00+00:00,42.529,8.783333333333333
boulder-59485,BOULDER / CARPENTER PARK2,boulder-carpenter-park,2023-04-26 14:42:00+00:00,10.527,6.05
boulder-129431,BOULDER / CARPENTER PARK2,boulder-carpenter-park,2023-04-26 17:49:00+00:00,0.0,0.03333333333333333
boulder-59282,BOULDER / CARPENTER PARK2,boulder-carpenter-park,2023-04-26 17:49:00+00:00,0.0,0.03333333333333333
boulder-59305,BOULDER / CARPENTER PARK1,boulder-carpenter-park,2023-04-26 23:22:00+00:00,4.083,0.7166666666666667
boulder-59317,BOULDER / CARPENTER PARK1,boulder-carpenter-park,2023-04-27 01:04:00+00:00,3.288,0.55
boulder-59220,BOULDER / CARPENTER PARK2,boulder-carpenter-park,2023-04-27 14:39:00+00:00,13.57,2.3
boulder-59235,BOULDER / CARPENTER PARK1,boulder-carpenter-park,2023-04-27 15:09:00+00:00,1.611,0.3
boulder-129618,BOULDER / CARPENTER PARK1,boulder-carpenter-park,2023-04-27 16:13:00+00:00,0.0,0.03333333333333333
boulder-59576,BOULDER / CARPENTER PARK1,boulder-carpenter-park,2023-04-27 16:13:00+00:00,0.0,0.03333333333333333
boulder-59578,BOULDER / CARPENTER PARK1,boulder-carpenter-park,2023-04-27 16:15:00+00:00,10.482,4.283333333333333
boulder-59215,BOULDER / CARPENTER PARK2,boulder-carpenter-park,2023-04-27 21:17:00+00:00,2.735,0.4666666666666667
boulder-59494,BOULDER / CARPENTER PARK1,boulder-carpenter-park,2023-04-28 12:47:00+00:00,5.798,1.05
boulder-59513,BOULDER / CARPENTER PARK1,boulder-carpenter-park,2023-04-28 15:52:00+00:00,27.797,5.216666666666667
boulder-129778,BOULDER / CARPENTER PARK2,boulder-carpenter-park,2023-04-28 17:33:00+00:00,0.0,0.0
boulder-59345,BOULDER / CARPENTER PARK2,boulder-carpenter-park,2023-04-28 17:33:00+00:00,6.04,1.0333333333333334
boulder-59351,BOULDER / CARPENTER PARK2,boulder-carpenter-park,2023-04-28 17:33:00+00:00,0.0,0.0
boulder-129807,BOULDER / CARPENTER PARK2,boulder-carpenter-park,2023-04-28 20:00:00+00:00,0.0,0.016666666666666666
boulder-59451,BOULDER / CARPENTER PARK2,boulder-carpenter-park,2023-04-28 20:00:00+00:00,0.0,0.016666666666666666
boulder-59457,BOULDER / CARPENTER PARK2,boulder-carpenter-park,2023-04-28 20:01:00+00:00,2.925,1.5166666666666666
boulder-59533,BOULDER / CARPENTER PARK1,boulder-carpenter-park,2023-04-28 21:27:00+00:00,9.531,20.783333333333335
boulder-59447,BOULDER / CARPENTER PARK2,boulder-carpenter-park,2023-04-29 01:07:00+00:00,3.669,0.6166666666666667
boulder-59469,BOULDER / CARPENTER PARK2,boulder-carpenter-park,2023-04-29 02:09:00+00:00,5.855,1.2666666666666666
boulder-59251,BOULDER / CARPENTER PARK2,boulder-carpenter-park,2023-04-29 16:03:00+00:00,5.485,2.033333333333333
boulder-129981,BOULDER / CARPENTER PARK2,boulder-carpenter-park,2023-04-29 16:58:00+00:00,0.0,0.016666666666666666
boulder-59337,BOULDER / CARPENTER PARK2,boulder-carpenter-park,2023-04-29 16:58:00+00:00,0.0,0.016666666666666666
boulder-129996,BOULDER / CARPENTER PARK2,boulder-carpenter-park,2023-04-29 17:41:00+00:00,0.0,0.016666666666666666
boulder-59369,BOULDER / CARPENTER PARK2,boulder-carpenter-park,2023-04-29 17:41:00+00:00,0.0,0.016666666666666666
boulder-130005,BOULDER / CARPENTER PARK2,boulder-carpenter-park,2023-04-29 18:07:00+00:00,0.0,0.016666666666666666
boulder-59409,BOULDER / CARPENTER PARK2,boulder-carpenter-park,2023-04-29 18:07:00+00:00,0.0,0.016666666666666666
boulder-130008,BOULDER / CARPENTER PARK2,boulder-carpenter-park,2023-04-29 18:09:00+00:00,23.0,4.266666666666667
boulder-59415,BOULDER / CARPENTER PARK2,boulder-carpenter-park,2023-04-29 18:09:00+00:00,23.0,4.266666666666667
boulder-59460,BOULDER / CARPENTER PARK1,boulder-carpenter-park,2023-04-29 19:19:00+00:00,5.979,1.0833333333333333
boulder-59572,BOULDER / CARPENTER PARK2,boulder-carpenter-park,2023-04-29 22:52:00+00:00,34.767,6.016666666666667
boulder-59236,BOULDER / CARPENTER PARK1,boulder-carpenter-park,2023-04-30 01:00:00+00:00,5.486,0.9333333333333333
boulder-130760,BOULDER / CARPENTER PARK1,boulder-carpenter-park,2023-04-30 12:05:00+00:00,0.0,1.2666666666666666
boulder-59920,BOULDER / CARPENTER PARK1,boulder-carpenter-park,2023-04-30 12:05:00+00:00,0.0,1.2666666666666666
boulder-59957,BOULDER / CARPENTER PARK2,boulder-carpenter-park,2023-04-30 14:19:00+00:00,4.112,1.8666666666666667
boulder-130778,BOULDER / CARPENTER PARK2,boulder-carpenter-park,2023-04-30 17:11:00+00:00,0.0,0.016666666666666666
boulder-59548,BOULDER / CARPENTER PARK2,boulder-carpenter-park,2023-04-30 17:11:00+00:00,0.0,0.016666666666666666
boulder-59553,BOULDER / CARPENTER PARK2,boulder-carpenter-park,2023-04-30 17:12:00+00:00,3.293,0.5666666666666667
boulder-59773,BOULDER / CARPENTER PARK2,boulder-carpenter-park,2023-04-30 22:02:00+00:00,2.496,0.75
boulder-130800,BOULDER / CARPENTER PARK2,boulder-carpenter-park,2023-04-30 22:23:00+00:00,0.0,0.0
boulder-59782,BOULDER / CARPENTER PARK2,boulder-carpenter-park,2023-04-30 22:23:00+00:00,0.0,0.0
boulder-130802,BOULDER / CARPENTER PARK1,boulder-carpenter-park,2023-04-30 22:45:00+00:00,0.0,0.016666666666666666
boulder-59793,BOULDER / CARPENTER PARK1,boulder-carpenter-park,2023-04-30 22:45:00+00:00,0.0,0.016666666666666666
boulder-59802,BOULDER / CARPENTER PARK1,boulder-carpenter-park,2023-04-30 22:49:00+00:00,12.347,2.1
boulder-59914,BOULDER / CARPENTER PARK1,boulder-carpenter-park,2023-05-01 02:59:00+00:00,8.131,1.6333333333333333
boulder-130844,BOULDER / CARPENTER PARK2,boulder-carpenter-park,2023-05-01 16:02:00+00:00,0.0,0.03333333333333333
boulder-60345,BOULDER / CARPENTER PARK2,boulder-carpenter-park,2023-05-01 16:02:00+00:00,0.0,0.03333333333333333
boulder-60350,BOULDER / CARPENTER PARK2,boulder-carpenter-park,2023-05-01 16:04:00+00:00,17.246,2.9166666666666665
boulder-130856,BOULDER / CARPENTER PARK1,boulder-carpenter-park,2023-05-01 18:00:00+00:00,0.0,0.03333333333333333
boulder-60001,BOULDER / CARPENTER PARK1,boulder-carpenter-park,2023-05-01 18:00:00+00:00,0.0,0.03333333333333333
boulder-130857,BOULDER / CARPENTER PARK1,boulder-carpenter-park,2023-05-01 18:04:00+00:00,0.0,0.03333333333333333
boulder-60006,BOULDER / CARPENTER PARK1,boulder-carpenter-park,2023-05-01 18:04:00+00:00,0.0,0.03333333333333333
boulder-130858,BOULDER / CARPENTER PARK1,boulder-carpenter-park,2023-05-01 18:09:00+00:00,0.0,0.03333333333333333
boulder-60007,BOULDER / CARPENTER PARK1,boulder-carpenter-park,2023-05-01 18:09:00+00:00,0.0,0.03333333333333333
boulder-60008,BOULDER / CARPENTER PARK1,boulder-carpenter-park,2023-05-01 18:11:00+00:00,1.66,0.5333333333333333
boulder-130861,BOULDER / CARPENTER PARK1,boulder-carpenter-park,2023-05-01 19:07:00+00:00,0.0,0.03333333333333333
boulder-60010,BOULDER / CARPENTER PARK1,boulder-carpenter-park,2023-05-01 19:07:00+00:00,0.0,0.03333333333333333
boulder-130869,BOULDER / CARPENTER PARK2,boulder-carpenter-park,2023-05-01 20:53:00+00:00,0.0,0.0
boulder-60018,BOULDER / CARPENTER PARK2,boulder-carpenter-park,2023-05-01 20:53:00+00:00,0.0,0.0
boulder-130870,BOULDER / CARPENTER PARK2,boulder-carpenter-park,2023-05-01 20:54:00+00:00,0.0,0.016666666666666666
boulder-60019,BOULDER / CARPENTER PARK2,boulder-carpenter-park,2023-05-01 20:54:00+00:00,0.0,0.016666666666666666
boulder-60020,BOULDER / CARPENTER PARK2,boulder-carpenter-park,2023-05-01 20:55:00+00:00,3.053,0.6333333333333333
boulder-130872,BOULDER / CARPENTER PARK2,boulder-carpenter-park,2023-05-01 21:00:00+00:00,0.0,0.016666666666666666
boulder-60021,BOULDER / CARPENTER PARK2,boulder-carpenter-park,2023-05-01 21:00:00+00:00,0.0,0.016666666666666666
boulder-60023,BOULDER / CARPENTER PARK1,boulder-carpenter-park,2023-05-01 21:02:00+00:00,6.292,1.1
boulder-60026,BOULDER / CARPENTER PARK2,boulder-carpenter-park,2023-05-01 21:37:00+00:00,13.213,2.816666666666667
boulder-60043,BOULDER / CARPENTER PARK1,boulder-carpenter-park,2023-05-02 00:43:00+00:00,9.316,1.7666666666666666
boulder-61002,BOULDER / CARPENTER PARK2,boulder-carpenter-park,2023-05-02 14:25:00+00:00,26.802,4.5
boulder-61050,BOULDER / CARPENTER PARK1,boulder-carpenter-park,2023-05-02 15:09:00+00:00,6.495,2.0166666666666666
boulder-60999,BOULDER / CARPENTER PARK1,boulder-carpenter-park,2023-05-02 17:15:00+00:00,8.761,1.5333333333333334
boulder-61071,BOULDER / CARPENTER PARK1,boulder-carpenter-park,2023-05-02 19:28:00+00:00,26.939,4.533333333333333
boulder-61117,BOULDER / CARPENTER PARK2,boulder-carpenter-park,2023-05-02 21:23:00+00:00,1.514,0.4166666666666667
boulder-61158,BOULDER / CARPENTER PARK2,boulder-carpenter-park,2023-05-02 22:53:00+00:00,16.772,4.933333333333334
boulder-130974,BOULDER / CARPENTER PARK2,boulder-carpenter-park,2023-05-03 14:37:00+00:00,0.0,0.016666666666666666
boulder-61659,BOULDER / CARPENTER PARK2,boulder-carpenter-park,2023-05-03 14:37:00+00:00,0.0,0.016666666666666666
boulder-61675,BOULDER / CARPENTER PARK2,boulder-carpenter-park,2023-05-03 14:39:00+00:00,8.768,3.7666666666666666
boulder-130988,BOULDER / CARPENTER PARK1,boulder-carpenter-park,2023-05-03 15:45:00+00:00,0.0,0.03333333333333333
boulder-61781,BOULDER / CARPENTER PARK1,boulder-carpenter-park,2023-05-03 15:45:00+00:00,0.0,0.03333333333333333
boulder-130990,BOULDER / CARPENTER PARK1,boulder-carpenter-park,2023-05-03 16:07:00+00:00,0.0,0.016666666666666666
boulder-61903,BOULDER / CARPENTER PARK1,boulder-carpenter-park,2023-05-03 16:07:00+00:00,0.0,0.016666666666666666
boulder-130995,BOULDER / CARPENTER PARK1,boulder-carpenter-park,2023-05-03 16:19:00+00:00,0.0,0.03333333333333333
boulder-61929,BOULDER / CARPENTER PARK1,boulder-carpenter-park,2023-05-03 16:19:00+00:00,0.0,0.03333333333333333
boulder-61934,BOULDER / CARPENTER PARK1,boulder-carpenter-park,2023-05-03 16:21:00+00:00,12.223,3.7666666666666666
boulder-61980,BOULDER / CARPENTER PARK2,boulder-carpenter-park,2023-05-03 18:46:00+00:00,9.472,1.6333333333333333
boulder-61680,BOULDER / CARPENTER PARK1,boulder-carpenter-park,2023-05-03 21:33:00+00:00,1.24,0.21666666666666667
boulder-61715,BOULDER / CARPENTER PARK2,boulder-carpenter-park,2023-05-03 21:50:00+00:00,2.954,0.5333333333333333
boulder-61725,BOULDER / CARPENTER PARK1,boulder-carpenter-park,2023-05-03 23:51:00+00:00,4.951,1.7666666666666666
boulder-131049,BOULDER / CARPENTER PARK1,boulder-carpenter-park,2023-05-04 02:31:00+00:00,0.0,0.03333333333333333
boulder-61740,BOULDER / CARPENTER PARK1,boulder-carpenter-park,2023-05-04 02:31:00+00:00,0.0,0.03333333333333333
boulder-131050,BOULDER / CARPENTER PARK1,boulder-carpenter-park,2023-05-04 02:34:00+00:00,0.0,0.03333333333333333
boulder-61741,BOULDER / CARPENTER PARK1,boulder-carpenter-park,2023-05-04 02:34:00+00:00,0.0,0.03333333333333333
boulder-131051,BOULDER / CARPENTER PARK1,boulder-carpenter-park,2023-05-04 02:36:00+00:00,0.0,0.03333333333333333
boulder-61742,BOULDER / CARPENTER PARK1,boulder-carpenter-park,2023-05-04 02:36:00+00:00,0.0,0.03333333333333333
boulder-131052,BOULDER / CARPENTER PARK1,boulder-carpenter-park,2023-05-04 02:44:00+00:00,0.0,0.03333333333333333
boulder-61743,BOULDER / CARPENTER PARK1,boulder-carpenter-park,2023-05-04 02:44:00+00:00,0.0,0.03333333333333333
boulder-61744,BOULDER / CARPENTER PARK2,boulder-carpenter-park,2023-05-04 02:46:00+00:00,5.151,1.0166666666666666
boulder-61612,BOULDER / CARPENTER PARK2,boulder-carpenter-park,2023-05-04 14:55:00+00:00,13.438,6.366666666666666
boulder-61684,BOULDER / CARPENTER PARK1,boulder-carpenter-park,2023-05-04 15:36:00+00:00,13.871,2.533333333333333
boulder-61852,BOULDER / CARPENTER PARK1,boulder-carpenter-park,2023-05-04 18:08:00+00:00,28.122,5.466666666666667
boulder-61770,BOULDER / CARPENTER PARK2,boulder-carpenter-park,2023-05-04 21:36:00+00:00,0.981,0.31666666666666665
boulder-61920,BOULDER / CARPENTER PARK2,boulder-carpenter-park,2023-05-05 00:33:00+00:00,2.483,0.4166666666666667
boulder-62170,BOULDER / CARPENTER PARK2,boulder-carpenter-park,2023-05-05 13:28:00+00:00,30.439,6.25
boulder-62218,BOULDER / CARPENTER PARK1,boulder-carpenter-park,2023-05-05 14:26:00+00:00,36.502,6.4
boulder-131151,BOULDER / CARPENTER PARK2,boulder-carpenter-park,2023-05-05 15:29:00+00:00,0.0,0.1
boulder-62293,BOULDER / CARPENTER PARK2,boulder-carpenter-park,2023-05-05 15:29:00+00:00,0.0,0.1
boulder-131152,BOULDER / CARPENTER PARK2,boulder-carpenter-park,2023-05-05 15:36:00+00:00,0.0,0.18333333333333332
boulder-62299,BOULDER / CARPENTER PARK2,boulder-carpenter-park,2023-05-05 15:36:00+00:00,0.0,0.18333333333333332
boulder-131155,BOULDER / CARPENTER PARK2,boulder-carpenter-park,2023-05-05 16:52:00+00:00,0.0,0.05
boulder-61765,BOULDER / CARPENTER PARK2,boulder-carpenter-park,2023-05-05 16:52:00+00:00,0.0,0.05
boulder-131156,BOULDER / CARPENTER PARK2,boulder-carpenter-park,2023-05-05 16:56:00+00:00,0.0,0.016666666666666666
boulder-61771,BOULDER / CARPENTER PARK2,boulder-carpenter-park,2023-05-05 16:56:00+00:00,0.0,0.016666666666666666
boulder-131160,BOULDER / CARPENTER PARK2,boulder-carpenter-park,2023-05-05 17:34:00+00:00,0.0,0.016666666666666666
boulder-61797,BOULDER / CARPENTER PARK2,boulder-carpenter-park,2023-05-05 17:34:00+00:00,0.0,0.016666666666666666
boulder-131167,BOULDER / CARPENTER PARK2,boulder-carpenter-park,2023-05-05 18:31:00+00:00,0.0,0.016666666666666666
boulder-61831,BOULDER / CARPENTER PARK2,boulder-carpenter-park,2023-05-05 18:31:00+00:00,0.0,0.016666666666666666
boulder-61892,BOULDER / CARPENTER PARK2,boulder-carpenter-park,2023-05-05 20:08:00+00:00,5.692,1.0333333333333334
boulder-61982,BOULDER / CARPENTER PARK2,boulder-carpenter-park,2023-05-06 00:03:00+00:00,0.951,0.8
boulder-62005,BOULDER / CARPENTER PARK1,boulder-carpenter-park,2023-05-06 15:44:00+00:00,13.556,2.283333333333333
boulder-131219,BOULDER / CARPENTER PARK2,boulder-carpenter-park,2023-05-06 15:46:00+00:00,0.0,0.05
boulder-62006,BOULDER / CARPENTER PARK2,boulder-carpenter-park,2023-05-06 15:46:00+00:00,0.0,0.05
boulder-62007,BOULDER / CARPENTER PARK2,boulder-carpenter-park,2023-05-06 15:49:00+00:00,5.302,1.8333333333333333
boulder-130202,BOULDER / CARPENTER PARK2,boulder-carpenter-park,2023-05-06 18:41:00+00:00,0.0,1.4
boulder-62078,BOULDER / CARPENTER PARK2,boulder-carpenter-park,2023-05-06 18:41:00+00:00,0.0,1.4
boulder-62173,BOULDER / CARPENTER PARK1,boulder-carpenter-park,2023-05-06 19:41:00+00:00,26.269,4.566666666666666
boulder-62194,BOULDER / CARPENTER PARK2,boulder-carpenter-park,2023-05-06 20:19:00+00:00,3.043,0.9333333333333333
boulder-130225,BOULDER / CARPENTER PARK2,boulder-carpenter-park,2023-05-06 22:39:00+00:00,0.0,0.0
boulder-62240,BOULDER / CARPENTER PARK2,boulder-carpenter-park,2023-05-06 22:39:00+00:00,25.306,4.75
boulder-62246,BOULDER / CARPENTER PARK2,boulder-carpenter-park,2023-05-06 22:39:00+00:00,0.0,0.0
boulder-62331,BOULDER / CARPENTER PARK1,boulder-carpenter-park,2023-05-07 01:45:00+00:00,7.834,1.35
boulder-130257,BOULDER / CARPENTER PARK1,boulder-carpenter-park,2023-05-07 15:23:00+00:00,6.0,1.3333333333333333
boulder-62096,BOULDER / CARPENTER PARK1,boulder-carpenter-park,2023-05-07 15:23:00+00:00,6.0,1.3333333333333333
boulder-62097,BOULDER / CARPENTER PARK2,boulder-carpenter-park,2023-05-07 15:23:00+00:00,22.884,3.8333333333333335
boulder-62021,BOULDER / CARPENTER PARK1,boulder-carpenter-park,2023-05-07 18:16:00+00:00,8.289,3.2333333333333334
boulder-130278,BOULDER / CARPENTER PARK2,boulder-carpenter-park,2023-05-07 19:56:00+00:00,0.0,2.033333333333333
boulder-62030,BOULDER / CARPENTER PARK2,boulder-carpenter-park,2023-05-07 19:56:00+00:00,0.0,2.033333333333333
boulder-62031,BOULDER / CARPENTER PARK2,boulder-carpenter-park,2023-05-07 20:00:00+00:00,8.316,1.4
boulder-62047,BOULDER / CARPENTER PARK2,boulder-carpenter-park,2023-05-07 23:29:00+00:00,14.205,3.3333333333333335
boulder-62053,BOULDER / CARPENTER PARK1,boulder-carpenter-park,2023-05-08 00:01:00+00:00,6.987,2.2666666666666666
boulder-62077,BOULDER / CARPENTER PARK2,boulder-carpenter-park,2023-05-08 03:26:00+00:00,13.18,2.216666666666667
boulder-62295,BOULDER / CARPENTER PARK1,boulder-carpenter-park,2023-05-08 13:44:00+00:00,15.313,3.75
boulder-130329,BOULDER / CARPENTER PARK2,boulder-carpenter-park,2023-05-08 14:31:00+00:00,0.0,0.016666666666666666
boulder-62386,BOULDER / CARPENTER PARK2,boulder-carpenter-park,2023-05-08 14:31:00+00:00,0.0,0.016666666666666666
boulder-62389,BOULDER / CARPENTER PARK2,boulder-carpenter-park,2023-05-08 14:32:00+00:00,38.24,6.666666666666667
boulder-62109,BOULDER / CARPENTER PARK1,boulder-carpenter-park,2023-05-08 17:39:00+00:00,15.631,2.6333333333333333
boulder-130372,BOULDER / CARPENTER PARK1,boulder-carpenter-park,2023-05-08 23:40:00+00:00,0.0,0.5166666666666667
boulder-62172,BOULDER / CARPENTER PARK1,boulder-carpenter-park,2023-05-08 23:40:00+00:00,0.0,0.5166666666666667
boulder-62068,BOULDER / CARPENTER PARK1,boulder-carpenter-park,2023-05-09 13:48:00+00:00,7.559,4.466666666666667
boulder-62129,BOULDER / CARPENTER PARK2,boulder-carpenter-park,2023-05-09 13:57:00+00:00,8.028,3.25
boulder-62144,BOULDER / CARPENTER PARK1,boulder-carpenter-park,2023-05-09 14:08:00+00:00,25.053,4.266666666666667
boulder-130400,BOULDER / CARPENTER PARK2,boulder-carpenter-park,2023-05-09 14:58:00+00:00,0.0,0.03333333333333333
boulder-62175,BOULDER / CARPENTER PARK2,boulder-carpenter-park,2023-05-09 14:58:00+00:00,0.0,0.03333333333333333
boulder-62164,BOULDER / CARPENTER PARK2,boulder-carpenter-park,2023-05-09 20:09:00+00:00,10.162,2.216666666666667
boulder-130437,BOULDER / CARPENTER PARK1,boulder-carpenter-park,2023-05-09 22:49:00+00:00,0.0,1.2
boulder-62243,BOULDER / CARPENTER PARK1,boulder-carpenter-park,2023-05-09 22:49:00+00:00,0.0,1.2
boulder-62249,BOULDER / CARPENTER PARK2,boulder-carpenter-park,2023-05-09 23:09:00+00:00,5.922,0.9833333333333333
boulder-62326,BOULDER / CARPENTER PARK2,boulder-carpenter-park,2023-05-10 01:35:00+00:00,6.878,1.1666666666666667
boulder-60073,BOULDER / CARPENTER PARK1,boulder-carpenter-park,2023-05-10 13:52:00+00:00,13.906,8.583333333333334
boulder-60182,BOULDER / CARPENTER PARK2,boulder-carpenter-park,2023-05-10 15:10:00+00:00,9.358,6.05
boulder-130471,BOULDER / CARPENTER PARK1,boulder-carpenter-park,2023-05-10 15:22:00+00:00,0.0,0.0
boulder-60188,BOULDER / CARPENTER PARK1,boulder-carpenter-park,2023-05-10 15:22:00+00:00,11.774,3.283333333333333
boulder-60193,BOULDER / CARPENTER PARK1,boulder-carpenter-park,2023-05-10 15:22:00+00:00,0.0,0.0
boulder-60302,BOULDER / CARPENTER PARK2,boulder-carpenter-park,2023-05-10 21:41:00+00:00,9.8,3.0
boulder-60323,BOULDER / CARPENTER PARK1,boulder-carpenter-park,2023-05-10 22:32:00+00:00,19.462,3.283333333333333
boulder-60199,BOULDER / CARPENTER PARK1,boulder-carpenter-park,2023-05-11 13:53:00+00:00,8.304,4.066666666666666
boulder-60356,BOULDER / CARPENTER PARK2,boulder-carpenter-park,2023-05-11 21:52:00+00:00,10.817,4.7
boulder-60244,BOULDER / CARPENTER PARK1,boulder-carpenter-park,2023-05-12 13:55:00+00:00,16.856,3.933333333333333
boulder-60354,BOULDER / CARPENTER PARK1,boulder-carpenter-park,2023-05-12 18:58:00+00:00,10.607,2.1
boulder-60074,BOULDER / CARPENTER PARK2,boulder-carpenter-park,2023-05-12 21:03:00+00:00,11.389,1.9666666666666666
boulder-60081,BOULDER / CARPENTER PARK1,boulder-carpenter-park,2023-05-12 21:14:00+00:00,4.194,0.7333333333333333
boulder-60077,BOULDER / CARPENTER PARK2,boulder-carpenter-park,2023-05-13 17:09:00+00:00,7.695,1.3166666666666667
boulder-130663,BOULDER / CARPENTER PARK1,boulder-carpenter-park,2023-05-13 17:10:00+00:00,0.0,0.03333333333333333
boulder-60086,BOULDER / CARPENTER PARK1,boulder-carpenter-park,2023-05-13 17:10:00+00:00,0.0,0.03333333333333333
boulder-60172,BOULDER / CARPENTER PARK1,boulder-carpenter-park,2023-05-13 18:29:00+00:00,4.377,0.75
boulder-60336,BOULDER / CARPENTER PARK2,boulder-carpenter-park,2023-05-13 21:50:00+00:00,10.569,3.033333333333333
boulder-60695,BOULDER / CARPENTER PARK2,boulder-carpenter-park,2023-05-14 13:41:00+00:00,22.188,3.75
boulder-60717,BOULDER / CARPENTER PARK1,boulder-carpenter-park,2023-05-14 14:59:00+00:00,7.869,1.3166666666666667
boulder-131280,BOULDER / CARPENTER PARK1,boulder-carpenter-park,2023-05-14 15:09:00+00:00,0.0,0.016666666666666666
boulder-60721,BOULDER / CARPENTER PARK1,boulder-carpenter-park,2023-05-14 15:09:00+00:00,0.0,0.016666666666666666
boulder-131282,BOULDER / CARPENTER PARK2,boulder-carpenter-park,2023-05-14 15:11:00+00:00,0.0,0.016666666666666666
boulder-60725,BOULDER / CARPENTER PARK2,boulder-carpenter-park,2023-05-14 15:11:00+00:00,0.0,0.016666666666666666
boulder-131284,BOULDER / CARPENTER PARK2,boulder-carpenter-park,2023-05-14 15:12:00+00:00,0.0,0.03333333333333333
boulder-60728,BOULDER / CARPENTER PARK2,boulder-carpenter-park,2023-05-14 15:12:00+00:00,0.0,0.03333333333333333
boulder-131292,BOULDER / CARPENTER PARK1,boulder-carpenter-park,2023-05-14 16:42:00+00:00,0.0,0.016666666666666666
boulder-60636,BOULDER / CARPENTER PARK1,boulder-carpenter-park,2023-05-14 16:42:00+00:00,0.0,0.016666666666666666
boulder-60641,BOULDER / CARPENTER PARK1,boulder-carpenter-park,2023-05-14 16:44:00+00:00,7.95,1.4
boulder-131301,BOULDER / CARPENTER PARK1,boulder-carpenter-park,2023-05-14 17:53:00+00:00,0.0,0.03333333333333333
boulder-60702,BOULDER / CARPENTER PARK1,boulder-carpenter-park,2023-05-14 17:53:00+00:00,0.0,0.03333333333333333
boulder-131302,BOULDER / CARPENTER PARK1,boulder-carpenter-park,2023-05-14 17:55:00+00:00,0.0,0.03333333333333333
boulder-60705,BOULDER / CARPENTER PARK1,boulder-carpenter-park,2023-05-14 17:55:00+00:00,0.0,0.03333333333333333
boulder-131303,BOULDER / CARPENTER PARK1,boulder-carpenter-park,2023-05-14 17:57:00+00:00,0.0,0.03333333333333333
boulder-60707,BOULDER / CARPENTER PARK1,boulder-carpenter-park,2023-05-14 17:57:00+00:00,0.0,0.03333333333333333
boulder-131304,BOULDER / CARPENTER PARK1,boulder-carpenter-park,2023-05-14 18:00:00+00:00,0.0,0.03333333333333333
boulder-60710,BOULDER / CARPENTER PARK1,boulder-carpenter-park,2023-05-14 18:00:00+00:00,0.0,0.03333333333333333
boulder-60754,BOULDER / CARPENTER PARK1,boulder-carpenter-park,2023-05-14 20:25:00+00:00,6.802,1.85
boulder-60529,BOULDER / CARPENTER PARK1,boulder-carpenter-park,2023-05-14 22:36:00+00:00,6.883,1.1833333333333333
boulder-131334,BOULDER / CARPENTER PARK1,boulder-carpenter-park,2023-05-14 23:23:00+00:00,0.0,0.016666666666666666
boulder-60616,BOULDER / CARPENTER PARK1,boulder-carpenter-park,2023-05-14 23:23:00+00:00,0.0,0.016666666666666666
boulder-60626,BOULDER / CARPENTER PARK2,boulder-carpenter-park,2023-05-14 23:55:00+00:00,17.235,4.45
boulder-60676,BOULDER / CARPENTER PARK1,boulder-carpenter-park,2023-05-15 14:40:00+00:00,21.099,3.683333333333333
boulder-60678,BOULDER / CARPENTER PARK2,boulder-carpenter-park,2023-05-15 15:03:00+00:00,13.58,3.683333333333333
boulder-60781,BOULDER / CARPENTER PARK1,boulder-carpenter-park,2023-05-15 17:52:00+00:00,4.776,1.5666666666666667
boulder-60789,BOULDER / CARPENTER PARK2,boulder-carpenter-park,2023-05-15 18:53:00+00:00,11.081,3.4
boulder-131376,BOULDER / CARPENTER PARK1,boulder-carpenter-park,2023-05-15 19:30:00+00:00,0.0,0.016666666666666666
boulder-60793,BOULDER / CARPENTER PARK1,boulder-carpenter-park,2023-05-15 19:30:00+00:00,0.0,0.016666666666666666
boulder-60437,BOULDER / CARPENTER PARK1,boulder-carpenter-park,2023-05-15 19:32:00+00:00,22.804,3.9
boulder-131379,BOULDER / CARPENTER PARK1,boulder-carpenter-park,2023-05-15 19:37:00+00:00,0.0,0.03333333333333333
boulder-60467,BOULDER / CARPENTER PARK1,boulder-carpenter-park,2023-05-15 19:37:00+00:00,0.0,0.03333333333333333
boulder-131380,BOULDER / CARPENTER PARK2,boulder-carpenter-park,2023-05-15 19:42:00+00:00,0.0,0.05
boulder-60473,BOULDER / CARPENTER PARK2,boulder-carpenter-park,2023-05-15 19:42:00+00:00,0.0,0.05
boulder-60525,BOULDER / CARPENTER PARK1,boulder-carpenter-park,2023-05-15 19:43:00+00:00,1.432,0.4666666666666667
boulder-131382,BOULDER / CARPENTER PARK2,boulder-carpenter-park,2023-05-15 19:45:00+00:00,0.0,0.016666666666666666
boulder-60531,BOULDER / CARPENTER PARK2,boulder-carpenter-park,2023-05-15 19:45:00+00:00,0.0,0.016666666666666666
boulder-131395,BOULDER / CARPENTER PARK1,boulder-carpenter-park,2023-05-15 23:00:00+00:00,0.0,0.016666666666666666
boulder-60633,BOULDER / CARPENTER PARK1,boulder-carpenter-park,2023-05-15 23:00:00+00:00,0.0,0.016666666666666666
boulder-60643,BOULDER / CARPENTER PARK2,boulder-carpenter-park,2023-05-15 23:02:00+00:00,5.603,0.9666666666666667
boulder-60660,BOULDER / CARPENTER PARK1,boulder-carpenter-park,2023-05-16 02:02:00+00:00,1.553,0.26666666666666666
boulder-60662,BOULDER / CARPENTER PARK2,boulder-carpenter-park,2023-05-16 02:50:00+00:00,7.636,1.3666666666666667
boulder-60492,BOULDER / CARPENTER PARK1,boulder-carpenter-park,2023-05-16 13:46:00+00:00,14.474,5.55
boulder-60505,BOULDER / CARPENTER PARK2,boulder-carpenter-park,2023-05-16 14:59:00+00:00,12.261,3.15
boulder-60511,BOULDER / CARPENTER PARK1,boulder-carpenter-park,2023-05-16 15:58:00+00:00,10.184,3.4833333333333334
boulder-131446,BOULDER / CARPENTER PARK2,boulder-carpenter-park,2023-05-16 18:05:00+00:00,0.0,0.03333333333333333
boulder-60557,BOULDER / CARPENTER PARK2,boulder-carpenter-park,2023-05-16 18:05:00+00:00,0.0,0.03333333333333333
boulder-60609,BOULDER / CARPENTER PARK2,boulder-carpenter-park,2023-05-16 18:08:00+00:00,7.678,2.0833333333333335
boulder-131454,BOULDER / CARPENTER PARK2,boulder-carpenter-park,2023-05-16 19:23:00+00:00,0.0,0.016666666666666666
boulder-60639,BOULDER / CARPENTER PARK2,boulder-carpenter-park,2023-05-16 19:23:00+00:00,0.0,0.016666666666666666
boulder-131456,BOULDER / CARPENTER PARK1,boulder-carpenter-park,2023-05-16 19:26:00+00:00,0.0,0.0
boulder-60649,BOULDER / CARPENTER PARK1,boulder-carpenter-park,2023-05-16 19:26:00+00:00,0.0,0.0
boulder-60681,BOULDER / CARPENTER PARK1,boulder-carpenter-park,2023-05-16 19:27:00+00:00,12.718,6.366666666666666
boulder-131458,BOULDER / CARPENTER PARK2,boulder-carpenter-park,2023-05-16 19:35:00+00:00,0.0,0.016666666666666666
boulder-60685,BOULDER / CARPENTER PARK2,boulder-carpenter-park,2023-05-16 19:35:00+00:00,0.0,0.016666666666666666
boulder-131460,BOULDER / CARPENTER PARK2,boulder-carpenter-park,2023-05-16 20:10:00+00:00,0.0,0.016666666666666666
boulder-60693,BOULDER / CARPENTER PARK2,boulder-carpenter-park,2023-05-16 20:10:00+00:00,0.0,0.016666666666666666
boulder-131462,BOULDER / CARPENTER PARK1,boulder-carpenter-park,2023-05-16 20:12:00+00:00,0.0,0.016666666666666666
boulder-60701,BOULDER / CARPENTER PARK1,boulder-carpenter-park,2023-05-16 20:12:00+00:00,0.0,0.016666666666666666
boulder-60704,BOULDER / CARPENTER PARK2,boulder-carpenter-park,2023-05-16 20:15:00+00:00,6.482,1.0833333333333333
boulder-60719,BOULDER / CARPENTER PARK1,boulder-carpenter-park,2023-05-16 20:36:00+00:00,13.56,2.283333333333333
boulder-131480,BOULDER / CARPENTER PARK2,boulder-carpenter-park,2023-05-16 22:49:00+00:00,0.0,0.016666666666666666
boulder-60764,BOULDER / CARPENTER PARK2,boulder-carpenter-park,2023-05-16 22:49:00+00:00,0.0,0.016666666666666666
boulder-60768,BOULDER / CARPENTER PARK2,boulder-carpenter-park,2023-05-16 22:50:00+00:00,1.656,0.2833333333333333
boulder-60481,BOULDER / CARPENTER PARK2,boulder-carpenter-park,2023-05-17 00:18:00+00:00,15.022,3.183333333333333
boulder-131497,BOULDER / CARPENTER PARK1,boulder-carpenter-park,2023-05-17 02:02:00+00:00,0.0,0.016666666666666666
boulder-60484,BOULDER / CARPENTER PARK1,boulder-carpenter-park,2023-05-17 02:02:00+00:00,0.0,0.016666666666666666
boulder-60606,BOULDER / CARPENTER PARK1,boulder-carpenter-park,2023-05-17 13:42:00+00:00,13.931,5.766666666666667
boulder-60535,BOULDER / CARPENTER PARK2,boulder-carpenter-park,2023-05-17 14:36:00+00:00,7.742,3.6666666666666665
boulder-60652,BOULDER / CARPENTER PARK1,boulder-carpenter-park,2023-05-17 15:32:00+00:00,13.784,4.75
boulder-131537,BOULDER / CARPENTER PARK2,boulder-carpenter-park,2023-05-17 17:54:00+00:00,0.0,0.016666666666666666
boulder-60518,BOULDER / CARPENTER PARK2,boulder-carpenter-park,2023-05-17 17:54:00+00:00,0.0,0.016666666666666666
boulder-60547,BOULDER / CARPENTER PARK2,boulder-carpenter-park,2023-05-17 19:21:00+00:00,4.302,0.7333333333333333
boulder-60568,BOULDER / CARPENTER PARK1,boulder-carpenter-park,2023-05-17 19:53:00+00:00,9.174,2.8333333333333335
boulder-60574,BOULDER / CARPENTER PARK2,boulder-carpenter-park,2023-05-17 21:01:00+00:00,9.472,1.6666666666666667
boulder-60577,BOULDER / CARPENTER PARK1,boulder-carpenter-park,2023-05-17 21:23:00+00:00,6.386,1.1333333333333333
boulder-131563,BOULDER / CARPENTER PARK2,boulder-carpenter-park,2023-05-17 21:33:00+00:00,0.0,0.016666666666666666
boulder-60578,BOULDER / CARPENTER PARK2,boulder-carpenter-park,2023-05-17 21:33:00+00:00,0.0,0.016666666666666666
boulder-60583,BOULDER / CARPENTER PARK1,boulder-carpenter-park,2023-05-17 22:49:00+00:00,2.522,0.7
boulder-60586,BOULDER / CARPENTER PARK2,boulder-carpenter-park,2023-05-17 23:01:00+00:00,1.971,0.35
boulder-131572,BOULDER / CARPENTER PARK1,boulder-carpenter-park,2023-05-17 23:03:00+00:00,0.0,1.1666666666666667
boulder-60587,BOULDER / CARPENTER PARK1,boulder-carpenter-park,2023-05-17 23:03:00+00:00,0.0,1.1666666666666667
boulder-60441,BOULDER / CARPENTER PARK1,boulder-carpenter-park,2023-05-18 14:17:00+00:00,18.578,4.216666666666667
boulder-131596,BOULDER / CARPENTER PARK2,boulder-carpenter-park,2023-05-18 14:26:00+00:00,0.0,0.03333333333333333
boulder-60445,BOULDER / CARPENTER PARK2,boulder-carpenter-park,2023-05-18 14:26:00+00:00,0.0,0.03333333333333333
boulder-60448,BOULDER / CARPENTER PARK2,boulder-carpenter-park,2023-05-18 14:50:00+00:00,10.941,3.3666666666666667
boulder-60454,BOULDER / CARPENTER PARK1,boulder-carpenter-park,2023-05-18 15:33:00+00:00,10.379,2.8666666666666667
boulder-60741,BOULDER / CARPENTER PARK2,boulder-carpenter-park,2023-05-18 18:36:00+00:00,13.209,3.0166666666666666
boulder-60774,BOULDER / CARPENTER PARK1,boulder-carpenter-park,2023-05-18 19:53:00+00:00,10.978,3.033333333333333
boulder-60403,BOULDER / CARPENTER PARK2,boulder-carpenter-park,2023-05-18 22:40:00+00:00,13.755,2.45
boulder-60411,BOULDER / CARPENTER PARK1,boulder-carpenter-park,2023-05-18 22:55:00+00:00,7.028,2.15
boulder-60426,BOULDER / CARPENTER PARK2,boulder-carpenter-park,2023-05-19 04:14:00+00:00,59.479,16.75
boulder-131661,BOULDER / CARPENTER PARK1,boulder-carpenter-park,2023-05-19 13:31:00+00:00,0.0,0.0
boulder-61189,BOULDER / CARPENTER PARK1,boulder-carpenter-park,2023-05-19 13:31:00+00:00,0.0,0.0
boulder-131662,BOULDER / CARPENTER PARK1,boulder-carpenter-park,2023-05-19 13:32:00+00:00,0.0,0.0
boulder-61193,BOULDER / CARPENTER PARK1,boulder-carpenter-park,2023-05-19 13:32:00+00:00,0.0,0.0
boulder-61197,BOULDER / CARPENTER PARK1,boulder-carpenter-park,2023-05-19 13:33:00+00:00,40.193,6.8
boulder-131666,BOULDER / CARPENTER PARK1,boulder-carpenter-park,2023-05-19 14:05:00+00:00,0.0,0.03333333333333333
boulder-60864,BOULDER / CARPENTER PARK1,boulder-carpenter-park,2023-05-19 14:05:00+00:00,0.0,0.03333333333333333
boulder-60867,BOULDER / CARPENTER PARK1,boulder-carpenter-park,2023-05-19 14:33:00+00:00,26.313,4.6
boulder-61059,BOULDER / CARPENTER PARK2,boulder-carpenter-park,2023-05-19 22:51:00+00:00,8.149,1.3833333333333333
boulder-131714,BOULDER / CARPENTER PARK2,boulder-carpenter-park,2023-05-19 23:58:00+00:00,0.0,0.016666666666666666
boulder-61128,BOULDER / CARPENTER PARK2,boulder-carpenter-park,2023-05-19 23:58:00+00:00,0.0,0.016666666666666666
boulder-61018,BOULDER / CARPENTER PARK1,boulder-carpenter-park,2023-05-20 15:10:00+00:00,5.115,0.8833333333333333
boulder-61029,BOULDER / CARPENTER PARK1,boulder-carpenter-park,2023-05-20 15:33:00+00:00,12.665,2.183333333333333
boulder-61109,BOULDER / CARPENTER PARK2,boulder-carpenter-park,2023-05-20 17:09:00+00:00,10.511,1.8
boulder-61198,BOULDER / CARPENTER PARK2,boulder-carpenter-park,2023-05-20 19:47:00+00:00,3.607,1.1166666666666667
boulder-61047,BOULDER / CARPENTER PARK2,boulder-carpenter-park,2023-05-21 14:36:00+00:00,17.995,3.95
boulder-130699,BOULDER / CARPENTER PARK1,boulder-carpenter-park,2023-05-21 14:41:00+00:00,0.0,0.03333333333333333
boulder-61052,BOULDER / CARPENTER PARK1,boulder-carpenter-park,2023-05-21 14:41:00+00:00,0.0,0.03333333333333333
boulder-61058,BOULDER / CARPENTER PARK1,boulder-carpenter-park,2023-05-21 14:43:00+00:00,24.132,4.116666666666666
boulder-130736,BOULDER / CARPENTER PARK2,boulder-carpenter-park,2023-05-21 16:20:00+00:00,0.0,0.0
boulder-61046,BOULDER / CARPENTER PARK2,boulder-carpenter-park,2023-05-21 16:20:00+00:00,0.0,0.0
boulder-61051,BOULDER / CARPENTER PARK1,boulder-carpenter-park,2023-05-21 16:21:00+00:00,5.392,3.0
boulder-61190,BOULDER / CARPENTER PARK2,boulder-carpenter-park,2023-05-21 21:38:00+00:00,3.335,0.5666666666666667
boulder-60871,BOULDER / CARPENTER PARK2,boulder-carpenter-park,2023-05-21 22:18:00+00:00,3.33,0.5666666666666667
boulder-131266,BOULDER / CARPENTER PARK2,boulder-carpenter-park,2023-05-21 22:59:00+00:00,0.0,0.0
boulder-60946,BOULDER / CARPENTER PARK2,boulder-carpenter-park,2023-05-21 22:59:00+00:00,14.576,3.2333333333333334
boulder-60951,BOULDER / CARPENTER PARK2,boulder-carpenter-park,2023-05-21 22:59:00+00:00,0.0,0.0
boulder-61142,BOULDER / CARPENTER PARK2,boulder-carpenter-park,2023-05-22 15:52:00+00:00,13.314,2.566666666666667
boulder-61171,BOULDER / CARPENTER PARK1,boulder-carpenter-park,2023-05-22 18:13:00+00:00,13.716,4.233333333333333
boulder-131847,BOULDER / CARPENTER PARK2,boulder-carpenter-park,2023-05-22 21:13:00+00:00,0.0,0.016666666666666666
boulder-60865,BOULDER / CARPENTER PARK2,boulder-carpenter-park,2023-05-22 21:13:00+00:00,0.0,0.016666666666666666
boulder-60875,BOULDER / CARPENTER PARK2,boulder-carpenter-park,2023-05-22 21:13:00+00:00,2.838,0.7833333333333333
boulder-60952,BOULDER / CARPENTER PARK2,boulder-carpenter-park,2023-05-22 22:34:00+00:00,3.279,0.8666666666666667
boulder-131868,BOULDER / CARPENTER PARK1,boulder-carpenter-park,2023-05-22 23:20:00+00:00,0.0,0.03333333333333333
boulder-60964,BOULDER / CARPENTER PARK1,boulder-carpenter-park,2023-05-22 23:20:00+00:00,0.0,0.03333333333333333
boulder-60825,BOULDER / CARPENTER PARK1,boulder-carpenter-park,2023-05-23 12:45:00+00:00,9.847,1.6833333333333333
boulder-60827,BOULDER / CARPENTER PARK1,boulder-carpenter-park,2023-05-23 12:58:00+00:00,7.533,1.3333333333333333
boulder-60833,BOULDER / CARPENTER PARK2,boulder-carpenter-park,2023-05-23 14:23:00+00:00,22.023,3.716666666666667
boulder-131950,BOULDER / CARPENTER PARK1,boulder-carpenter-park,2023-05-23 16:30:00+00:00,0.0,0.0
boulder-61169,BOULDER / CARPENTER PARK1,boulder-carpenter-park,2023-05-23 16:30:00+00:00,0.0,0.0
boulder-61175,BOULDER / CARPENTER PARK1,boulder-carpenter-park,2023-05-23 16:30:00+00:00,16.195,6.283333333333333
boulder-131962,BOULDER / CARPENTER PARK2,boulder-carpenter-park,2023-05-23 18:09:00+00:00,0.0,0.016666666666666666
boulder-60882,BOULDER / CARPENTER PARK2,boulder-carpenter-park,2023-05-23 18:09:00+00:00,0.0,0.016666666666666666
boulder-60884,BOULDER / CARPENTER PARK2,boulder-carpenter-park,2023-05-23 18:10:00+00:00,10.474,3.216666666666667
boulder-131971,BOULDER / CARPENTER PARK1,boulder-carpenter-park,2023-05-23 18:33:00+00:00,0.0,0.016666666666666666
boulder-60886,BOULDER / CARPENTER PARK1,boulder-carpenter-park,2023-05-23 18:33:00+00:00,0.0,0.016666666666666666
boulder-131982,BOULDER / CARPENTER PARK1,boulder-carpenter-park,2023-05-23 19:13:00+00:00,0.0,0.016666666666666666
boulder-60890,BOULDER / CARPENTER PARK1,boulder-carpenter-park,2023-05-23 19:13:00+00:00,0.0,0.016666666666666666
boulder-131984,BOULDER / CARPENTER PARK1,boulder-carpenter-park,2023-05-23 19:34:00+00:00,0.0,0.7166666666666667
boulder-60891,BOULDER / CARPENTER PARK1,boulder-carpenter-park,2023-05-23 19:34:00+00:00,0.0,0.7166666666666667
boulder-131995,BOULDER / CARPENTER PARK1,boulder-carpenter-park,2023-05-23 20:57:00+00:00,0.0,1.9166666666666667
boulder-60895,BOULDER / CARPENTER PARK1,boulder-carpenter-park,2023-05-23 20:57:00+00:00,0.0,1.9166666666666667
boulder-131999,BOULDER / CARPENTER PARK2,boulder-carpenter-park,2023-05-23 21:22:00+00:00,0.0,0.016666666666666666
boulder-60897,BOULDER / CARPENTER PARK2,boulder-carpenter-park,2023-05-23 21:22:00+00:00,0.0,0.016666666666666666
boulder-60898,BOULDER / CARPENTER PARK2,boulder-carpenter-park,2023-05-23 21:23:00+00:00,8.307,1.3833333333333333
boulder-132003,BOULDER / CARPENTER PARK2,boulder-carpenter-park,2023-05-23 21:32:00+00:00,0.0,0.03333333333333333
boulder-60899,BOULDER / CARPENTER PARK2,boulder-carpenter-park,2023-05-23 21:32:00+00:00,0.0,0.03333333333333333
boulder-132008,BOULDER / CARPENTER PARK2,boulder-carpenter-park,2023-05-23 21:48:00+00:00,0.0,0.016666666666666666
boulder-60902,BOULDER / CARPENTER PARK2,boulder-carpenter-park,2023-05-23 21:48:00+00:00,0.0,0.016666666666666666
boulder-60912,BOULDER / CARPENTER PARK2,boulder-carpenter-park,2023-05-23 22:54:00+00:00,7.059,1.1833333333333333
boulder-60920,BOULDER / CARPENTER PARK1,boulder-carpenter-park,2023-05-23 23:40:00+00:00,0.708,0.13333333333333333
boulder-132045,BOULDER / CARPENTER PARK2,boulder-carpenter-park,2023-05-23 23:52:00+00:00,0.0,0.0
boulder-60923,BOULDER / CARPENTER PARK2,boulder-carpenter-park,2023-05-23 23:52:00+00:00,0.0,0.0
boulder-60924,BOULDER / CARPENTER PARK1,boulder-carpenter-park,2023-05-23 23:53:00+00:00,7.944,1.4166666666666667
boulder-132048,BOULDER / CARPENTER PARK1,boulder-carpenter-park,2023-05-23 23:57:00+00:00,0.0,0.016666666666666666
boulder-60925,BOULDER / CARPENTER PARK1,boulder-carpenter-park,2023-05-23 23:57:00+00:00,0.0,0.016666666666666666
boulder-132049,BOULDER / CARPENTER PARK1,boulder-carpenter-park,2023-05-24 00:00:00+00:00,0.0,0.016666666666666666
boulder-60926,BOULDER / CARPENTER PARK1,boulder-carpenter-park,2023-05-24 00:00:00+00:00,0.0,0.016666666666666666
boulder-60927,BOULDER / CARPENTER PARK1,boulder-carpenter-park,2023-05-24 00:02:00+00:00,1.278,1.45
boulder-60810,BOULDER / CARPENTER PARK2,boulder-carpenter-park,2023-05-24 00:48:00+00:00,1.5,0.26666666666666666
boulder-132064,BOULDER / CARPENTER PARK2,boulder-carpenter-park,2023-05-24 00:51:00+00:00,0.0,0.03333333333333333
boulder-60813,BOULDER / CARPENTER PARK2,boulder-carpenter-park,2023-05-24 00:51:00+00:00,0.0,0.03333333333333333
boulder-132068,BOULDER / CARPENTER PARK2,boulder-carpenter-park,2023-05-24 01:17:00+00:00,0.0,0.03333333333333333
boulder-60815,BOULDER / CARPENTER PARK2,boulder-carpenter-park,2023-05-24 01:17:00+00:00,0.0,0.03333333333333333
boulder-60817,BOULDER / CARPENTER PARK2,boulder-carpenter-park,2023-05-24 01:58:00+00:00,1.064,0.18333333333333332
boulder-60820,BOULDER / CARPENTER PARK2,boulder-carpenter-park,2023-05-24 03:14:00+00:00,5.071,1.2833333333333334
boulder-132098,BOULDER / CARPENTER PARK2,boulder-carpenter-park,2023-05-24 14:22:00+00:00,0.0,0.016666666666666666
boulder-61489,BOULDER / CARPENTER PARK2,boulder-carpenter-park,2023-05-24 14:22:00+00:00,0.0,0.016666666666666666
boulder-61490,BOULDER / CARPENTER PARK2,boulder-carpenter-park,2023-05-24 14:23:00+00:00,12.134,3.7
boulder-132118,BOULDER / CARPENTER PARK1,boulder-carpenter-park,2023-05-24 16:19:00+00:00,0.0,0.016666666666666666
boulder-60849,BOULDER / CARPENTER PARK1,boulder-carpenter-park,2023-05-24 16:19:00+00:00,0.0,0.016666666666666666
boulder-132122,BOULDER / CARPENTER PARK1,boulder-carpenter-park,2023-05-24 16:33:00+00:00,0.0,0.016666666666666666
boulder-60851,BOULDER / CARPENTER PARK1,boulder-carpenter-park,2023-05-24 16:33:00+00:00,0.0,0.016666666666666666
boulder-60852,BOULDER / CARPENTER PARK1,boulder-carpenter-park,2023-05-24 16:34:00+00:00,14.943,3.5166666666666666
boulder-132126,BOULDER / CARPENTER PARK1,boulder-carpenter-park,2023-05-24 16:41:00+00:00,0.0,0.03333333333333333
boulder-60853,BOULDER / CARPENTER PARK1,boulder-carpenter-park,2023-05-24 16:41:00+00:00,0.0,0.03333333333333333
boulder-61206,BOULDER / CARPENTER PARK2,boulder-carpenter-park,2023-05-24 18:19:00+00:00,2.966,0.5166666666666667
boulder-61304,BOULDER / CARPENTER PARK2,boulder-carpenter-park,2023-05-24 19:09:00+00:00,14.697,5.0
boulder-61310,BOULDER / CARPENTER PARK1,boulder-carpenter-park,2023-05-24 19:13:00+00:00,22.598,3.816666666666667
boulder-132188,BOULDER / CARPENTER PARK2,boulder-carpenter-park,2023-05-24 22:32:00+00:00,0.0,0.0
boulder-61408,BOULDER / CARPENTER PARK2,boulder-carpenter-park,2023-05-24 22:32:00+00:00,0.0,0.0
boulder-61414,BOULDER / CARPENTER PARK1,boulder-carpenter-park,2023-05-24 22:33:00+00:00,1.783,0.31666666666666665
boulder-61460,BOULDER / CARPENTER PARK1,boulder-carpenter-park,2023-05-25 00:14:00+00:00,0.979,0.16666666666666666
boulder-132255,BOULDER / CARPENTER PARK2,boulder-carpenter-park,2023-05-25 14:39:00+00:00,0.0,0.016666666666666666
boulder-61343,BOULDER / CARPENTER PARK2,boulder-carpenter-park,2023-05-25 14:39:00+00:00,0.0,0.016666666666666666
boulder-61344,BOULDER / CARPENTER PARK2,boulder-carpenter-park,2023-05-25 14:40:00+00:00,10.488,4.133333333333334
boulder-61350,BOULDER / CARPENTER PARK1,boulder-carpenter-park,2023-05-25 15:41:00+00:00,21.066,3.55
boulder-132286,BOULDER / CARPENTER PARK2,boulder-carpenter-park,2023-05-25 17:34:00+00:00,0.0,0.9166666666666666
boulder-61394,BOULDER / CARPENTER PARK2,boulder-carpenter-park,2023-05-25 17:34:00+00:00,0.0,0.9166666666666666
boulder-132292,BOULDER / CARPENTER PARK1,boulder-carpenter-park,2023-05-25 18:11:00+00:00,0.0,0.05
boulder-61418,BOULDER / CARPENTER PARK1,boulder-carpenter-park,2023-05-25 18:11:00+00:00,0.0,0.05
boulder-132296,BOULDER / CARPENTER PARK1,boulder-carpenter-park,2023-05-25 18:51:00+00:00,0.0,0.3
boulder-61434,BOULDER / CARPENTER PARK1,boulder-carpenter-park,2023-05-25 18:51:00+00:00,0.0,0.3
boulder-61440,BOULDER / CARPENTER PARK2,boulder-carpenter-park,2023-05-25 18:57:00+00:00,20.517,3.566666666666667
boulder-132384,BOULDER / CARPENTER PARK1,boulder-carpenter-park,2023-05-25 19:50:00+00:00,0.0,0.0
boulder-61456,BOULDER / CARPENTER PARK1,boulder-carpenter-park,2023-05-25 19:50:00+00:00,0.0,0.0
boulder-132394,BOULDER / CARPENTER PARK1,boulder-carpenter-park,2023-05-25 20:32:00+00:00,0.0,0.03333333333333333
boulder-61499,BOULDER / CARPENTER PARK1,boulder-carpenter-park,2023-05-25 20:32:00+00:00,0.0,0.03333333333333333
boulder-61523,BOULDER / CARPENTER PARK1,boulder-carpenter-park,2023-05-25 22:15:00+00:00,4.347,1.3833333333333333
boulder-61268,BOULDER / CARPENTER PARK2,boulder-carpenter-park,2023-05-26 00:12:00+00:00,6.409,1.0833333333333333
boulder-132445,BOULDER / CARPENTER PARK2,boulder-carpenter-park,2023-05-26 00:47:00+00:00,0.0,0.0
boulder-61294,BOULDER / CARPENTER PARK2,boulder-carpenter-park,2023-05-26 00:47:00+00:00,0.0,0.0
boulder-61264,BOULDER / CARPENTER PARK2,boulder-carpenter-park,2023-05-26 14:57:00+00:00,16.062,3.4166666666666665
boulder-132515,BOULDER / CARPENTER PARK1,boulder-carpenter-park,2023-05-26 16:08:00+00:00,0.0,0.0
boulder-61354,BOULDER / CARPENTER PARK1,boulder-carpenter-park,2023-05-26 16:08:00+00:00,0.0,0.0
boulder-61363,BOULDER / CARPENTER PARK1,boulder-carpenter-park,2023-05-26 18:07:00+00:00,5.441,1.7333333333333334
boulder-61365,BOULDER / CARPENTER PARK2,boulder-carpenter-park,2023-05-26 18:39:00+00:00,11.029,7.6
boulder-61266,BOULDER / CARPENTER PARK1,boulder-carpenter-park,2023-05-26 20:05:00+00:00,0.685,0.11666666666666667
boulder-132565,BOULDER / CARPENTER PARK1,boulder-carpenter-park,2023-05-26 21:25:00+00:00,0.0,0.06666666666666667
boulder-61307,BOULDER / CARPENTER PARK1,boulder-carpenter-park,2023-05-26 21:25:00+00:00,0.0,0.06666666666666667
boulder-132567,BOULDER / CARPENTER PARK1,boulder-carpenter-park,2023-05-26 21:26:00+00:00,0.0,0.03333333333333333
boulder-61313,BOULDER / CARPENTER PARK1,boulder-carpenter-park,2023-05-26 21:26:00+00:00,0.0,0.03333333333333333
boulder-61318,BOULDER / CARPENTER PARK1,boulder-carpenter-park,2023-05-26 21:29:00+00:00,7.625,2.7
boulder-132571,BOULDER / CARPENTER PARK1,boulder-carpenter-park,2023-05-26 21:32:00+00:00,0.0,0.016666666666666666
boulder-61325,BOULDER / CARPENTER PARK1,boulder-carpenter-park,2023-05-26 21:32:00+00:00,0.0,0.016666666666666666
boulder-132596,BOULDER / CARPENTER PARK1,boulder-carpenter-park,2023-05-26 23:45:00+00:00,0.0,0.4
boulder-61436,BOULDER / CARPENTER PARK1,boulder-carpenter-park,2023-05-26 23:45:00+00:00,0.0,0.4
boulder-61442,BOULDER / CARPENTER PARK1,boulder-carpenter-park,2023-05-27 00:11:00+00:00,1.274,0.4166666666666667
boulder-61530,BOULDER / CARPENTER PARK2,boulder-carpenter-park,2023-05-27 15:34:00+00:00,6.961,1.45
boulder-61411,BOULDER / CARPENTER PARK2,boulder-carpenter-park,2023-05-27 17:15:00+00:00,5.033,2.9
boulder-132663,BOULDER / CARPENTER PARK1,boulder-carpenter-park,2023-05-27 18:57:00+00:00,0.0,1.8333333333333333
boulder-132664,BOULDER / CARPENTER PARK2,boulder-carpenter-park,2023-05-27 18:57:00+00:00,0.0,0.03333333333333333
boulder-61444,BOULDER / CARPENTER PARK1,boulder-carpenter-park,2023-05-27 18:57:00+00:00,0.0,1.8333333333333333
boulder-61449,BOULDER / CARPENTER PARK2,boulder-carpenter-park,2023-05-27 18:57:00+00:00,0.0,0.03333333333333333
boulder-132666,BOULDER / CARPENTER PARK1,boulder-carpenter-park,2023-05-27 19:00:00+00:00,0.0,0.5666666666666667
boulder-61464,BOULDER / CARPENTER PARK1,boulder-carpenter-park,2023-05-27 19:00:00+00:00,0.0,0.5666666666666667
boulder-132689,BOULDER / CARPENTER PARK2,boulder-carpenter-park,2023-05-27 23:16:00+00:00,0.0,0.016666666666666666
boulder-61600,BOULDER / CARPENTER PARK2,boulder-carpenter-park,2023-05-27 23:16:00+00:00,0.0,0.016666666666666666
boulder-61257,BOULDER / CARPENTER PARK2,boulder-carpenter-park,2023-05-27 23:17:00+00:00,0.73,0.11666666666666667
boulder-61276,BOULDER / CARPENTER PARK2,boulder-carpenter-park,2023-05-27 23:49:00+00:00,0.85,0.2
boulder-130707,BOULDER / CARPENTER PARK1,boulder-carpenter-park,2023-05-28 01:09:00+00:00,0.0,0.03333333333333333
boulder-61317,BOULDER / CARPENTER PARK1,boulder-carpenter-park,2023-05-28 01:09:00+00:00,0.0,0.03333333333333333
boulder-61324,BOULDER / CARPENTER PARK2,boulder-carpenter-park,2023-05-28 01:10:00+00:00,4.858,0.8166666666666667
boulder-131775,BOULDER / CARPENTER PARK1,boulder-carpenter-park,2023-05-28 14:20:00+00:00,0.0,0.03333333333333333
boulder-61581,BOULDER / CARPENTER PARK1,boulder-carpenter-park,2023-05-28 14:20:00+00:00,0.0,0.03333333333333333
boulder-131776,BOULDER / CARPENTER PARK2,boulder-carpenter-park,2023-05-28 14:21:00+00:00,0.0,0.16666666666666666
boulder-61585,BOULDER / CARPENTER PARK2,boulder-carpenter-park,2023-05-28 14:21:00+00:00,0.0,0.16666666666666666
boulder-131781,BOULDER / CARPENTER PARK1,boulder-carpenter-park,2023-05-28 14:31:00+00:00,0.0,0.016666666666666666
boulder-61594,BOULDER / CARPENTER PARK1,boulder-carpenter-park,2023-05-28 14:31:00+00:00,0.0,0.016666666666666666
boulder-131783,BOULDER / CARPENTER PARK1,boulder-carpenter-park,2023-05-28 14:38:00+00:00,0.0,3.5833333333333335
boulder-61201,BOULDER / CARPENTER PARK1,boulder-carpenter-park,2023-05-28 14:38:00+00:00,0.0,3.5833333333333335
boulder-61202,BOULDER / CARPENTER PARK2,boulder-carpenter-park,2023-05-28 14:38:00+00:00,23.48,4.0
boulder-131798,BOULDER / CARPENTER PARK1,boulder-carpenter-park,2023-05-28 15:38:00+00:00,0.0,0.03333333333333333
boulder-61213,BOULDER / CARPENTER PARK1,boulder-carpenter-park,2023-05-28 15:38:00+00:00,0.0,0.03333333333333333
boulder-131803,BOULDER / CARPENTER PARK2,boulder-carpenter-park,2023-05-28 15:50:00+00:00,0.0,0.016666666666666666
boulder-61216,BOULDER / CARPENTER PARK2,boulder-carpenter-park,2023-05-28 15:50:00+00:00,0.0,0.016666666666666666
boulder-131805,BOULDER / CARPENTER PARK1,boulder-carpenter-park,2023-05-28 15:51:00+00:00,0.0,0.03333333333333333
boulder-61217,BOULDER / CARPENTER PARK1,boulder-carpenter-park,2023-05-28 15:51:00+00:00,0.0,0.03333333333333333
boulder-131806,BOULDER / CARPENTER PARK2,boulder-carpenter-park,2023-05-28 15:53:00+00:00,0.0,0.016666666666666666
boulder-131807,BOULDER / CARPENTER PARK1,boulder-carpenter-park,2023-05-28 15:53:00+00:00,0.0,0.03333333333333333
boulder-61218,BOULDER / CARPENTER PARK2,boulder-carpenter-park,2023-05-28 15:53:00+00:00,0.0,0.016666666666666666
boulder-61219,BOULDER / CARPENTER PARK1,boulder-carpenter-park,2023-05-28 15:53:00+00:00,0.0,0.03333333333333333
boulder-61554,BOULDER / CARPENTER PARK1,boulder-carpenter-park,2023-05-28 16:28:00+00:00,11.672,2.9166666666666665
boulder-131822,BOULDER / CARPENTER PARK2,boulder-carpenter-park,2023-05-28 16:44:00+00:00,0.0,0.016666666666666666
boulder-61578,BOULDER / CARPENTER PARK2,boulder-carpenter-park,2023-05-28 16:44:00+00:00,0.0,0.016666666666666666
boulder-131846,BOULDER / CARPENTER PARK2,boulder-carpenter-park,2023-05-28 18:11:00+00:00,0.0,0.2
boulder-61265,BOULDER / CARPENTER PARK2,boulder-carpenter-park,2023-05-28 18:11:00+00:00,0.0,0.2
boulder-131854,BOULDER / CARPENTER PARK2,boulder-carpenter-park,2023-05-28 18:36:00+00:00,0.0,0.016666666666666666
boulder-61295,BOULDER / CARPENTER PARK2,boulder-carpenter-park,2023-05-28 18:36:00+00:00,0.0,0.016666666666666666
boulder-131856,BOULDER / CARPENTER PARK1,boulder-carpenter-park,2023-05-28 18:37:00+00:00,0.0,0.0
boulder-61302,BOULDER / CARPENTER PARK1,boulder-carpenter-park,2023-05-28 18:37:00+00:00,0.0,0.0
boulder-131858,BOULDER / CARPENTER PARK1,boulder-carpenter-park,2023-05-28 18:38:00+00:00,0.0,1.6166666666666667
boulder-61309,BOULDER / CARPENTER PARK1,boulder-carpenter-park,2023-05-28 18:38:00+00:00,0.0,1.6166666666666667
boulder-61315,BOULDER / CARPENTER PARK2,boulder-carpenter-park,2023-05-28 18:39:00+00:00,16.928,2.95
boulder-131877,BOULDER / CARPENTER PARK2,boulder-carpenter-park,2023-05-28 22:08:00+00:00,0.0,0.0
boulder-61427,BOULDER / CARPENTER PARK2,boulder-carpenter-park,2023-05-28 22:08:00+00:00,0.0,0.0
boulder-61435,BOULDER / CARPENTER PARK2,boulder-carpenter-park,2023-05-28 22:09:00+00:00,10.721,1.9
boulder-131917,BOULDER / CARPENTER PARK1,boulder-carpenter-park,2023-05-29 12:28:00+00:00,0.0,3.6333333333333333
boulder-61810,BOULDER / CARPENTER PARK1,boulder-carpenter-park,2023-05-29 12:28:00+00:00,0.0,3.6333333333333333
boulder-131919,BOULDER / CARPENTER PARK2,boulder-carpenter-park,2023-05-29 12:34:00+00:00,0.0,0.03333333333333333
boulder-61815,BOULDER / CARPENTER PARK2,boulder-carpenter-park,2023-05-29 12:34:00+00:00,0.0,0.03333333333333333
boulder-61821,BOULDER / CARPENTER PARK2,boulder-carpenter-park,2023-05-29 12:39:00+00:00,11.296,1.9
boulder-131923,BOULDER / CARPENTER PARK1,boulder-carpenter-park,2023-05-29 13:45:00+00:00,0.0,5.016666666666667
boulder-61862,BOULDER / CARPENTER PARK1,boulder-carpenter-park,2023-05-29 13:45:00+00:00,0.0,5.016666666666667
boulder-61875,BOULDER / CARPENTER PARK2,boulder-carpenter-park,2023-05-29 15:07:00+00:00,14.33,3.3333333333333335
boulder-61235,BOULDER / CARPENTER PARK1,boulder-carpenter-park,2023-05-29 19:14:00+00:00,6.336,3.433333333333333
boulder-61238,BOULDER / CARPENTER PARK1,boulder-carpenter-park,2023-05-29 19:26:00+00:00,7.739,1.3666666666666667
boulder-131975,BOULDER / CARPENTER PARK2,boulder-carpenter-park,2023-05-29 19:28:00+00:00,0.0,0.016666666666666666
boulder-61239,BOULDER / CARPENTER PARK2,boulder-carpenter-park,2023-05-29 19:28:00+00:00,0.0,0.016666666666666666
boulder-61240,BOULDER / CARPENTER PARK2,boulder-carpenter-park,2023-05-29 19:29:00+00:00,9.961,1.6833333333333333
boulder-131988,BOULDER / CARPENTER PARK2,boulder-carpenter-park,2023-05-29 21:00:00+00:00,0.0,0.016666666666666666
boulder-61247,BOULDER / CARPENTER PARK2,boulder-carpenter-park,2023-05-29 21:00:00+00:00,0.0,0.016666666666666666
boulder-131989,BOULDER / CARPENTER PARK1,boulder-carpenter-park,2023-05-29 21:03:00+00:00,0.0,0.016666666666666666
boulder-131990,BOULDER / CARPENTER PARK2,boulder-carpenter-park,2023-05-29 21:03:00+00:00,0.0,0.05
boulder-61248,BOULDER / CARPENTER PARK1,boulder-carpenter-park,2023-05-29 21:03:00+00:00,0.0,0.016666666666666666
boulder-61249,BOULDER / CARPENTER PARK2,boulder-carpenter-park,2023-05-29 21:03:00+00:00,0.0,0.05
boulder-61250,BOULDER / CARPENTER PARK1,boulder-carpenter-park,2023-05-29 21:06:00+00:00,7.071,1.25
boulder-61252,BOULDER / CARPENTER PARK2,boulder-carpenter-park,2023-05-29 21:37:00+00:00,12.408,2.6166666666666667
boulder-61766,BOULDER / CARPENTER PARK2,boulder-carpenter-park,2023-05-30 02:55:00+00:00,16.865,2.9833333333333334
boulder-132035,BOULDER / CARPENTER PARK1,boulder-carpenter-park,2023-05-30 13:01:00+00:00,0.0,0.03333333333333333
boulder-61890,BOULDER / CARPENTER PARK1,boulder-carpenter-park,2023-05-30 13:01:00+00:00,0.0,0.03333333333333333
boulder-61895,BOULDER / CARPENTER PARK2,boulder-carpenter-park,2023-05-30 13:01:00+00:00,4.317,1.0666666666666667
boulder-61933,BOULDER / CARPENTER PARK2,boulder-carpenter-park,2023-05-30 14:23:00+00:00,29.488,10.55
boulder-61971,BOULDER / CARPENTER PARK1,boulder-carpenter-park,2023-05-30 15:26:00+00:00,0.021,0.016666666666666666
boulder-61601,BOULDER / CARPENTER PARK1,boulder-carpenter-park,2023-05-30 15:55:00+00:00,15.581,6.633333333333334
boulder-132086,BOULDER / CARPENTER PARK1,boulder-carpenter-park,2023-05-30 16:49:00+00:00,0.0,0.03333333333333333
boulder-61802,BOULDER / CARPENTER PARK1,boulder-carpenter-park,2023-05-30 16:49:00+00:00,0.0,0.03333333333333333
boulder-132088,BOULDER / CARPENTER PARK1,boulder-carpenter-park,2023-05-30 16:53:00+00:00,0.0,0.03333333333333333
boulder-61816,BOULDER / CARPENTER PARK1,boulder-carpenter-park,2023-05-30 16:53:00+00:00,0.0,0.03333333333333333
boulder-132089,BOULDER / CARPENTER PARK1,boulder-carpenter-park,2023-05-30 16:58:00+00:00,0.0,0.03333333333333333
boulder-132090,BOULDER / CARPENTER PARK2,boulder-carpenter-park,2023-05-30 16:58:00+00:00,0.0,1.6
boulder-61822,BOULDER / CARPENTER PARK1,boulder-carpenter-park,2023-05-30 16:58:00+00:00,0.0,0.03333333333333333
boulder-61828,BOULDER / CARPENTER PARK2,boulder-carpenter-park,2023-05-30 16:58:00+00:00,0.0,1.6
boulder-132094,BOULDER / CARPENTER PARK1,boulder-carpenter-park,2023-05-30 17:38:00+00:00,0.0,1.7833333333333334
boulder-61863,BOULDER / CARPENTER PARK1,boulder-carpenter-park,2023-05-30 17:38:00+00:00,0.0,1.7833333333333334
boulder-132109,BOULDER / CARPENTER PARK2,boulder-carpenter-park,2023-05-30 18:38:00+00:00,0.0,0.03333333333333333
boulder-61886,BOULDER / CARPENTER PARK2,boulder-carpenter-park,2023-05-30 18:38:00+00:00,0.0,0.03333333333333333
boulder-132149,BOULDER / CARPENTER PARK2,boulder-carpenter-park,2023-05-30 22:35:00+00:00,0.0,0.03333333333333333
boulder-61672,BOULDER / CARPENTER PARK2,boulder-carpenter-park,2023-05-30 22:35:00+00:00,0.0,0.03333333333333333
boulder-132151,BOULDER / CARPENTER PARK1,boulder-carpenter-park,2023-05-30 22:39:00+00:00,0.0,0.016666666666666666
boulder-61679,BOULDER / CARPENTER PARK1,boulder-carpenter-park,2023-05-30 22:39:00+00:00,0.0,0.016666666666666666
boulder-61799,BOULDER / CARPENTER PARK2,boulder-carpenter-park,2023-05-31 00:56:00+00:00,0.099,0.03333333333333333
boulder-61711,BOULDER / CARPENTER PARK2,boulder-carpenter-park,2023-05-31 11:53:00+00:00,5.433,0.9166666666666666
boulder-61788,BOULDER / CARPENTER PARK2,boulder-carpenter-park,2023-05-31 13:35:00+00:00,3.865,1.6
boulder-61835,BOULDER / CARPENTER PARK1,boulder-carpenter-park,2023-05-31 14:49:00+00:00,17.687,4.016666666666667
boulder-61838,BOULDER / CARPENTER PARK2,boulder-carpenter-park,2023-05-31 15:11:00+00:00,25.434,4.466666666666667
boulder-61603,BOULDER / CARPENTER PARK1,boulder-carpenter-park,2023-05-31 16:27:00+00:00,2.344,0.4166666666666667
boulder-132254,BOULDER / CARPENTER PARK1,boulder-carpenter-park,2023-05-31 17:06:00+00:00,0.0,0.03333333333333333
boulder-61607,BOULDER / CARPENTER PARK1,boulder-carpenter-park,2023-05-31 17:06:00+00:00,0.0,0.03333333333333333
boulder-132258,BOULDER / CARPENTER PARK1,boulder-carpenter-park,2023-05-31 17:10:00+00:00,0.0,0.03333333333333333
boulder-61608,BOULDER / CARPENTER PARK1,boulder-carpenter-park,2023-05-31 17:10:00+00:00,0.0,0.03333333333333333
boulder-61611,BOULDER / CARPENTER PARK1,boulder-carpenter-park,2023-05-31 18:01:00+00:00,2.134,1.45
boulder-132279,BOULDER / CARPENTER PARK1,boulder-carpenter-park,2023-05-31 19:10:00+00:00,0.0,0.03333333333333333
boulder-61621,BOULDER / CARPENTER PARK1,boulder-carpenter-park,2023-05-31 19:10:00+00:00,0.0,0.03333333333333333
boulder-61623,BOULDER / CARPENTER PARK1,boulder-carpenter-park,2023-05-31 19:12:00+00:00,10.7,1.85
boulder-61636,BOULDER / CARPENTER PARK1,boulder-carpenter-park,2023-05-31 22:45:00+00:00,1.538,0.5
boulder-61638,BOULDER / CARPENTER PARK1,boulder-carpenter-park,2023-05-31 23:16:00+00:00,4.996,0.9333333333333333
boulder-132314,BOULDER / CARPENTER PARK2,boulder-carpenter-park,2023-06-01 00:20:00+00:00,0.0,0.0
boulder-61645,BOULDER / CARPENTER PARK2,boulder-carpenter-park,2023-06-01 00:20:00+00:00,4.88,0.8166666666666667
boulder-61646,BOULDER / CARPENTER PARK2,boulder-carpenter-park,2023-06-01 00:20:00+00:00,0.0,0.0
boulder-61649,BOULDER / CARPENTER PARK1,boulder-carpenter-park,2023-06-01 00:47:00+00:00,10.013,2.55
boulder-132322,BOULDER / CARPENTER PARK1,boulder-carpenter-park,2023-06-01 01:40:00+00:00,0.0,0.0
boulder-61654,BOULDER / CARPENTER PARK1,boulder-carpenter-park,2023-06-01 01:40:00+00:00,0.0,0.0
boulder-61655,BOULDER / CARPENTER PARK2,boulder-carpenter-park,2023-06-01 01:41:00+00:00,4.319,0.7166666666666667
boulder-132327,BOULDER / CARPENTER PARK1,boulder-carpenter-park,2023-06-01 01:55:00+00:00,0.0,1.2833333333333334
boulder-61682,BOULDER / CARPENTER PARK1,boulder-carpenter-park,2023-06-01 01:55:00+00:00,0.0,1.2833333333333334
boulder-62201,BOULDER / CARPENTER PARK2,boulder-carpenter-park,2023-06-01 13:33:00+00:00,10.345,1.7333333333333334
boulder-62227,BOULDER / CARPENTER PARK1,boulder-carpenter-park,2023-06-01 17:28:00+00:00,6.292,1.1166666666666667
boulder-132350,BOULDER / CARPENTER PARK2,boulder-carpenter-park,2023-06-01 17:59:00+00:00,0.0,0.016666666666666666
boulder-62231,BOULDER / CARPENTER PARK2,boulder-carpenter-park,2023-06-01 17:59:00+00:00,0.0,0.016666666666666666
boulder-62237,BOULDER / CARPENTER PARK2,boulder-carpenter-park,2023-06-01 18:00:00+00:00,12.649,2.5
boulder-132358,BOULDER / CARPENTER PARK2,boulder-carpenter-park,2023-06-01 19:50:00+00:00,0.0,0.016666666666666666
boulder-62271,BOULDER / CARPENTER PARK2,boulder-carpenter-park,2023-06-01 19:50:00+00:00,0.0,0.016666666666666666
boulder-132369,BOULDER / CARPENTER PARK2,boulder-carpenter-park,2023-06-01 21:57:00+00:00,0.0,0.016666666666666666
boulder-62311,BOULDER / CARPENTER PARK2,boulder-carpenter-park,2023-06-01 21:57:00+00:00,0.0,0.016666666666666666
boulder-62312,BOULDER / CARPENTER PARK2,boulder-carpenter-park,2023-06-01 21:58:00+00:00,1.567,0.26666666666666666
boulder-62315,BOULDER / CARPENTER PARK2,boulder-carpenter-park,2023-06-01 22:31:00+00:00,3.585,0.6
boulder-132401,BOULDER / CARPENTER PARK2,boulder-carpenter-park,2023-06-02 11:52:00+00:00,0.0,1.25
boulder-62269,BOULDER / CARPENTER PARK2,boulder-carpenter-park,2023-06-02 11:52:49+00:00,0.0,1.2380555555555555
boulder-132416,BOULDER / CARPENTER PARK2,boulder-carpenter-park,2023-06-02 14:38:00+00:00,9.542,3.183333333333333
boulder-62328,BOULDER / CARPENTER PARK2,boulder-carpenter-park,2023-06-02 14:38:21+00:00,9.542,3.1830555555555557
boulder-132448,BOULDER / CARPENTER PARK1,boulder-carpenter-park,2023-06-02 17:57:00+00:00,9.392,1.65
boulder-62475,BOULDER / CARPENTER PARK1,boulder-carpenter-park,2023-06-02 17:57:58+00:00,9.392,1.638611111111111
boulder-132484,BOULDER / CARPENTER PARK2,boulder-carpenter-park,2023-06-02 21:45:00+00:00,1.042,0.18333333333333332
boulder-62493,BOULDER / CARPENTER PARK2,boulder-carpenter-park,2023-06-02 21:45:26+00:00,1.042,0.18861111111111112
boulder-132486,BOULDER / CARPENTER PARK2,boulder-carpenter-park,2023-06-02 22:16:00+00:00,14.205,2.433333333333333
boulder-62494,BOULDER / CARPENTER PARK2,boulder-carpenter-park,2023-06-02 22:16:59+00:00,14.205,2.4186111111111113
boulder-132494,BOULDER / CARPENTER PARK1,boulder-carpenter-park,2023-06-02 23:16:00+00:00,0.0,0.0
boulder-62498,BOULDER / CARPENTER PARK1,boulder-carpenter-park,2023-06-02 23:16:23+00:00,0.0,0.01
boulder-132500,BOULDER / CARPENTER PARK1,boulder-carpenter-park,2023-06-02 23:51:00+00:00,4.29,3.283333333333333
boulder-62502,BOULDER / CARPENTER PARK1,boulder-carpenter-park,2023-06-02 23:51:31+00:00,4.29,3.2802777777777776
boulder-132518,BOULDER / CARPENTER PARK2,boulder-carpenter-park,2023-06-03 01:10:00+00:00,2.322,0.38333333333333336
boulder-62511,BOULDER / CARPENTER PARK2,boulder-carpenter-park,2023-06-03 01:10:00+00:00,2.322,0.3988888888888889
boulder-132520,BOULDER / CARPENTER PARK2,boulder-carpenter-park,2023-06-03 01:16:00+00:00,0.0,0.03333333333333333
boulder-62512,BOULDER / CARPENTER PARK2,boulder-carpenter-park,2023-06-03 01:16:52+00:00,0.0,0.02388888888888889
boulder-132548,BOULDER / CARPENTER PARK1,boulder-carpenter-park,2023-06-03 13:49:00+00:00,4.671,5.65
boulder-62404,BOULDER / CARPENTER PARK1,boulder-carpenter-park,2023-06-03 13:49:34+00:00,4.671,5.644166666666667
boulder-132552,BOULDER / CARPENTER PARK2,boulder-carpenter-park,2023-06-03 13:59:00+00:00,6.377,1.0833333333333333
boulder-62406,BOULDER / CARPENTER PARK2,boulder-carpenter-park,2023-06-03 13:59:21+00:00,6.377,1.0911111111111111
boulder-132558,BOULDER / CARPENTER PARK1,boulder-carpenter-park,2023-06-03 14:16:00+00:00,0.0,0.03333333333333333
boulder-62409,BOULDER / CARPENTER PARK1,boulder-carpenter-park,2023-06-03 14:16:53+00:00,0.0,0.026111111111111113
boulder-132560,BOULDER / CARPENTER PARK2,boulder-carpenter-park,2023-06-03 14:19:00+00:00,0.0,0.016666666666666666
boulder-62410,BOULDER / CARPENTER PARK2,boulder-carpenter-park,2023-06-03 14:19:23+00:00,0.0,0.014166666666666666
boulder-132572,BOULDER / CARPENTER PARK1,boulder-carpenter-park,2023-06-03 15:37:00+00:00,0.0,0.03333333333333333
boulder-62416,BOULDER / CARPENTER PARK1,boulder-carpenter-park,2023-06-03 15:37:13+00:00,0.0,0.03305555555555555
boulder-132574,BOULDER / CARPENTER PARK1,boulder-carpenter-park,2023-06-03 15:39:00+00:00,0.0,0.03333333333333333
boulder-62417,BOULDER / CARPENTER PARK1,boulder-carpenter-park,2023-06-03 15:39:50+00:00,0.0,0.03333333333333333
boulder-132580,BOULDER / CARPENTER PARK1,boulder-carpenter-park,2023-06-03 15:47:00+00:00,0.0,0.03333333333333333
boulder-62423,BOULDER / CARPENTER PARK1,boulder-carpenter-park,2023-06-03 15:47:36+00:00,0.0,0.03333333333333333
boulder-132582,BOULDER / CARPENTER PARK2,boulder-carpenter-park,2023-06-03 15:49:00+00:00,4.376,0.9833333333333333
boulder-62424,BOULDER / CARPENTER PARK2,boulder-carpenter-park,2023-06-03 15:49:10+00:00,4.376,0.9836111111111111
boulder-132609,BOULDER / CARPENTER PARK1,boulder-carpenter-park,2023-06-03 19:31:00+00:00,14.082,2.433333333333333
boulder-62437,BOULDER / CARPENTER PARK1,boulder-carpenter-park,2023-06-03 19:31:49+00:00,14.082,2.4277777777777776
boulder-132632,BOULDER / CARPENTER PARK1,boulder-carpenter-park,2023-06-03 21:41:00+00:00,3.961,0.6833333333333333
boulder-62450,BOULDER / CARPENTER PARK1,boulder-carpenter-park,2023-06-03 21:41:20+00:00,3.961,0.6847222222222222
boulder-132635,BOULDER / CARPENTER PARK1,boulder-carpenter-park,2023-06-03 22:40:00+00:00,0.0,0.0
boulder-62451,BOULDER / CARPENTER PARK1,boulder-carpenter-park,2023-06-03 22:40:07+00:00,0.0,0.006388888888888889
boulder-132637,BOULDER / CARPENTER PARK1,boulder-carpenter-park,2023-06-03 22:43:00+00:00,7.843,1.35
boulder-62452,BOULDER / CARPENTER PARK1,boulder-carpenter-park,2023-06-03 22:43:18+00:00,7.843,1.3494444444444444
boulder-132768,BOULDER / CARPENTER PARK2,boulder-carpenter-park,2023-06-03 23:10:00+00:00,4.167,0.7
boulder-62456,BOULDER / CARPENTER PARK2,boulder-carpenter-park,2023-06-03 23:10:19+00:00,4.167,0.7108333333333333
boulder-133204,BOULDER / CARPENTER PARK1,boulder-carpenter-park,2023-06-03 23:14:00+00:00,0.0,0.016666666666666666
boulder-62528,BOULDER / CARPENTER PARK1,boulder-carpenter-park,2023-06-03 23:14:07+00:00,0.0,0.02277777777777778
boulder-133206,BOULDER / CARPENTER PARK1,boulder-carpenter-park,2023-06-03 23:15:00+00:00,0.0,0.016666666666666666
boulder-62533,BOULDER / CARPENTER PARK1,boulder-carpenter-park,2023-06-03 23:15:54+00:00,0.0,0.011111111111111112
boulder-133208,BOULDER / CARPENTER PARK1,boulder-carpenter-park,2023-06-03 23:19:00+00:00,0.0,0.016666666666666666
boulder-62539,BOULDER / CARPENTER PARK1,boulder-carpenter-park,2023-06-03 23:19:23+00:00,0.0,0.015277777777777777
boulder-133215,BOULDER / CARPENTER PARK2,boulder-carpenter-park,2023-06-03 23:42:00+00:00,0.0,0.016666666666666666
boulder-62550,BOULDER / CARPENTER PARK2,boulder-carpenter-park,2023-06-03 23:42:34+00:00,0.0,0.014722222222222222
boulder-133225,BOULDER / CARPENTER PARK2,boulder-carpenter-park,2023-06-04 00:16:00+00:00,13.322,3.2666666666666666
boulder-62569,BOULDER / CARPENTER PARK2,boulder-carpenter-park,2023-06-04 00:16:10+00:00,13.322,3.2802777777777776
boulder-133315,BOULDER / CARPENTER PARK1,boulder-carpenter-park,2023-06-04 16:52:00+00:00,9.216,3.0833333333333335
boulder-62695,BOULDER / CARPENTER PARK1,boulder-carpenter-park,2023-06-04 16:52:05+00:00,9.216,3.098333333333333
boulder-133324,BOULDER / CARPENTER PARK2,boulder-carpenter-park,2023-06-04 18:30:00+00:00,1.33,0.43333333333333335
boulder-62698,BOULDER / CARPENTER PARK2,boulder-carpenter-park,2023-06-04 18:30:43+00:00,1.33,0.4247222222222222
boulder-133328,BOULDER / CARPENTER PARK1,boulder-carpenter-park,2023-06-04 18:45:00+00:00,5.9,2.816666666666667
boulder-62700,BOULDER / CARPENTER PARK1,boulder-carpenter-park,2023-06-04 18:45:21+00:00,5.9,2.8152777777777778
boulder-133331,BOULDER / CARPENTER PARK2,boulder-carpenter-park,2023-06-04 18:59:00+00:00,5.301,0.9333333333333333
boulder-62701,BOULDER / CARPENTER PARK2,boulder-carpenter-park,2023-06-04 18:59:30+00:00,5.301,0.9297222222222222
boulder-133339,BOULDER / CARPENTER PARK2,boulder-carpenter-park,2023-06-04 19:46:00+00:00,0.0,0.016666666666666666
boulder-62703,BOULDER / CARPENTER PARK2,boulder-carpenter-park,2023-06-04 19:46:40+00:00,0.0,0.008888888888888889
boulder-133393,BOULDER / CARPENTER PARK2,boulder-carpenter-park,2023-06-04 22:06:00+00:00,2.034,0.5666666666666667
boulder-62712,BOULDER / CARPENTER PARK2,boulder-carpenter-park,2023-06-04 22:06:52+00:00,2.034,0.5561111111111111
boulder-133400,BOULDER / CARPENTER PARK1,boulder-carpenter-park,2023-06-04 22:35:00+00:00,4.47,0.7833333333333333
boulder-62714,BOULDER / CARPENTER PARK1,boulder-carpenter-park,2023-06-04 22:35:41+00:00,4.47,0.7838888888888889
boulder-133426,BOULDER / CARPENTER PARK2,boulder-carpenter-park,2023-06-05 00:16:00+00:00,11.841,2.0166666666666666
boulder-62535,BOULDER / CARPENTER PARK2,boulder-carpenter-park,2023-06-05 00:16:50+00:00,11.841,2.0105555555555554
boulder-133446,BOULDER / CARPENTER PARK1,boulder-carpenter-park,2023-06-05 00:49:00+00:00,2.533,0.43333333333333335
boulder-62559,BOULDER / CARPENTER PARK1,boulder-carpenter-park,2023-06-05 00:49:33+00:00,2.533,0.44
boulder-133462,BOULDER / CARPENTER PARK2,boulder-carpenter-park,2023-06-05 11:54:00+00:00,0.0,1.1833333333333333
boulder-62619,BOULDER / CARPENTER PARK2,boulder-carpenter-park,2023-06-05 11:54:41+00:00,0.0,1.1722222222222223
boulder-133478,BOULDER / CARPENTER PARK1,boulder-carpenter-park,2023-06-05 13:11:00+00:00,0.0,0.03333333333333333
boulder-62673,BOULDER / CARPENTER PARK1,boulder-carpenter-park,2023-06-05 13:11:01+00:00,0.0,0.03333333333333333
boulder-133482,BOULDER / CARPENTER PARK2,boulder-carpenter-park,2023-06-05 13:12:00+00:00,0.0,0.016666666666666666
boulder-62677,BOULDER / CARPENTER PARK2,boulder-carpenter-park,2023-06-05 13:12:21+00:00,0.0,0.016666666666666666
boulder-133486,BOULDER / CARPENTER PARK1,boulder-carpenter-park,2023-06-05 13:13:00+00:00,0.0,0.03333333333333333
boulder-62681,BOULDER / CARPENTER PARK1,boulder-carpenter-park,2023-06-05 13:13:05+00:00,0.0,0.03333333333333333
boulder-133526,BOULDER / CARPENTER PARK2,boulder-carpenter-park,2023-06-05 15:28:00+00:00,13.626,2.3833333333333333
boulder-62748,BOULDER / CARPENTER PARK2,boulder-carpenter-park,2023-06-05 15:28:07+00:00,13.626,2.3897222222222223
boulder-133537,BOULDER / CARPENTER PARK1,boulder-carpenter-park,2023-06-05 16:02:00+00:00,3.101,1.55
boulder-62772,BOULDER / CARPENTER PARK1,boulder-carpenter-park,2023-06-05 16:02:33+00:00,3.101,1.5444444444444445
boulder-133546,BOULDER / CARPENTER PARK1,boulder-carpenter-park,2023-06-05 16:13:00+00:00,16.193,2.8666666666666667
boulder-62777,BOULDER / CARPENTER PARK1,boulder-carpenter-park,2023-06-05 16:13:47+00:00,16.193,2.8627777777777776
boulder-133561,BOULDER / CARPENTER PARK2,boulder-carpenter-park,2023-06-05 17:15:00+00:00,0.0,1.0666666666666667
boulder-62785,BOULDER / CARPENTER PARK2,boulder-carpenter-park,2023-06-05 17:15:37+00:00,0.0,1.0697222222222222
boulder-133584,BOULDER / CARPENTER PARK1,boulder-carpenter-park,2023-06-05 18:19:00+00:00,13.631,4.333333333333333
boulder-62796,BOULDER / CARPENTER PARK1,boulder-carpenter-park,2023-06-05 18:19:55+00:00,13.631,4.333333333333333
boulder-133630,BOULDER / CARPENTER PARK2,boulder-carpenter-park,2023-06-05 22:26:00+00:00,0.0,0.016666666666666666
boulder-62560,BOULDER / CARPENTER PARK2,boulder-carpenter-park,2023-06-05 22:26:19+00:00,0.0,0.01638888888888889
boulder-133633,BOULDER / CARPENTER PARK2,boulder-carpenter-park,2023-06-05 22:27:00+00:00,2.145,0.36666666666666664
boulder-62566,BOULDER / CARPENTER PARK2,boulder-carpenter-park,2023-06-05 22:27:24+00:00,2.145,0.3763888888888889
boulder-133653,BOULDER / CARPENTER PARK2,boulder-carpenter-park,2023-06-05 23:13:00+00:00,0.012,0.11666666666666667
boulder-62576,BOULDER / CARPENTER PARK2,boulder-carpenter-park,2023-06-05 23:13:23+00:00,0.012,0.1213888888888889
boulder-133673,BOULDER / CARPENTER PARK2,boulder-carpenter-park,2023-06-05 23:20:00+00:00,0.025,1.4833333333333334
boulder-62577,BOULDER / CARPENTER PARK2,boulder-carpenter-park,2023-06-05 23:20:53+00:00,0.025,1.476388888888889
boulder-133724,BOULDER / CARPENTER PARK1,boulder-carpenter-park,2023-06-06 00:51:00+00:00,0.0,0.03333333333333333
boulder-62589,BOULDER / CARPENTER PARK1,boulder-carpenter-park,2023-06-06 00:51:38+00:00,0.0,0.03305555555555555
boulder-133728,BOULDER / CARPENTER PARK1,boulder-carpenter-park,2023-06-06 00:54:00+00:00,0.0,0.03333333333333333
boulder-62590,BOULDER / CARPENTER PARK1,boulder-carpenter-park,2023-06-06 00:54:15+00:00,0.0,0.03305555555555555
boulder-133734,BOULDER / CARPENTER PARK2,boulder-carpenter-park,2023-06-06 01:39:00+00:00,0.274,0.26666666666666666
boulder-62592,BOULDER / CARPENTER PARK2,boulder-carpenter-park,2023-06-06 01:39:05+00:00,0.274,0.28055555555555556
boulder-133737,BOULDER / CARPENTER PARK2,boulder-carpenter-park,2023-06-06 01:55:00+00:00,0.0,0.016666666666666666
boulder-62593,BOULDER / CARPENTER PARK2,boulder-carpenter-park,2023-06-06 01:55:59+00:00,0.0,0.013055555555555556
boulder-133741,BOULDER / CARPENTER PARK1,boulder-carpenter-park,2023-06-06 01:57:00+00:00,8.719,1.5166666666666666
boulder-62594,BOULDER / CARPENTER PARK1,boulder-carpenter-park,2023-06-06 01:57:26+00:00,8.719,1.511111111111111
boulder-133810,BOULDER / CARPENTER PARK2,boulder-carpenter-park,2023-06-06 14:34:00+00:00,17.46,3.066666666666667
boulder-62608,BOULDER / CARPENTER PARK2,boulder-carpenter-park,2023-06-06 14:34:15+00:00,17.46,3.0658333333333334
boulder-133825,BOULDER / CARPENTER PARK1,boulder-carpenter-park,2023-06-06 14:45:00+00:00,13.529,4.816666666666666
boulder-62457,BOULDER / CARPENTER PARK1,boulder-carpenter-park,2023-06-06 14:45:39+00:00,13.529,4.813055555555556
boulder-133838,BOULDER / CARPENTER PARK1,boulder-carpenter-park,2023-06-06 14:50:00+00:00,11.791,3.716666666666667
boulder-62464,BOULDER / CARPENTER PARK1,boulder-carpenter-park,2023-06-06 14:50:06+00:00,11.791,3.7197222222222224
boulder-133871,BOULDER / CARPENTER PARK2,boulder-carpenter-park,2023-06-06 15:43:00+00:00,0.0,2.1
boulder-62558,BOULDER / CARPENTER PARK2,boulder-carpenter-park,2023-06-06 15:43:05+00:00,0.0,2.101111111111111
boulder-133909,BOULDER / CARPENTER PARK1,boulder-carpenter-park,2023-06-06 18:38:00+00:00,5.348,0.9
boulder-62674,BOULDER / CARPENTER PARK1,boulder-carpenter-park,2023-06-06 18:38:08+00:00,5.348,0.9138888888888889
boulder-133921,BOULDER / CARPENTER PARK2,boulder-carpenter-park,2023-06-06 18:49:00+00:00,9.238,1.65
boulder-62718,BOULDER / CARPENTER PARK2,boulder-carpenter-park,2023-06-06 18:49:42+00:00,9.238,1.6483333333333334
boulder-133931,BOULDER / CARPENTER PARK2,boulder-carpenter-park,2023-06-06 19:56:00+00:00,0.0,0.11666666666666667
boulder-62726,BOULDER / CARPENTER PARK2,boulder-carpenter-park,2023-06-06 19:56:12+00:00,0.0,0.12277777777777778
boulder-133935,BOULDER / CARPENTER PARK1,boulder-carpenter-park,2023-06-06 19:58:00+00:00,5.735,2.566666666666667
boulder-62729,BOULDER / CARPENTER PARK1,boulder-carpenter-park,2023-06-06 19:58:24+00:00,5.735,2.5727777777777776
boulder-133943,BOULDER / CARPENTER PARK1,boulder-carpenter-park,2023-06-06 20:14:00+00:00,0.0,0.016666666666666666
boulder-62734,BOULDER / CARPENTER PARK1,boulder-carpenter-park,2023-06-06 20:14:12+00:00,0.0,0.028055555555555556
boulder-133990,BOULDER / CARPENTER PARK1,boulder-carpenter-park,2023-06-06 21:54:00+00:00,0.0,0.016666666666666666
boulder-62756,BOULDER / CARPENTER PARK1,boulder-carpenter-park,2023-06-06 21:54:54+00:00,0.0,0.0075
boulder-134004,BOULDER / CARPENTER PARK2,boulder-carpenter-park,2023-06-06 22:54:00+00:00,6.944,1.15
boulder-62758,BOULDER / CARPENTER PARK2,boulder-carpenter-park,2023-06-06 22:54:15+00:00,6.944,1.1591666666666667
boulder-134031,BOULDER / CARPENTER PARK2,boulder-carpenter-park,2023-06-07 00:06:00+00:00,0.0,1.4666666666666666
boulder-62766,BOULDER / CARPENTER PARK2,boulder-carpenter-park,2023-06-07 00:06:35+00:00,0.0,1.4602777777777778
boulder-134042,BOULDER / CARPENTER PARK1,boulder-carpenter-park,2023-06-07 00:34:00+00:00,1.241,0.21666666666666667
boulder-62467,BOULDER / CARPENTER PARK1,boulder-carpenter-park,2023-06-07 00:34:18+00:00,1.241,0.225
boulder-134086,BOULDER / CARPENTER PARK2,boulder-carpenter-park,2023-06-07 11:55:00+00:00,6.458,1.1
boulder-62625,BOULDER / CARPENTER PARK2,boulder-carpenter-park,2023-06-07 11:55:15+00:00,6.458,1.1116666666666666
boulder-134127,BOULDER / CARPENTER PARK2,boulder-carpenter-park,2023-06-07 13:37:00+00:00,4.046,0.7
boulder-62639,BOULDER / CARPENTER PARK2,boulder-carpenter-park,2023-06-07 13:37:54+00:00,4.046,0.6952777777777778
boulder-134131,BOULDER / CARPENTER PARK1,boulder-carpenter-park,2023-06-07 13:47:00+00:00,6.276,1.0666666666666667
boulder-62640,BOULDER / CARPENTER PARK1,boulder-carpenter-park,2023-06-07 13:47:22+00:00,6.276,1.0644444444444445
boulder-134159,BOULDER / CARPENTER PARK2,boulder-carpenter-park,2023-06-07 14:33:00+00:00,8.515,1.4333333333333333
boulder-62645,BOULDER / CARPENTER PARK2,boulder-carpenter-park,2023-06-07 14:33:15+00:00,8.515,1.4344444444444444
boulder-134181,BOULDER / CARPENTER PARK1,boulder-carpenter-park,2023-06-07 15:10:00+00:00,0.0,0.016666666666666666
boulder-62650,BOULDER / CARPENTER PARK1,boulder-carpenter-park,2023-06-07 15:10:52+00:00,0.0,0.008333333333333333
boulder-134185,BOULDER / CARPENTER PARK1,boulder-carpenter-park,2023-06-07 15:11:00+00:00,15.797,3.7333333333333334
boulder-62651,BOULDER / CARPENTER PARK1,boulder-carpenter-park,2023-06-07 15:11:52+00:00,15.797,3.7308333333333334
boulder-134195,BOULDER / CARPENTER PARK1,boulder-carpenter-park,2023-06-07 15:39:00+00:00,3.676,7.283333333333333
boulder-62654,BOULDER / CARPENTER PARK1,boulder-carpenter-park,2023-06-07 15:39:04+00:00,3.676,7.295833333333333
boulder-134216,BOULDER / CARPENTER PARK2,boulder-carpenter-park,2023-06-07 16:12:00+00:00,2.057,1.1833333333333333
boulder-62659,BOULDER / CARPENTER PARK2,boulder-carpenter-park,2023-06-07 16:12:52+00:00,2.057,1.1816666666666666
boulder-134253,BOULDER / CARPENTER PARK2,boulder-carpenter-park,2023-06-07 18:37:00+00:00,0.0,0.9333333333333333
boulder-62421,BOULDER / CARPENTER PARK2,boulder-carpenter-park,2023-06-07 18:37:08+00:00,0.0,0.9316666666666666
boulder-134371,BOULDER / CARPENTER PARK2,boulder-carpenter-park,2023-06-08 00:02:00+00:00,30.797,5.3
boulder-62736,BOULDER / CARPENTER PARK2,boulder-carpenter-park,2023-06-08 00:02:38+00:00,30.797,5.300277777777778
boulder-134461,BOULDER / CARPENTER PARK2,boulder-carpenter-park,2023-06-08 12:51:00+00:00,6.431,1.9
boulder-62797,BOULDER / CARPENTER PARK2,boulder-carpenter-park,2023-06-08 12:51:23+00:00,6.431,1.896388888888889
boulder-134464,BOULDER / CARPENTER PARK1,boulder-carpenter-park,2023-06-08 13:50:00+00:00,10.181,3.2666666666666666
boulder-62802,BOULDER / CARPENTER PARK1,boulder-carpenter-park,2023-06-08 13:50:11+00:00,10.181,3.2780555555555555
boulder-134492,BOULDER / CARPENTER PARK1,boulder-carpenter-park,2023-06-08 14:36:00+00:00,0.0,0.016666666666666666
boulder-62813,BOULDER / CARPENTER PARK1,boulder-carpenter-park,2023-06-08 14:36:05+00:00,0.0,0.030833333333333334
boulder-134496,BOULDER / CARPENTER PARK1,boulder-carpenter-park,2023-06-08 14:38:00+00:00,0.0,0.0
boulder-62815,BOULDER / CARPENTER PARK1,boulder-carpenter-park,2023-06-08 14:38:06+00:00,0.0,0.009166666666666667
boulder-134500,BOULDER / CARPENTER PARK1,boulder-carpenter-park,2023-06-08 14:40:00+00:00,0.0,0.016666666666666666
boulder-62817,BOULDER / CARPENTER PARK1,boulder-carpenter-park,2023-06-08 14:40:21+00:00,0.0,0.021666666666666667
boulder-134511,BOULDER / CARPENTER PARK1,boulder-carpenter-park,2023-06-08 14:42:00+00:00,8.262,2.85
boulder-62867,BOULDER / CARPENTER PARK1,boulder-carpenter-park,2023-06-08 14:42:07+00:00,8.262,2.848888888888889
boulder-134560,BOULDER / CARPENTER PARK2,boulder-carpenter-park,2023-06-08 16:46:00+00:00,0.365,0.06666666666666667
boulder-63028,BOULDER / CARPENTER PARK2,boulder-carpenter-park,2023-06-08 16:46:31+00:00,0.365,0.07277777777777777
boulder-134564,BOULDER / CARPENTER PARK2,boulder-carpenter-park,2023-06-08 16:47:00+00:00,0.0,0.03333333333333333
boulder-63033,BOULDER / CARPENTER PARK2,boulder-carpenter-park,2023-06-08 16:47:31+00:00,0.0,0.029444444444444443
boulder-134573,BOULDER / CARPENTER PARK2,boulder-carpenter-park,2023-06-08 16:51:00+00:00,0.0,1.0333333333333334
boulder-63048,BOULDER / CARPENTER PARK2,boulder-carpenter-park,2023-06-08 16:51:36+00:00,0.0,1.0322222222222222
boulder-134585,BOULDER / CARPENTER PARK2,boulder-carpenter-park,2023-06-08 16:52:00+00:00,1.36,2.45
boulder-63058,BOULDER / CARPENTER PARK2,boulder-carpenter-park,2023-06-08 16:52:14+00:00,1.36,2.455
boulder-134625,BOULDER / CARPENTER PARK1,boulder-carpenter-park,2023-06-08 18:50:00+00:00,0.0,0.03333333333333333
boulder-63111,BOULDER / CARPENTER PARK1,boulder-carpenter-park,2023-06-08 18:50:25+00:00,0.0,0.03305555555555555
boulder-134639,BOULDER / CARPENTER PARK2,boulder-carpenter-park,2023-06-08 19:21:00+00:00,13.798,2.75
boulder-63145,BOULDER / CARPENTER PARK2,boulder-carpenter-park,2023-06-08 19:21:38+00:00,13.798,2.7519444444444443
boulder-134673,BOULDER / CARPENTER PARK1,boulder-carpenter-park,2023-06-08 20:45:00+00:00,10.202,3.15
boulder-62864,BOULDER / CARPENTER PARK1,boulder-carpenter-park,2023-06-08 20:45:27+00:00,10.202,3.1480555555555556
boulder-134697,BOULDER / CARPENTER PARK1,boulder-carpenter-park,2023-06-08 22:02:00+00:00,17.906,3.0833333333333335
boulder-62963,BOULDER / CARPENTER PARK1,boulder-carpenter-park,2023-06-08 22:02:56+00:00,17.906,3.0819444444444444
boulder-134709,BOULDER / CARPENTER PARK2,boulder-carpenter-park,2023-06-08 22:23:00+00:00,5.453,0.9333333333333333
boulder-63020,BOULDER / CARPENTER PARK2,boulder-carpenter-park,2023-06-08 22:23:50+00:00,5.453,0.9197222222222222
boulder-134730,BOULDER / CARPENTER PARK2,boulder-carpenter-park,2023-06-08 23:28:00+00:00,2.378,0.4166666666666667
boulder-63045,BOULDER / CARPENTER PARK2,boulder-carpenter-park,2023-06-08 23:28:33+00:00,2.378,0.4083333333333333
boulder-134745,BOULDER / CARPENTER PARK2,boulder-carpenter-park,2023-06-08 23:58:00+00:00,5.44,1.65
boulder-63064,BOULDER / CARPENTER PARK2,boulder-carpenter-park,2023-06-08 23:58:37+00:00,5.44,1.6472222222222221
boulder-134797,BOULDER / CARPENTER PARK2,boulder-carpenter-park,2023-06-09 11:53:00+00:00,6.805,1.1833333333333333
boulder-63123,BOULDER / CARPENTER PARK2,boulder-carpenter-park,2023-06-09 11:53:52+00:00,6.805,1.176388888888889
boulder-134813,BOULDER / CARPENTER PARK1,boulder-carpenter-park,2023-06-09 13:04:00+00:00,3.009,0.5
boulder-63167,BOULDER / CARPENTER PARK1,boulder-carpenter-park,2023-06-09 13:04:06+00:00,3.009,0.5125
boulder-134829,BOULDER / CARPENTER PARK1,boulder-carpenter-park,2023-06-09 13:35:00+00:00,0.0,0.03333333333333333
boulder-63181,BOULDER / CARPENTER PARK1,boulder-carpenter-park,2023-06-09 13:35:42+00:00,0.0,0.03333333333333333
boulder-134833,BOULDER / CARPENTER PARK1,boulder-carpenter-park,2023-06-09 13:37:00+00:00,0.109,0.03333333333333333
boulder-63184,BOULDER / CARPENTER PARK1,boulder-carpenter-park,2023-06-09 13:37:50+00:00,0.109,0.02861111111111111
boulder-134837,BOULDER / CARPENTER PARK1,boulder-carpenter-park,2023-06-09 13:38:00+00:00,0.0,0.016666666666666666
boulder-63187,BOULDER / CARPENTER PARK1,boulder-carpenter-park,2023-06-09 13:38:10+00:00,0.0,0.01888888888888889
boulder-134844,BOULDER / CARPENTER PARK1,boulder-carpenter-park,2023-06-09 13:40:00+00:00,8.763,1.4833333333333334
boulder-63191,BOULDER / CARPENTER PARK1,boulder-carpenter-park,2023-06-09 13:40:00+00:00,8.763,1.4838888888888888
boulder-134855,BOULDER / CARPENTER PARK2,boulder-carpenter-park,2023-06-09 14:06:00+00:00,7.085,1.2166666666666666
boulder-63194,BOULDER / CARPENTER PARK2,boulder-carpenter-park,2023-06-09 14:06:45+00:00,7.085,1.2180555555555554
boulder-134881,BOULDER / CARPENTER PARK1,boulder-carpenter-park,2023-06-09 14:59:00+00:00,10.64,6.083333333333333
boulder-63200,BOULDER / CARPENTER PARK1,boulder-carpenter-park,2023-06-09 14:59:09+00:00,10.64,6.086111111111111
boulder-134903,BOULDER / CARPENTER PARK2,boulder-carpenter-park,2023-06-09 15:57:00+00:00,6.31,2.433333333333333
boulder-62888,BOULDER / CARPENTER PARK2,boulder-carpenter-park,2023-06-09 15:57:37+00:00,6.31,2.426388888888889
boulder-134907,BOULDER / CARPENTER PARK1,boulder-carpenter-park,2023-06-09 16:05:00+00:00,2.823,1.5166666666666666
boulder-62895,BOULDER / CARPENTER PARK1,boulder-carpenter-park,2023-06-09 16:05:58+00:00,2.823,1.5127777777777778
boulder-134998,BOULDER / CARPENTER PARK2,boulder-carpenter-park,2023-06-09 19:09:00+00:00,0.0,1.3833333333333333
boulder-63056,BOULDER / CARPENTER PARK2,boulder-carpenter-park,2023-06-09 19:09:34+00:00,0.0,1.383888888888889
boulder-135006,BOULDER / CARPENTER PARK1,boulder-carpenter-park,2023-06-09 19:29:00+00:00,0.532,0.16666666666666666
boulder-63069,BOULDER / CARPENTER PARK1,boulder-carpenter-park,2023-06-09 19:29:10+00:00,0.532,0.17694444444444443
boulder-135038,BOULDER / CARPENTER PARK1,boulder-carpenter-park,2023-06-09 20:20:00+00:00,4.901,0.8666666666666667
boulder-63104,BOULDER / CARPENTER PARK1,boulder-carpenter-park,2023-06-09 20:20:14+00:00,4.901,0.8777777777777778
boulder-135049,BOULDER / CARPENTER PARK2,boulder-carpenter-park,2023-06-09 21:06:00+00:00,0.0,0.016666666666666666
boulder-63117,BOULDER / CARPENTER PARK2,boulder-carpenter-park,2023-06-09 21:06:26+00:00,0.0,0.013055555555555556
boulder-135053,BOULDER / CARPENTER PARK2,boulder-carpenter-park,2023-06-09 21:07:00+00:00,15.022,2.4833333333333334
boulder-63122,BOULDER / CARPENTER PARK2,boulder-carpenter-park,2023-06-09 21:07:20+00:00,15.022,2.4922222222222223
boulder-135119,BOULDER / CARPENTER PARK2,boulder-carpenter-park,2023-06-10 01:11:00+00:00,2.081,0.65
boulder-62899,BOULDER / CARPENTER PARK2,boulder-carpenter-park,2023-06-10 01:11:11+00:00,2.081,0.66
boulder-135123,BOULDER / CARPENTER PARK1,boulder-carpenter-park,2023-06-10 01:32:00+00:00,0.0,0.016666666666666666
boulder-62901,BOULDER / CARPENTER PARK1,boulder-carpenter-park,2023-06-10 01:32:08+00:00,0.0,0.022222222222222223
boulder-135125,BOULDER / CARPENTER PARK1,boulder-carpenter-park,2023-06-10 01:33:00+00:00,0.0,0.03333333333333333
boulder-62902,BOULDER / CARPENTER PARK1,boulder-carpenter-park,2023-06-10 01:33:17+00:00,0.0,0.03333333333333333
boulder-135127,BOULDER / CARPENTER PARK1,boulder-carpenter-park,2023-06-10 01:36:00+00:00,4.681,1.4666666666666666
boulder-62903,BOULDER / CARPENTER PARK1,boulder-carpenter-park,2023-06-10 01:36:49+00:00,4.681,1.4658333333333333
boulder-135172,BOULDER / CARPENTER PARK1,boulder-carpenter-park,2023-06-10 15:02:00+00:00,6.042,1.0333333333333334
boulder-62921,BOULDER / CARPENTER PARK1,boulder-carpenter-park,2023-06-10 15:02:38+00:00,6.042,1.033611111111111
boulder-135174,BOULDER / CARPENTER PARK1,boulder-carpenter-park,2023-06-10 15:25:00+00:00,13.31,2.316666666666667
boulder-62923,BOULDER / CARPENTER PARK1,boulder-carpenter-park,2023-06-10 15:25:50+00:00,13.31,2.3044444444444445
boulder-135175,BOULDER / CARPENTER PARK2,boulder-carpenter-park,2023-06-10 15:32:00+00:00,0.0,0.016666666666666666
boulder-62924,BOULDER / CARPENTER PARK2,boulder-carpenter-park,2023-06-10 15:32:17+00:00,0.0,0.017777777777777778
boulder-135176,BOULDER / CARPENTER PARK2,boulder-carpenter-park,2023-06-10 15:33:00+00:00,9.563,1.6333333333333333
boulder-62925,BOULDER / CARPENTER PARK2,boulder-carpenter-park,2023-06-10 15:33:30+00:00,9.563,1.6411111111111112
boulder-135181,BOULDER / CARPENTER PARK1,boulder-carpenter-park,2023-06-10 16:21:00+00:00,3.646,0.6833333333333333
boulder-62930,BOULDER / CARPENTER PARK1,boulder-carpenter-park,2023-06-10 16:21:23+00:00,3.646,0.6869444444444445
boulder-135186,BOULDER / CARPENTER PARK2,boulder-carpenter-park,2023-06-10 16:45:00+00:00,0.0,0.016666666666666666
boulder-62933,BOULDER / CARPENTER PARK2,boulder-carpenter-park,2023-06-10 16:45:36+00:00,0.0,0.019166666666666665
boulder-135190,BOULDER / CARPENTER PARK1,boulder-carpenter-park,2023-06-10 17:30:00+00:00,0.0,0.03333333333333333
boulder-62937,BOULDER / CARPENTER PARK1,boulder-carpenter-park,2023-06-10 17:30:55+00:00,0.0,0.03333333333333333
boulder-135191,BOULDER / CARPENTER PARK2,boulder-carpenter-park,2023-06-10 17:31:00+00:00,4.729,0.8
boulder-62938,BOULDER / CARPENTER PARK2,boulder-carpenter-park,2023-06-10 17:31:13+00:00,4.729,0.7988888888888889
boulder-135194,BOULDER / CARPENTER PARK1,boulder-carpenter-park,2023-06-10 17:35:00+00:00,0.0,1.5
boulder-62941,BOULDER / CARPENTER PARK1,boulder-carpenter-park,2023-06-10 17:35:36+00:00,0.0,1.4983333333333333
boulder-133220,BOULDER / CARPENTER PARK2,boulder-carpenter-park,2023-06-10 18:10:00+00:00,0.0,0.016666666666666666
boulder-62810,BOULDER / CARPENTER PARK2,boulder-carpenter-park,2023-06-10 18:10:08+00:00,0.0,0.028333333333333332
boulder-133230,BOULDER / CARPENTER PARK2,boulder-carpenter-park,2023-06-10 18:20:00+00:00,4.583,0.7666666666666667
boulder-62814,BOULDER / CARPENTER PARK2,boulder-carpenter-park,2023-06-10 18:20:17+00:00,4.583,0.7716666666666666
boulder-133253,BOULDER / CARPENTER PARK2,boulder-carpenter-park,2023-06-10 19:21:00+00:00,10.902,1.8833333333333333
boulder-62824,BOULDER / CARPENTER PARK2,boulder-carpenter-park,2023-06-10 19:21:47+00:00,10.902,1.878611111111111
boulder-133280,BOULDER / CARPENTER PARK1,boulder-carpenter-park,2023-06-10 21:04:00+00:00,10.259,1.7833333333333334
boulder-62831,BOULDER / CARPENTER PARK1,boulder-carpenter-park,2023-06-10 21:04:32+00:00,10.259,1.7875
boulder-133284,BOULDER / CARPENTER PARK2,boulder-carpenter-park,2023-06-10 21:14:00+00:00,0.0,0.03333333333333333
boulder-62832,BOULDER / CARPENTER PARK2,boulder-carpenter-park,2023-06-10 21:14:53+00:00,0.0,0.019166666666666665
boulder-133317,BOULDER / CARPENTER PARK2,boulder-carpenter-park,2023-06-10 22:19:00+00:00,10.177,1.8
boulder-62840,BOULDER / CARPENTER PARK2,boulder-carpenter-park,2023-06-10 22:19:27+00:00,10.177,1.7952777777777778
boulder-133320,BOULDER / CARPENTER PARK2,boulder-carpenter-park,2023-06-10 22:30:00+00:00,0.0,1.2833333333333334
boulder-62841,BOULDER / CARPENTER PARK2,boulder-carpenter-park,2023-06-10 22:30:47+00:00,0.0,1.2719444444444445
boulder-133332,BOULDER / CARPENTER PARK1,boulder-carpenter-park,2023-06-10 22:40:00+00:00,3.1,0.85
boulder-62842,BOULDER / CARPENTER PARK1,boulder-carpenter-park,2023-06-10 22:40:25+00:00,3.1,0.8580555555555556
boulder-133413,BOULDER / CARPENTER PARK1,boulder-carpenter-park,2023-06-11 01:15:00+00:00,16.782,2.783333333333333
boulder-62857,BOULDER / CARPENTER PARK1,boulder-carpenter-park,2023-06-11 01:15:19+00:00,16.782,2.7872222222222223
boulder-133485,BOULDER / CARPENTER PARK1,boulder-carpenter-park,2023-06-11 16:02:00+00:00,3.687,2.4
boulder-63019,BOULDER / CARPENTER PARK1,boulder-carpenter-park,2023-06-11 16:02:00+00:00,3.687,2.4097222222222223
boulder-133566,BOULDER / CARPENTER PARK2,boulder-carpenter-park,2023-06-11 18:47:00+00:00,5.439,2.283333333333333
boulder-63103,BOULDER / CARPENTER PARK2,boulder-carpenter-park,2023-06-11 18:47:22+00:00,5.439,2.2797222222222224
boulder-133578,BOULDER / CARPENTER PARK1,boulder-carpenter-park,2023-06-11 19:19:00+00:00,0.0,0.03333333333333333
boulder-63119,BOULDER / CARPENTER PARK1,boulder-carpenter-park,2023-06-11 19:19:14+00:00,0.0,0.034722222222222224
boulder-133582,BOULDER / CARPENTER PARK1,boulder-carpenter-park,2023-06-11 19:21:00+00:00,0.0,0.03333333333333333
boulder-63124,BOULDER / CARPENTER PARK1,boulder-carpenter-park,2023-06-11 19:21:53+00:00,0.0,0.02666666666666667
boulder-133585,BOULDER / CARPENTER PARK1,boulder-carpenter-park,2023-06-11 19:23:00+00:00,0.839,0.2833333333333333
boulder-63129,BOULDER / CARPENTER PARK1,boulder-carpenter-park,2023-06-11 19:23:47+00:00,0.839,0.2758333333333333
boulder-133625,BOULDER / CARPENTER PARK2,boulder-carpenter-park,2023-06-11 21:05:00+00:00,0.0,0.03333333333333333
boulder-63139,BOULDER / CARPENTER PARK2,boulder-carpenter-park,2023-06-11 21:05:19+00:00,0.0,0.03333333333333333
boulder-133629,BOULDER / CARPENTER PARK2,boulder-carpenter-park,2023-06-11 21:07:00+00:00,0.0,0.03333333333333333
boulder-63140,BOULDER / CARPENTER PARK2,boulder-carpenter-park,2023-06-11 21:07:43+00:00,0.0,0.03305555555555555
boulder-133638,BOULDER / CARPENTER PARK2,boulder-carpenter-park,2023-06-11 21:10:00+00:00,7.759,1.3333333333333333
boulder-63141,BOULDER / CARPENTER PARK2,boulder-carpenter-park,2023-06-11 21:10:32+00:00,7.759,1.3252777777777778
boulder-133654,BOULDER / CARPENTER PARK2,boulder-carpenter-park,2023-06-11 22:29:00+00:00,0.0,0.03333333333333333
boulder-62818,BOULDER / CARPENTER PARK2,boulder-carpenter-park,2023-06-11 22:29:33+00:00,0.0,0.03333333333333333
boulder-133660,BOULDER / CARPENTER PARK2,boulder-carpenter-park,2023-06-11 23:34:00+00:00,3.385,0.5666666666666667
boulder-62875,BOULDER / CARPENTER PARK2,boulder-carpenter-park,2023-06-11 23:34:49+00:00,3.385,0.5672222222222222
boulder-133664,BOULDER / CARPENTER PARK1,boulder-carpenter-park,2023-06-12 01:18:00+00:00,0.0,0.0
boulder-62950,BOULDER / CARPENTER PARK1,boulder-carpenter-park,2023-06-12 01:18:24+00:00,0.0,0.007222222222222222
boulder-133665,BOULDER / CARPENTER PARK1,boulder-carpenter-park,2023-06-12 01:20:00+00:00,0.0,0.18333333333333332
boulder-62955,BOULDER / CARPENTER PARK1,boulder-carpenter-park,2023-06-12 01:20:22+00:00,0.0,0.18583333333333332
boulder-133666,BOULDER / CARPENTER PARK1,boulder-carpenter-park,2023-06-12 01:32:00+00:00,4.485,0.8166666666666667
boulder-62961,BOULDER / CARPENTER PARK1,boulder-carpenter-park,2023-06-12 01:32:26+00:00,4.485,0.8122222222222222
boulder-133676,BOULDER / CARPENTER PARK2,boulder-carpenter-park,2023-06-12 11:54:00+00:00,6.753,1.1666666666666667
boulder-63026,BOULDER / CARPENTER PARK2,boulder-carpenter-park,2023-06-12 11:54:54+00:00,6.753,1.1527777777777777
boulder-133725,BOULDER / CARPENTER PARK1,boulder-carpenter-park,2023-06-12 15:00:00+00:00,8.945,1.5666666666666667
boulder-63081,BOULDER / CARPENTER PARK1,boulder-carpenter-park,2023-06-12 15:00:36+00:00,8.945,1.5575
boulder-133746,BOULDER / CARPENTER PARK2,boulder-carpenter-park,2023-06-12 15:07:00+00:00,4.321,1.05
boulder-63092,BOULDER / CARPENTER PARK2,boulder-carpenter-park,2023-06-12 15:07:23+00:00,4.321,1.0544444444444445
boulder-133794,BOULDER / CARPENTER PARK1,boulder-carpenter-park,2023-06-12 17:53:00+00:00,0.0,0.03333333333333333
boulder-63156,BOULDER / CARPENTER PARK1,boulder-carpenter-park,2023-06-12 17:53:45+00:00,0.0,0.03333333333333333
boulder-133798,BOULDER / CARPENTER PARK1,boulder-carpenter-park,2023-06-12 17:56:00+00:00,0.0,0.03333333333333333
boulder-63160,BOULDER / CARPENTER PARK1,boulder-carpenter-park,2023-06-12 17:56:26+00:00,0.0,0.03361111111111111
boulder-133801,BOULDER / CARPENTER PARK1,boulder-carpenter-park,2023-06-12 18:03:00+00:00,0.0,0.03333333333333333
boulder-63164,BOULDER / CARPENTER PARK1,boulder-carpenter-park,2023-06-12 18:03:15+00:00,0.0,0.03333333333333333
boulder-133819,BOULDER / CARPENTER PARK2,boulder-carpenter-park,2023-06-12 19:41:00+00:00,7.525,1.3
boulder-63178,BOULDER / CARPENTER PARK2,boulder-carpenter-park,2023-06-12 19:41:26+00:00,7.525,1.2980555555555555
boulder-133851,BOULDER / CARPENTER PARK1,boulder-carpenter-park,2023-06-12 22:28:00+00:00,0.0,0.016666666666666666
boulder-62885,BOULDER / CARPENTER PARK1,boulder-carpenter-park,2023-06-12 22:28:35+00:00,0.0,0.015
boulder-133854,BOULDER / CARPENTER PARK1,boulder-carpenter-park,2023-06-12 22:30:00+00:00,4.172,0.7666666666666667
boulder-62892,BOULDER / CARPENTER PARK1,boulder-carpenter-park,2023-06-12 22:30:12+00:00,4.172,0.7791666666666667
boulder-133886,BOULDER / CARPENTER PARK2,boulder-carpenter-park,2023-06-12 23:41:00+00:00,2.228,0.4
boulder-62971,BOULDER / CARPENTER PARK2,boulder-carpenter-park,2023-06-12 23:41:19+00:00,2.228,0.4063888888888889
boulder-133947,BOULDER / CARPENTER PARK1,boulder-carpenter-park,2023-06-13 12:55:00+00:00,0.0,0.016666666666666666
boulder-62986,BOULDER / CARPENTER PARK1,boulder-carpenter-park,2023-06-13 12:55:19+00:00,0.0,0.020555555555555556
boulder-133949,BOULDER / CARPENTER PARK1,boulder-carpenter-park,2023-06-13 12:58:00+00:00,0.0,0.03333333333333333
boulder-133952,BOULDER / CARPENTER PARK2,boulder-carpenter-park,2023-06-13 12:58:00+00:00,7.81,1.3166666666666667
boulder-62987,BOULDER / CARPENTER PARK1,boulder-carpenter-park,2023-06-13 12:58:33+00:00,0.0,0.03333333333333333
boulder-62988,BOULDER / CARPENTER PARK2,boulder-carpenter-park,2023-06-13 12:58:59+00:00,7.81,1.305
boulder-133972,BOULDER / CARPENTER PARK2,boulder-carpenter-park,2023-06-13 13:45:00+00:00,0.0,0.016666666666666666
boulder-62993,BOULDER / CARPENTER PARK2,boulder-carpenter-park,2023-06-13 13:45:56+00:00,0.0,0.015
boulder-133983,BOULDER / CARPENTER PARK1,boulder-carpenter-park,2023-06-13 13:56:00+00:00,9.325,4.383333333333334
boulder-62995,BOULDER / CARPENTER PARK1,boulder-carpenter-park,2023-06-13 13:56:56+00:00,9.325,4.378888888888889
boulder-134002,BOULDER / CARPENTER PARK2,boulder-carpenter-park,2023-06-13 14:30:00+00:00,8.472,4.216666666666667
boulder-63000,BOULDER / CARPENTER PARK2,boulder-carpenter-park,2023-06-13 14:30:19+00:00,8.472,4.219444444444444
boulder-134128,BOULDER / CARPENTER PARK2,boulder-carpenter-park,2023-06-13 19:14:00+00:00,2.412,0.4166666666666667
boulder-63429,BOULDER / CARPENTER PARK2,boulder-carpenter-park,2023-06-13 19:14:29+00:00,2.412,0.4177777777777778
boulder-134175,BOULDER / CARPENTER PARK2,boulder-carpenter-park,2023-06-13 22:13:00+00:00,2.186,0.36666666666666664
boulder-63469,BOULDER / CARPENTER PARK2,boulder-carpenter-park,2023-06-13 22:13:38+00:00,2.186,0.3688888888888889
boulder-134183,BOULDER / CARPENTER PARK1,boulder-carpenter-park,2023-06-13 22:30:00+00:00,3.54,1.0166666666666666
boulder-134186,BOULDER / CARPENTER PARK1,boulder-carpenter-park,2023-06-13 22:30:00+00:00,0.0,0.03333333333333333
boulder-63475,BOULDER / CARPENTER PARK1,boulder-carpenter-park,2023-06-13 22:30:28+00:00,3.54,1.018888888888889
boulder-63478,BOULDER / CARPENTER PARK1,boulder-carpenter-park,2023-06-13 22:30:36+00:00,0.0,0.03305555555555555
boulder-134212,BOULDER / CARPENTER PARK2,boulder-carpenter-park,2023-06-13 23:08:00+00:00,0.0,0.03333333333333333
boulder-63493,BOULDER / CARPENTER PARK2,boulder-carpenter-park,2023-06-13 23:08:57+00:00,0.0,0.021666666666666667
boulder-134215,BOULDER / CARPENTER PARK2,boulder-carpenter-park,2023-06-13 23:10:00+00:00,5.943,1.0166666666666666
boulder-63496,BOULDER / CARPENTER PARK2,boulder-carpenter-park,2023-06-13 23:10:29+00:00,5.943,1.01
boulder-134223,BOULDER / CARPENTER PARK1,boulder-carpenter-park,2023-06-13 23:17:00+00:00,3.523,0.9666666666666667
boulder-63502,BOULDER / CARPENTER PARK1,boulder-carpenter-park,2023-06-13 23:17:52+00:00,3.523,0.9611111111111111
boulder-134234,BOULDER / CARPENTER PARK2,boulder-carpenter-park,2023-06-13 23:35:00+00:00,0.0,0.016666666666666666
boulder-134242,BOULDER / CARPENTER PARK1,boulder-carpenter-park,2023-06-13 23:35:00+00:00,0.0,2.1333333333333333
boulder-63511,BOULDER / CARPENTER PARK2,boulder-carpenter-park,2023-06-13 23:35:20+00:00,0.0,0.021666666666666667
boulder-63270,BOULDER / CARPENTER PARK1,boulder-carpenter-park,2023-06-13 23:35:49+00:00,0.0,2.129722222222222
boulder-134276,BOULDER / CARPENTER PARK2,boulder-carpenter-park,2023-06-14 00:49:00+00:00,1.545,0.8166666666666667
boulder-63351,BOULDER / CARPENTER PARK2,boulder-carpenter-park,2023-06-14 00:49:26+00:00,1.545,0.8097222222222222
boulder-134289,BOULDER / CARPENTER PARK2,boulder-carpenter-park,2023-06-14 01:06:00+00:00,0.0,0.016666666666666666
boulder-63354,BOULDER / CARPENTER PARK2,boulder-carpenter-park,2023-06-14 01:06:38+00:00,0.0,0.022222222222222223
boulder-134319,BOULDER / CARPENTER PARK2,boulder-carpenter-park,2023-06-14 11:54:00+00:00,6.695,1.15
boulder-63362,BOULDER / CARPENTER PARK2,boulder-carpenter-park,2023-06-14 11:54:32+00:00,6.695,1.1413888888888888
boulder-134341,BOULDER / CARPENTER PARK1,boulder-carpenter-park,2023-06-14 13:32:00+00:00,0.0,0.016666666666666666
boulder-63368,BOULDER / CARPENTER PARK1,boulder-carpenter-park,2023-06-14 13:32:46+00:00,0.0,0.011944444444444445
boulder-134345,BOULDER / CARPENTER PARK1,boulder-carpenter-park,2023-06-14 13:34:00+00:00,7.406,1.2666666666666666
boulder-63369,BOULDER / CARPENTER PARK1,boulder-carpenter-park,2023-06-14 13:34:45+00:00,7.406,1.2594444444444444
boulder-134349,BOULDER / CARPENTER PARK1,boulder-carpenter-park,2023-06-14 13:49:00+00:00,13.509,4.0
boulder-63370,BOULDER / CARPENTER PARK1,boulder-carpenter-park,2023-06-14 13:49:52+00:00,13.509,3.992777777777778
boulder-134376,BOULDER / CARPENTER PARK2,boulder-carpenter-park,2023-06-14 14:30:00+00:00,0.0,0.016666666666666666
boulder-63376,BOULDER / CARPENTER PARK2,boulder-carpenter-park,2023-06-14 14:30:25+00:00,0.0,0.01
boulder-134380,BOULDER / CARPENTER PARK2,boulder-carpenter-park,2023-06-14 14:31:00+00:00,8.989,4.533333333333333
boulder-63377,BOULDER / CARPENTER PARK2,boulder-carpenter-park,2023-06-14 14:31:10+00:00,8.989,4.538888888888889
boulder-134386,BOULDER / CARPENTER PARK1,boulder-carpenter-park,2023-06-14 15:14:00+00:00,3.921,1.0333333333333334
boulder-63381,BOULDER / CARPENTER PARK1,boulder-carpenter-park,2023-06-14 15:14:44+00:00,3.921,1.0366666666666666
boulder-134432,BOULDER / CARPENTER PARK2,boulder-carpenter-park,2023-06-14 18:04:00+00:00,0.0,0.016666666666666666
boulder-63204,BOULDER / CARPENTER PARK2,boulder-carpenter-park,2023-06-14 18:04:24+00:00,0.0,0.020555555555555556
boulder-134434,BOULDER / CARPENTER PARK1,boulder-carpenter-park,2023-06-14 18:05:00+00:00,7.708,1.5333333333333334
boulder-63205,BOULDER / CARPENTER PARK1,boulder-carpenter-park,2023-06-14 18:05:02+00:00,7.708,1.5486111111111112
boulder-134438,BOULDER / CARPENTER PARK1,boulder-carpenter-park,2023-06-14 18:07:00+00:00,11.091,3.2
boulder-63206,BOULDER / CARPENTER PARK1,boulder-carpenter-park,2023-06-14 18:07:17+00:00,11.091,3.1980555555555554
boulder-134465,BOULDER / CARPENTER PARK2,boulder-carpenter-park,2023-06-14 18:47:00+00:00,0.0,0.016666666666666666
boulder-63210,BOULDER / CARPENTER PARK2,boulder-carpenter-park,2023-06-14 18:47:25+00:00,0.0,0.015
boulder-134487,BOULDER / CARPENTER PARK2,boulder-carpenter-park,2023-06-14 19:48:00+00:00,14.688,2.4833333333333334
boulder-63216,BOULDER / CARPENTER PARK2,boulder-carpenter-park,2023-06-14 19:48:43+00:00,14.688,2.4852777777777777
boulder-134495,BOULDER / CARPENTER PARK1,boulder-carpenter-park,2023-06-14 20:12:00+00:00,4.439,0.75
boulder-63219,BOULDER / CARPENTER PARK1,boulder-carpenter-park,2023-06-14 20:12:05+00:00,4.439,0.7586111111111111
boulder-134525,BOULDER / CARPENTER PARK1,boulder-carpenter-park,2023-06-14 21:07:00+00:00,0.0,0.016666666666666666
boulder-63227,BOULDER / CARPENTER PARK1,boulder-carpenter-park,2023-06-14 21:07:17+00:00,0.0,0.02388888888888889
boulder-134533,BOULDER / CARPENTER PARK1,boulder-carpenter-park,2023-06-14 21:09:00+00:00,0.0,0.03333333333333333
boulder-63228,BOULDER / CARPENTER PARK1,boulder-carpenter-park,2023-06-14 21:09:37+00:00,0.0,0.025555555555555557
boulder-134537,BOULDER / CARPENTER PARK2,boulder-carpenter-park,2023-06-14 21:13:00+00:00,0.0,0.03333333333333333
boulder-63229,BOULDER / CARPENTER PARK2,boulder-carpenter-park,2023-06-14 21:13:54+00:00,0.0,0.020555555555555556
boulder-134541,BOULDER / CARPENTER PARK1,boulder-carpenter-park,2023-06-14 21:24:00+00:00,0.0,0.016666666666666666
boulder-63230,BOULDER / CARPENTER PARK1,boulder-carpenter-park,2023-06-14 21:24:16+00:00,0.0,0.017777777777777778
boulder-134545,BOULDER / CARPENTER PARK1,boulder-carpenter-park,2023-06-14 21:30:00+00:00,4.338,1.1833333333333333
boulder-63231,BOULDER / CARPENTER PARK1,boulder-carpenter-park,2023-06-14 21:30:14+00:00,4.338,1.1955555555555555
boulder-134566,BOULDER / CARPENTER PARK2,boulder-carpenter-park,2023-06-14 22:34:00+00:00,13.276,2.65
boulder-63235,BOULDER / CARPENTER PARK2,boulder-carpenter-park,2023-06-14 22:34:00+00:00,13.276,2.6638888888888888
boulder-134577,BOULDER / CARPENTER PARK1,boulder-carpenter-park,2023-06-14 22:38:00+00:00,3.945,1.2333333333333334
boulder-63238,BOULDER / CARPENTER PARK1,boulder-carpenter-park,2023-06-14 22:38:22+00:00,3.945,1.2397222222222222
boulder-134640,BOULDER / CARPENTER PARK1,boulder-carpenter-park,2023-06-15 00:08:00+00:00,0.0,1.3833333333333333
boulder-63294,BOULDER / CARPENTER PARK1,boulder-carpenter-park,2023-06-15 00:08:54+00:00,0.0,1.3736111111111111
boulder-134693,BOULDER / CARPENTER PARK2,boulder-carpenter-park,2023-06-15 02:42:00+00:00,1.371,0.4666666666666667
boulder-63416,BOULDER / CARPENTER PARK2,boulder-carpenter-park,2023-06-15 02:42:42+00:00,1.371,0.4686111111111111
boulder-134696,BOULDER / CARPENTER PARK2,boulder-carpenter-park,2023-06-15 03:11:00+00:00,0.0,0.016666666666666666
boulder-63418,BOULDER / CARPENTER PARK2,boulder-carpenter-park,2023-06-15 03:11:29+00:00,0.0,0.01611111111111111
boulder-134707,BOULDER / CARPENTER PARK2,boulder-carpenter-park,2023-06-15 03:12:00+00:00,0.416,0.15
boulder-63421,BOULDER / CARPENTER PARK2,boulder-carpenter-park,2023-06-15 03:12:31+00:00,0.416,0.14833333333333334
boulder-134761,BOULDER / CARPENTER PARK2,boulder-carpenter-park,2023-06-15 13:48:00+00:00,0.0,0.016666666666666666
boulder-63462,BOULDER / CARPENTER PARK2,boulder-carpenter-park,2023-06-15 13:48:32+00:00,0.0,0.01
boulder-134765,BOULDER / CARPENTER PARK1,boulder-carpenter-park,2023-06-15 13:49:00+00:00,0.0,0.016666666666666666
boulder-134768,BOULDER / CARPENTER PARK2,boulder-carpenter-park,2023-06-15 13:49:00+00:00,7.179,1.25
boulder-63464,BOULDER / CARPENTER PARK1,boulder-carpenter-park,2023-06-15 13:49:03+00:00,0.0,0.023333333333333334
boulder-63468,BOULDER / CARPENTER PARK2,boulder-carpenter-park,2023-06-15 13:49:18+00:00,7.179,1.2483333333333333
boulder-134778,BOULDER / CARPENTER PARK1,boulder-carpenter-park,2023-06-15 13:50:00+00:00,8.309,1.45
boulder-63471,BOULDER / CARPENTER PARK1,boulder-carpenter-park,2023-06-15 13:50:50+00:00,8.309,1.4422222222222223
boulder-134782,BOULDER / CARPENTER PARK1,boulder-carpenter-park,2023-06-15 13:55:00+00:00,0.0,0.016666666666666666
boulder-63474,BOULDER / CARPENTER PARK1,boulder-carpenter-park,2023-06-15 13:55:00+00:00,0.0,0.023055555555555555
boulder-134793,BOULDER / CARPENTER PARK1,boulder-carpenter-park,2023-06-15 14:12:00+00:00,6.424,1.1333333333333333
boulder-63483,BOULDER / CARPENTER PARK1,boulder-carpenter-park,2023-06-15 14:12:57+00:00,6.424,1.118611111111111
boulder-134849,BOULDER / CARPENTER PARK1,boulder-carpenter-park,2023-06-15 16:20:00+00:00,5.501,2.0833333333333335
boulder-63260,BOULDER / CARPENTER PARK1,boulder-carpenter-park,2023-06-15 16:20:11+00:00,5.501,2.0919444444444446
boulder-134887,BOULDER / CARPENTER PARK2,boulder-carpenter-park,2023-06-15 18:57:00+00:00,8.924,2.1
boulder-63397,BOULDER / CARPENTER PARK2,boulder-carpenter-park,2023-06-15 18:57:08+00:00,8.924,2.102222222222222
boulder-134896,BOULDER / CARPENTER PARK1,boulder-carpenter-park,2023-06-15 19:18:00+00:00,0.0,0.0
boulder-63403,BOULDER / CARPENTER PARK1,boulder-carpenter-park,2023-06-15 19:18:11+00:00,0.0,0.013055555555555556
boulder-134900,BOULDER / CARPENTER PARK1,boulder-carpenter-park,2023-06-15 19:19:00+00:00,8.246,1.5
boulder-63406,BOULDER / CARPENTER PARK1,boulder-carpenter-park,2023-06-15 19:19:12+00:00,8.246,1.5108333333333333
boulder-134922,BOULDER / CARPENTER PARK1,boulder-carpenter-park,2023-06-15 20:31:00+00:00,0.0,0.55
boulder-63422,BOULDER / CARPENTER PARK1,boulder-carpenter-park,2023-06-15 20:31:41+00:00,0.0,0.5505555555555556
boulder-134965,BOULDER / CARPENTER PARK2,boulder-carpenter-park,2023-06-15 21:40:00+00:00,1.448,0.45
boulder-63434,BOULDER / CARPENTER PARK2,boulder-carpenter-park,2023-06-15 21:40:47+00:00,1.448,0.4513888888888889
boulder-134966,BOULDER / CARPENTER PARK1,boulder-carpenter-park,2023-06-15 21:41:00+00:00,0.0,0.03333333333333333
boulder-63437,BOULDER / CARPENTER PARK1,boulder-carpenter-park,2023-06-15 21:41:01+00:00,0.0,0.03333333333333333
boulder-134989,BOULDER / CARPENTER PARK1,boulder-carpenter-park,2023-06-15 23:05:00+00:00,0.0,0.016666666666666666
boulder-63458,BOULDER / CARPENTER PARK1,boulder-carpenter-park,2023-06-15 23:05:16+00:00,0.0,0.01861111111111111
boulder-134994,BOULDER / CARPENTER PARK1,boulder-carpenter-park,2023-06-15 23:06:00+00:00,0.0,0.016666666666666666
boulder-63463,BOULDER / CARPENTER PARK1,boulder-carpenter-park,2023-06-15 23:06:44+00:00,0.0,0.014722222222222222
boulder-134997,BOULDER / CARPENTER PARK1,boulder-carpenter-park,2023-06-15 23:07:00+00:00,21.216,3.6333333333333333
boulder-63467,BOULDER / CARPENTER PARK1,boulder-carpenter-park,2023-06-15 23:07:57+00:00,21.216,3.6255555555555556
boulder-135009,BOULDER / CARPENTER PARK2,boulder-carpenter-park,2023-06-15 23:17:00+00:00,2.064,0.5666666666666667
boulder-63476,BOULDER / CARPENTER PARK2,boulder-carpenter-park,2023-06-15 23:17:38+00:00,2.064,0.5619444444444445
boulder-135052,BOULDER / CARPENTER PARK2,boulder-carpenter-park,2023-06-16 00:20:00+00:00,6.942,1.2
boulder-63506,BOULDER / CARPENTER PARK2,boulder-carpenter-park,2023-06-16 00:20:56+00:00,6.942,1.1888888888888889
boulder-135095,BOULDER / CARPENTER PARK2,boulder-carpenter-park,2023-06-16 11:55:00+00:00,6.76,1.15
boulder-63560,BOULDER / CARPENTER PARK2,boulder-carpenter-park,2023-06-16 11:55:18+00:00,6.76,1.1594444444444445
boulder-135118,BOULDER / CARPENTER PARK1,boulder-carpenter-park,2023-06-16 13:50:00+00:00,12.878,4.033333333333333
boulder-63567,BOULDER / CARPENTER PARK1,boulder-carpenter-park,2023-06-16 13:50:30+00:00,12.878,4.033888888888889
boulder-135132,BOULDER / CARPENTER PARK2,boulder-carpenter-park,2023-06-16 14:28:00+00:00,9.353,4.983333333333333
boulder-63574,BOULDER / CARPENTER PARK2,boulder-carpenter-park,2023-06-16 14:28:19+00:00,9.353,4.9875
boulder-135140,BOULDER / CARPENTER PARK1,boulder-carpenter-park,2023-06-16 16:35:00+00:00,7.085,1.4166666666666667
boulder-63582,BOULDER / CARPENTER PARK1,boulder-carpenter-park,2023-06-16 16:35:12+00:00,7.085,1.426388888888889
boulder-135148,BOULDER / CARPENTER PARK2,boulder-carpenter-park,2023-06-16 17:33:00+00:00,0.0,0.016666666666666666
boulder-63590,BOULDER / CARPENTER PARK2,boulder-carpenter-park,2023-06-16 17:33:39+00:00,0.0,0.018333333333333333
boulder-135151,BOULDER / CARPENTER PARK1,boulder-carpenter-park,2023-06-16 18:16:00+00:00,0.0,0.016666666666666666
boulder-63593,BOULDER / CARPENTER PARK1,boulder-carpenter-park,2023-06-16 18:16:06+00:00,0.0,0.024444444444444446
boulder-135153,BOULDER / CARPENTER PARK1,boulder-carpenter-park,2023-06-16 18:17:00+00:00,0.0,0.016666666666666666
boulder-63595,BOULDER / CARPENTER PARK1,boulder-carpenter-park,2023-06-16 18:17:51+00:00,0.0,0.010277777777777778
boulder-135154,BOULDER / CARPENTER PARK1,boulder-carpenter-park,2023-06-16 18:18:00+00:00,0.0,0.016666666666666666
boulder-63596,BOULDER / CARPENTER PARK1,boulder-carpenter-park,2023-06-16 18:18:34+00:00,0.0,0.019444444444444445
boulder-135155,BOULDER / CARPENTER PARK1,boulder-carpenter-park,2023-06-16 18:19:00+00:00,0.0,0.03333333333333333
boulder-63597,BOULDER / CARPENTER PARK1,boulder-carpenter-park,2023-06-16 18:19:55+00:00,0.0,0.029166666666666667
boulder-135156,BOULDER / CARPENTER PARK1,boulder-carpenter-park,2023-06-16 18:22:00+00:00,0.0,0.016666666666666666
boulder-63598,BOULDER / CARPENTER PARK1,boulder-carpenter-park,2023-06-16 18:22:16+00:00,0.0,0.02
boulder-135182,BOULDER / CARPENTER PARK1,boulder-carpenter-park,2023-06-16 18:23:00+00:00,21.8,3.783333333333333
boulder-63599,BOULDER / CARPENTER PARK1,boulder-carpenter-park,2023-06-16 18:23:37+00:00,21.8,3.788611111111111
boulder-133222,BOULDER / CARPENTER PARK2,boulder-carpenter-park,2023-06-16 20:35:00+00:00,2.426,0.65
boulder-63275,BOULDER / CARPENTER PARK2,boulder-carpenter-park,2023-06-16 20:35:02+00:00,2.426,0.6613888888888889
boulder-133302,BOULDER / CARPENTER PARK2,boulder-carpenter-park,2023-06-17 01:56:00+00:00,0.193,1.3166666666666667
boulder-63296,BOULDER / CARPENTER PARK2,boulder-carpenter-park,2023-06-17 01:56:28+00:00,0.193,1.3222222222222222
boulder-133312,BOULDER / CARPENTER PARK2,boulder-carpenter-park,2023-06-17 03:48:00+00:00,17.142,2.95
boulder-63299,BOULDER / CARPENTER PARK2,boulder-carpenter-park,2023-06-17 03:48:08+00:00,17.142,2.960277777777778
boulder-133345,BOULDER / CARPENTER PARK1,boulder-carpenter-park,2023-06-17 13:33:00+00:00,5.017,6.3
boulder-63305,BOULDER / CARPENTER PARK1,boulder-carpenter-park,2023-06-17 13:33:15+00:00,5.017,6.310277777777777
boulder-133354,BOULDER / CARPENTER PARK2,boulder-carpenter-park,2023-06-17 13:56:00+00:00,6.778,1.1666666666666667
boulder-63308,BOULDER / CARPENTER PARK2,boulder-carpenter-park,2023-06-17 13:56:22+00:00,6.778,1.165
boulder-133358,BOULDER / CARPENTER PARK1,boulder-carpenter-park,2023-06-17 13:59:00+00:00,10.526,1.8666666666666667
boulder-63309,BOULDER / CARPENTER PARK1,boulder-carpenter-park,2023-06-17 13:59:57+00:00,10.526,1.8558333333333332
boulder-133395,BOULDER / CARPENTER PARK1,boulder-carpenter-park,2023-06-17 16:09:00+00:00,0.0,1.9833333333333334
boulder-63344,BOULDER / CARPENTER PARK1,boulder-carpenter-park,2023-06-17 16:09:44+00:00,0.0,1.9791666666666667
boulder-133418,BOULDER / CARPENTER PARK2,boulder-carpenter-park,2023-06-17 16:59:00+00:00,1.674,0.5166666666666667
boulder-63522,BOULDER / CARPENTER PARK2,boulder-carpenter-park,2023-06-17 16:59:39+00:00,1.674,0.5075
boulder-133483,BOULDER / CARPENTER PARK2,boulder-carpenter-park,2023-06-17 20:16:00+00:00,2.215,1.3
boulder-63539,BOULDER / CARPENTER PARK2,boulder-carpenter-park,2023-06-17 20:16:57+00:00,2.215,1.2902777777777779
boulder-133507,BOULDER / CARPENTER PARK1,boulder-carpenter-park,2023-06-17 21:12:00+00:00,0.0,0.03333333333333333
boulder-63545,BOULDER / CARPENTER PARK1,boulder-carpenter-park,2023-06-17 21:12:00+00:00,0.0,0.045
boulder-133514,BOULDER / CARPENTER PARK1,boulder-carpenter-park,2023-06-17 21:15:00+00:00,0.0,0.05
boulder-63547,BOULDER / CARPENTER PARK1,boulder-carpenter-park,2023-06-17 21:15:23+00:00,0.0,0.04555555555555556
boulder-133520,BOULDER / CARPENTER PARK1,boulder-carpenter-park,2023-06-17 21:19:00+00:00,0.0,0.03333333333333333
boulder-63549,BOULDER / CARPENTER PARK1,boulder-carpenter-park,2023-06-17 21:19:52+00:00,0.0,0.03333333333333333
boulder-133524,BOULDER / CARPENTER PARK1,boulder-carpenter-park,2023-06-17 21:21:00+00:00,0.0,0.03333333333333333
boulder-63550,BOULDER / CARPENTER PARK1,boulder-carpenter-park,2023-06-17 21:21:59+00:00,0.0,0.03333333333333333
boulder-133536,BOULDER / CARPENTER PARK1,boulder-carpenter-park,2023-06-17 21:37:00+00:00,0.0,0.016666666666666666
boulder-63553,BOULDER / CARPENTER PARK1,boulder-carpenter-park,2023-06-17 21:37:07+00:00,0.0,0.030833333333333334
boulder-133539,BOULDER / CARPENTER PARK2,boulder-carpenter-park,2023-06-17 21:38:00+00:00,14.849,3.2333333333333334
boulder-63554,BOULDER / CARPENTER PARK2,boulder-carpenter-park,2023-06-17 21:38:12+00:00,14.849,3.245277777777778
boulder-133543,BOULDER / CARPENTER PARK1,boulder-carpenter-park,2023-06-17 21:39:00+00:00,4.104,0.7166666666666667
boulder-63555,BOULDER / CARPENTER PARK1,boulder-carpenter-park,2023-06-17 21:39:22+00:00,4.104,0.7133333333333334
boulder-133555,BOULDER / CARPENTER PARK1,boulder-carpenter-park,2023-06-17 22:03:00+00:00,0.0,0.0
boulder-63558,BOULDER / CARPENTER PARK1,boulder-carpenter-park,2023-06-17 22:03:18+00:00,0.0,0.010833333333333334
boulder-133564,BOULDER / CARPENTER PARK1,boulder-carpenter-park,2023-06-17 22:24:00+00:00,0.556,0.1
boulder-63602,BOULDER / CARPENTER PARK1,boulder-carpenter-park,2023-06-17 22:24:23+00:00,0.556,0.1075
boulder-133593,BOULDER / CARPENTER PARK1,boulder-carpenter-park,2023-06-17 22:43:00+00:00,6.656,1.8333333333333333
boulder-63609,BOULDER / CARPENTER PARK1,boulder-carpenter-park,2023-06-17 22:43:10+00:00,6.656,1.835
boulder-133624,BOULDER / CARPENTER PARK1,boulder-carpenter-park,2023-06-18 00:43:00+00:00,2.281,0.5166666666666667
boulder-63648,BOULDER / CARPENTER PARK1,boulder-carpenter-park,2023-06-18 00:43:24+00:00,2.281,0.5244444444444445
boulder-133679,BOULDER / CARPENTER PARK2,boulder-carpenter-park,2023-06-18 14:41:00+00:00,6.3,1.0833333333333333
boulder-63821,BOULDER / CARPENTER PARK2,boulder-carpenter-park,2023-06-18 14:41:10+00:00,6.3,1.0927777777777778
boulder-133682,BOULDER / CARPENTER PARK1,boulder-carpenter-park,2023-06-18 14:47:00+00:00,7.013,1.3333333333333333
boulder-63826,BOULDER / CARPENTER PARK1,boulder-carpenter-park,2023-06-18 14:47:10+00:00,7.013,1.3391666666666666
boulder-133684,BOULDER / CARPENTER PARK1,boulder-carpenter-park,2023-06-18 15:00:00+00:00,5.064,1.75
boulder-63830,BOULDER / CARPENTER PARK1,boulder-carpenter-park,2023-06-18 15:00:42+00:00,5.064,1.7397222222222222
boulder-133704,BOULDER / CARPENTER PARK1,boulder-carpenter-park,2023-06-18 16:13:00+00:00,0.0,0.03333333333333333
boulder-63862,BOULDER / CARPENTER PARK1,boulder-carpenter-park,2023-06-18 16:13:31+00:00,0.0,0.03333333333333333
boulder-133707,BOULDER / CARPENTER PARK1,boulder-carpenter-park,2023-06-18 16:15:00+00:00,0.0,0.03333333333333333
boulder-63868,BOULDER / CARPENTER PARK1,boulder-carpenter-park,2023-06-18 16:15:40+00:00,0.0,0.03305555555555555
boulder-133740,BOULDER / CARPENTER PARK1,boulder-carpenter-park,2023-06-18 17:51:00+00:00,11.544,2.033333333333333
boulder-63934,BOULDER / CARPENTER PARK1,boulder-carpenter-park,2023-06-18 17:51:32+00:00,11.544,2.036388888888889
boulder-133752,BOULDER / CARPENTER PARK2,boulder-carpenter-park,2023-06-18 18:13:00+00:00,0.0,0.0
boulder-63949,BOULDER / CARPENTER PARK2,boulder-carpenter-park,2023-06-18 18:13:08+00:00,0.0,0.010833333333333334
boulder-133755,BOULDER / CARPENTER PARK2,boulder-carpenter-park,2023-06-18 18:14:00+00:00,9.591,1.65
boulder-63953,BOULDER / CARPENTER PARK2,boulder-carpenter-park,2023-06-18 18:14:03+00:00,9.591,1.6516666666666666
boulder-133759,BOULDER / CARPENTER PARK2,boulder-carpenter-park,2023-06-18 18:17:00+00:00,0.0,0.8333333333333334
boulder-63955,BOULDER / CARPENTER PARK2,boulder-carpenter-park,2023-06-18 18:17:45+00:00,0.0,0.835
boulder-133782,BOULDER / CARPENTER PARK1,boulder-carpenter-park,2023-06-18 19:29:00+00:00,0.0,0.05
boulder-63717,BOULDER / CARPENTER PARK1,boulder-carpenter-park,2023-06-18 19:29:03+00:00,0.0,0.058333333333333334
boulder-133802,BOULDER / CARPENTER PARK2,boulder-carpenter-park,2023-06-18 20:13:00+00:00,0.0,0.016666666666666666
boulder-63783,BOULDER / CARPENTER PARK2,boulder-carpenter-park,2023-06-18 20:13:53+00:00,0.0,0.012222222222222223
boulder-133804,BOULDER / CARPENTER PARK2,boulder-carpenter-park,2023-06-18 20:14:00+00:00,0.136,0.05
boulder-63788,BOULDER / CARPENTER PARK2,boulder-carpenter-park,2023-06-18 20:14:55+00:00,0.136,0.04777777777777778
boulder-133808,BOULDER / CARPENTER PARK2,boulder-carpenter-park,2023-06-18 20:18:00+00:00,3.824,1.2166666666666666
boulder-63794,BOULDER / CARPENTER PARK2,boulder-carpenter-park,2023-06-18 20:18:38+00:00,3.824,1.2172222222222222
boulder-133812,BOULDER / CARPENTER PARK1,boulder-carpenter-park,2023-06-18 20:27:00+00:00,9.008,2.816666666666667
boulder-63806,BOULDER / CARPENTER PARK1,boulder-carpenter-park,2023-06-18 20:27:58+00:00,9.008,2.8005555555555555
boulder-133824,BOULDER / CARPENTER PARK1,boulder-carpenter-park,2023-06-18 20:41:00+00:00,0.0,0.03333333333333333
boulder-63823,BOULDER / CARPENTER PARK1,boulder-carpenter-park,2023-06-18 20:41:50+00:00,0.0,0.03333333333333333
boulder-133827,BOULDER / CARPENTER PARK2,boulder-carpenter-park,2023-06-18 20:42:00+00:00,0.0,0.016666666666666666
boulder-63829,BOULDER / CARPENTER PARK2,boulder-carpenter-park,2023-06-18 20:42:02+00:00,0.0,0.03194444444444444
boulder-133830,BOULDER / CARPENTER PARK1,boulder-carpenter-park,2023-06-18 20:44:00+00:00,0.0,0.03333333333333333
boulder-133833,BOULDER / CARPENTER PARK2,boulder-carpenter-park,2023-06-18 20:44:00+00:00,0.0,0.03333333333333333
boulder-63835,BOULDER / CARPENTER PARK1,boulder-carpenter-park,2023-06-18 20:44:24+00:00,0.0,0.03305555555555555
boulder-63841,BOULDER / CARPENTER PARK2,boulder-carpenter-park,2023-06-18 20:44:36+00:00,0.0,0.03027777777777778
boulder-133837,BOULDER / CARPENTER PARK1,boulder-carpenter-park,2023-06-18 20:46:00+00:00,0.0,0.03333333333333333
boulder-63846,BOULDER / CARPENTER PARK1,boulder-carpenter-park,2023-06-18 20:46:49+00:00,0.0,0.03333333333333333
boulder-133841,BOULDER / CARPENTER PARK2,boulder-carpenter-park,2023-06-18 20:47:00+00:00,0.0,1.5833333333333333
boulder-63852,BOULDER / CARPENTER PARK2,boulder-carpenter-park,2023-06-18 20:47:19+00:00,0.0,1.5925
boulder-133873,BOULDER / CARPENTER PARK2,boulder-carpenter-park,2023-06-18 21:36:00+00:00,20.68,3.55
boulder-63914,BOULDER / CARPENTER PARK2,boulder-carpenter-park,2023-06-18 21:36:30+00:00,20.68,3.555277777777778
boulder-133881,BOULDER / CARPENTER PARK1,boulder-carpenter-park,2023-06-18 22:21:00+00:00,0.0,0.03333333333333333
boulder-63928,BOULDER / CARPENTER PARK1,boulder-carpenter-park,2023-06-18 22:21:44+00:00,0.0,0.023333333333333334
boulder-133912,BOULDER / CARPENTER PARK1,boulder-carpenter-park,2023-06-18 23:29:00+00:00,4.03,0.6833333333333333
boulder-63962,BOULDER / CARPENTER PARK1,boulder-carpenter-park,2023-06-18 23:29:23+00:00,4.03,0.6875
boulder-133916,BOULDER / CARPENTER PARK1,boulder-carpenter-park,2023-06-18 23:36:00+00:00,0.0,0.016666666666666666
boulder-63966,BOULDER / CARPENTER PARK1,boulder-carpenter-park,2023-06-18 23:36:54+00:00,0.0,0.016666666666666666
boulder-133945,BOULDER / CARPENTER PARK2,boulder-carpenter-park,2023-06-19 01:17:00+00:00,3.899,0.7
boulder-63987,BOULDER / CARPENTER PARK2,boulder-carpenter-park,2023-06-19 01:17:35+00:00,3.899,0.6994444444444444
boulder-133951,BOULDER / CARPENTER PARK2,boulder-carpenter-park,2023-06-19 03:06:00+00:00,17.153,2.966666666666667
boulder-63643,BOULDER / CARPENTER PARK2,boulder-carpenter-park,2023-06-19 03:06:28+00:00,17.153,2.9616666666666664
boulder-133960,BOULDER / CARPENTER PARK2,boulder-carpenter-park,2023-06-19 11:55:00+00:00,6.764,1.15
boulder-63712,BOULDER / CARPENTER PARK2,boulder-carpenter-park,2023-06-19 11:55:18+00:00,6.764,1.1608333333333334
boulder-133997,BOULDER / CARPENTER PARK2,boulder-carpenter-park,2023-06-19 13:52:00+00:00,2.717,1.0
boulder-63834,BOULDER / CARPENTER PARK2,boulder-carpenter-park,2023-06-19 13:52:44+00:00,2.717,0.9975
boulder-134005,BOULDER / CARPENTER PARK1,boulder-carpenter-park,2023-06-19 13:56:00+00:00,0.0,0.03333333333333333
boulder-63857,BOULDER / CARPENTER PARK1,boulder-carpenter-park,2023-06-19 13:56:45+00:00,0.0,0.03361111111111111
boulder-134030,BOULDER / CARPENTER PARK1,boulder-carpenter-park,2023-06-19 15:05:00+00:00,0.073,1.0333333333333334
boulder-63931,BOULDER / CARPENTER PARK1,boulder-carpenter-park,2023-06-19 15:05:18+00:00,0.073,1.0286111111111111
boulder-134049,BOULDER / CARPENTER PARK1,boulder-carpenter-park,2023-06-19 15:45:00+00:00,0.0,3.5833333333333335
boulder-63957,BOULDER / CARPENTER PARK1,boulder-carpenter-park,2023-06-19 15:45:55+00:00,0.0,3.5819444444444444
boulder-134084,BOULDER / CARPENTER PARK2,boulder-carpenter-park,2023-06-19 16:52:00+00:00,4.085,1.2666666666666666
boulder-63986,BOULDER / CARPENTER PARK2,boulder-carpenter-park,2023-06-19 16:52:39+00:00,4.085,1.2594444444444444
boulder-134088,BOULDER / CARPENTER PARK1,boulder-carpenter-park,2023-06-19 16:55:00+00:00,1.463,2.05
boulder-63988,BOULDER / CARPENTER PARK1,boulder-carpenter-park,2023-06-19 16:55:21+00:00,1.463,2.06
boulder-134140,BOULDER / CARPENTER PARK2,boulder-carpenter-park,2023-06-19 18:26:00+00:00,0.0,3.6666666666666665
boulder-64000,BOULDER / CARPENTER PARK2,boulder-carpenter-park,2023-06-19 18:26:29+00:00,0.0,3.6594444444444445
boulder-134222,BOULDER / CARPENTER PARK2,boulder-carpenter-park,2023-06-19 23:42:00+00:00,5.294,0.8833333333333333
boulder-63737,BOULDER / CARPENTER PARK2,boulder-carpenter-park,2023-06-19 23:42:37+00:00,5.294,0.8863888888888889
boulder-134271,BOULDER / CARPENTER PARK1,boulder-carpenter-park,2023-06-20 00:19:00+00:00,0.0,2.8833333333333333
boulder-63749,BOULDER / CARPENTER PARK1,boulder-carpenter-park,2023-06-20 00:19:57+00:00,0.0,2.8777777777777778
boulder-134290,BOULDER / CARPENTER PARK2,boulder-carpenter-park,2023-06-20 01:03:00+00:00,6.58,1.1166666666666667
boulder-63753,BOULDER / CARPENTER PARK2,boulder-carpenter-park,2023-06-20 01:03:26+00:00,6.58,1.1125
boulder-134298,BOULDER / CARPENTER PARK2,boulder-carpenter-park,2023-06-20 01:26:00+00:00,0.0,0.016666666666666666
boulder-63755,BOULDER / CARPENTER PARK2,boulder-carpenter-park,2023-06-20 01:26:27+00:00,0.0,0.013333333333333334
boulder-134305,BOULDER / CARPENTER PARK1,boulder-carpenter-park,2023-06-20 01:28:00+00:00,0.0,0.016666666666666666
boulder-63757,BOULDER / CARPENTER PARK1,boulder-carpenter-park,2023-06-20 01:28:52+00:00,0.0,0.01361111111111111
boulder-134325,BOULDER / CARPENTER PARK2,boulder-carpenter-park,2023-06-20 03:23:00+00:00,12.341,2.1333333333333333
boulder-63763,BOULDER / CARPENTER PARK2,boulder-carpenter-park,2023-06-20 03:23:18+00:00,12.341,2.1344444444444446
boulder-134393,BOULDER / CARPENTER PARK2,boulder-carpenter-park,2023-06-20 14:04:00+00:00,9.883,1.6666666666666667
boulder-63802,BOULDER / CARPENTER PARK2,boulder-carpenter-park,2023-06-20 14:04:50+00:00,9.883,1.656388888888889
boulder-134401,BOULDER / CARPENTER PARK1,boulder-carpenter-park,2023-06-20 14:37:00+00:00,16.983,3.0166666666666666
boulder-63810,BOULDER / CARPENTER PARK1,boulder-carpenter-park,2023-06-20 14:37:57+00:00,16.983,3.005
boulder-134411,BOULDER / CARPENTER PARK1,boulder-carpenter-park,2023-06-20 15:12:00+00:00,0.0,0.016666666666666666
boulder-63822,BOULDER / CARPENTER PARK1,boulder-carpenter-park,2023-06-20 15:12:40+00:00,0.0,0.021388888888888888
boulder-134449,BOULDER / CARPENTER PARK2,boulder-carpenter-park,2023-06-20 16:10:00+00:00,13.979,2.8
boulder-63872,BOULDER / CARPENTER PARK2,boulder-carpenter-park,2023-06-20 16:10:52+00:00,13.979,2.789722222222222
boulder-134463,BOULDER / CARPENTER PARK1,boulder-carpenter-park,2023-06-20 16:59:00+00:00,0.0,0.03333333333333333
boulder-63893,BOULDER / CARPENTER PARK1,boulder-carpenter-park,2023-06-20 16:59:44+00:00,0.0,0.021666666666666667
boulder-134467,BOULDER / CARPENTER PARK1,boulder-carpenter-park,2023-06-20 17:01:00+00:00,0.0,0.016666666666666666
boulder-63894,BOULDER / CARPENTER PARK1,boulder-carpenter-park,2023-06-20 17:01:19+00:00,0.0,0.012222222222222223
boulder-134471,BOULDER / CARPENTER PARK1,boulder-carpenter-park,2023-06-20 17:02:00+00:00,0.0,2.7
boulder-63895,BOULDER / CARPENTER PARK1,boulder-carpenter-park,2023-06-20 17:02:40+00:00,0.0,2.6997222222222224
boulder-134510,BOULDER / CARPENTER PARK1,boulder-carpenter-park,2023-06-20 18:43:00+00:00,16.066,2.7333333333333334
boulder-63905,BOULDER / CARPENTER PARK1,boulder-carpenter-park,2023-06-20 18:43:44+00:00,16.066,2.726111111111111
boulder-134561,BOULDER / CARPENTER PARK2,boulder-carpenter-park,2023-06-20 20:36:00+00:00,9.721,2.2333333333333334
boulder-63649,BOULDER / CARPENTER PARK2,boulder-carpenter-park,2023-06-20 20:36:34+00:00,9.721,2.2394444444444446
boulder-134569,BOULDER / CARPENTER PARK1,boulder-carpenter-park,2023-06-20 21:30:00+00:00,3.791,2.5833333333333335
boulder-63707,BOULDER / CARPENTER PARK1,boulder-carpenter-park,2023-06-20 21:30:24+00:00,3.791,2.585
boulder-134579,BOULDER / CARPENTER PARK2,boulder-carpenter-park,2023-06-20 21:43:00+00:00,0.0,0.03333333333333333
boulder-63721,BOULDER / CARPENTER PARK2,boulder-carpenter-park,2023-06-20 21:43:23+00:00,0.0,0.027777777777777776
boulder-134582,BOULDER / CARPENTER PARK1,boulder-carpenter-park,2023-06-20 21:53:00+00:00,13.361,2.316666666666667
boulder-63767,BOULDER / CARPENTER PARK1,boulder-carpenter-park,2023-06-20 21:53:02+00:00,13.361,2.317222222222222
boulder-134598,BOULDER / CARPENTER PARK2,boulder-carpenter-park,2023-06-20 22:54:00+00:00,1.406,0.4666666666666667
boulder-63789,BOULDER / CARPENTER PARK2,boulder-carpenter-park,2023-06-20 22:54:16+00:00,1.406,0.4688888888888889
boulder-134615,BOULDER / CARPENTER PARK2,boulder-carpenter-park,2023-06-20 23:34:00+00:00,3.347,2.3333333333333335
boulder-63819,BOULDER / CARPENTER PARK2,boulder-carpenter-park,2023-06-20 23:34:07+00:00,3.347,2.343611111111111
boulder-134648,BOULDER / CARPENTER PARK1,boulder-carpenter-park,2023-06-21 00:15:00+00:00,3.314,1.15
boulder-63866,BOULDER / CARPENTER PARK1,boulder-carpenter-park,2023-06-21 00:15:16+00:00,3.314,1.1588888888888889
boulder-134664,BOULDER / CARPENTER PARK2,boulder-carpenter-park,2023-06-21 01:24:00+00:00,0.0,0.016666666666666666
boulder-63890,BOULDER / CARPENTER PARK2,boulder-carpenter-park,2023-06-21 01:24:37+00:00,0.0,0.0125
boulder-134683,BOULDER / CARPENTER PARK1,boulder-carpenter-park,2023-06-21 01:27:00+00:00,1.922,0.5166666666666667
boulder-63921,BOULDER / CARPENTER PARK1,boulder-carpenter-park,2023-06-21 01:27:09+00:00,1.922,0.5277777777777778
boulder-134701,BOULDER / CARPENTER PARK2,boulder-carpenter-park,2023-06-21 02:13:00+00:00,9.018,1.7833333333333334
boulder-63950,BOULDER / CARPENTER PARK2,boulder-carpenter-park,2023-06-21 02:13:13+00:00,9.018,1.7883333333333333
boulder-134714,BOULDER / CARPENTER PARK2,boulder-carpenter-park,2023-06-21 11:56:00+00:00,6.523,1.1166666666666667
boulder-63967,BOULDER / CARPENTER PARK2,boulder-carpenter-park,2023-06-21 11:56:33+00:00,6.523,1.1163888888888889
boulder-134750,BOULDER / CARPENTER PARK2,boulder-carpenter-park,2023-06-21 13:47:00+00:00,11.712,2.3
boulder-63647,BOULDER / CARPENTER PARK2,boulder-carpenter-park,2023-06-21 13:47:32+00:00,11.712,2.298888888888889
boulder-134812,BOULDER / CARPENTER PARK2,boulder-carpenter-park,2023-06-21 16:11:00+00:00,10.792,4.4
boulder-63825,BOULDER / CARPENTER PARK2,boulder-carpenter-park,2023-06-21 16:11:31+00:00,10.792,4.3925
boulder-134822,BOULDER / CARPENTER PARK1,boulder-carpenter-park,2023-06-21 16:49:00+00:00,9.52,3.0833333333333335
boulder-63843,BOULDER / CARPENTER PARK1,boulder-carpenter-park,2023-06-21 16:49:24+00:00,9.52,3.0772222222222223
boulder-134826,BOULDER / CARPENTER PARK1,boulder-carpenter-park,2023-06-21 16:57:00+00:00,0.0,2.2333333333333334
boulder-63848,BOULDER / CARPENTER PARK1,boulder-carpenter-park,2023-06-21 16:57:39+00:00,0.0,2.226111111111111
boulder-134876,BOULDER / CARPENTER PARK1,boulder-carpenter-park,2023-06-21 19:20:00+00:00,11.377,1.9333333333333333
boulder-63937,BOULDER / CARPENTER PARK1,boulder-carpenter-park,2023-06-21 19:20:01+00:00,11.377,1.9388888888888889
boulder-134893,BOULDER / CARPENTER PARK2,boulder-carpenter-park,2023-06-21 20:29:00+00:00,0.0,2.183333333333333
boulder-63960,BOULDER / CARPENTER PARK2,boulder-carpenter-park,2023-06-21 20:29:01+00:00,0.0,2.1894444444444443
boulder-134901,BOULDER / CARPENTER PARK1,boulder-carpenter-park,2023-06-21 21:16:00+00:00,21.956,4.3
boulder-63968,BOULDER / CARPENTER PARK1,boulder-carpenter-park,2023-06-21 21:16:42+00:00,21.956,4.298055555555556
boulder-134905,BOULDER / CARPENTER PARK2,boulder-carpenter-park,2023-06-21 21:24:00+00:00,7.094,1.6666666666666667
boulder-63972,BOULDER / CARPENTER PARK2,boulder-carpenter-park,2023-06-21 21:24:07+00:00,7.094,1.666111111111111
boulder-134963,BOULDER / CARPENTER PARK1,boulder-carpenter-park,2023-06-21 22:45:00+00:00,0.0,0.05
boulder-63654,BOULDER / CARPENTER PARK1,boulder-carpenter-park,2023-06-21 22:45:59+00:00,0.0,0.034444444444444444
boulder-134972,BOULDER / CARPENTER PARK1,boulder-carpenter-park,2023-06-21 22:53:00+00:00,2.71,0.4666666666666667
boulder-63656,BOULDER / CARPENTER PARK1,boulder-carpenter-park,2023-06-21 22:53:33+00:00,2.71,0.47333333333333333
boulder-135051,BOULDER / CARPENTER PARK1,boulder-carpenter-park,2023-06-22 02:41:00+00:00,0.0,0.03333333333333333
boulder-63677,BOULDER / CARPENTER PARK1,boulder-carpenter-park,2023-06-22 02:41:57+00:00,0.0,0.024444444444444446
boulder-135055,BOULDER / CARPENTER PARK1,boulder-carpenter-park,2023-06-22 02:43:00+00:00,0.0,0.016666666666666666
boulder-63678,BOULDER / CARPENTER PARK1,boulder-carpenter-park,2023-06-22 02:43:42+00:00,0.0,0.015833333333333335
boulder-135059,BOULDER / CARPENTER PARK2,boulder-carpenter-park,2023-06-22 02:45:00+00:00,46.246,7.7
boulder-63679,BOULDER / CARPENTER PARK2,boulder-carpenter-park,2023-06-22 02:45:53+00:00,46.246,7.685833333333333
boulder-135094,BOULDER / CARPENTER PARK2,boulder-carpenter-park,2023-06-22 13:25:00+00:00,0.0,0.016666666666666666
boulder-63688,BOULDER / CARPENTER PARK2,boulder-carpenter-park,2023-06-22 13:25:29+00:00,0.0,0.020555555555555556
boulder-135097,BOULDER / CARPENTER PARK2,boulder-carpenter-park,2023-06-22 13:27:00+00:00,7.032,1.2166666666666666
boulder-63689,BOULDER / CARPENTER PARK2,boulder-carpenter-park,2023-06-22 13:27:07+00:00,7.032,1.2158333333333333
boulder-135100,BOULDER / CARPENTER PARK1,boulder-carpenter-park,2023-06-22 13:40:00+00:00,0.0,0.0
boulder-135103,BOULDER / CARPENTER PARK1,boulder-carpenter-park,2023-06-22 13:40:00+00:00,0.0,0.016666666666666666
boulder-63690,BOULDER / CARPENTER PARK1,boulder-carpenter-park,2023-06-22 13:40:06+00:00,0.0,0.014444444444444444
boulder-63691,BOULDER / CARPENTER PARK1,boulder-carpenter-park,2023-06-22 13:40:57+00:00,0.0,0.014166666666666666
boulder-135106,BOULDER / CARPENTER PARK1,boulder-carpenter-park,2023-06-22 13:42:00+00:00,3.396,0.6166666666666667
boulder-63692,BOULDER / CARPENTER PARK1,boulder-carpenter-park,2023-06-22 13:42:08+00:00,3.396,0.615
boulder-135109,BOULDER / CARPENTER PARK1,boulder-carpenter-park,2023-06-22 13:45:00+00:00,7.589,1.3666666666666667
boulder-63693,BOULDER / CARPENTER PARK1,boulder-carpenter-park,2023-06-22 13:45:15+00:00,7.589,1.3758333333333332
boulder-132697,BOULDER / CARPENTER PARK1,boulder-carpenter-park,2023-06-22 14:26:00+00:00,4.403,0.75
boulder-64068,BOULDER / CARPENTER PARK1,boulder-carpenter-park,2023-06-22 14:26:07+00:00,4.403,0.7513888888888889
boulder-132702,BOULDER / CARPENTER PARK2,boulder-carpenter-park,2023-06-22 14:59:00+00:00,5.573,1.0166666666666666
boulder-64144,BOULDER / CARPENTER PARK2,boulder-carpenter-park,2023-06-22 14:59:35+00:00,5.573,1.008888888888889
boulder-132704,BOULDER / CARPENTER PARK1,boulder-carpenter-park,2023-06-22 15:09:00+00:00,0.0,0.016666666666666666
boulder-64220,BOULDER / CARPENTER PARK1,boulder-carpenter-park,2023-06-22 15:09:04+00:00,0.0,0.018055555555555554
boulder-132705,BOULDER / CARPENTER PARK1,boulder-carpenter-park,2023-06-22 15:11:00+00:00,6.501,1.1333333333333333
boulder-64242,BOULDER / CARPENTER PARK1,boulder-carpenter-park,2023-06-22 15:11:47+00:00,6.501,1.1330555555555555
boulder-132710,BOULDER / CARPENTER PARK2,boulder-carpenter-park,2023-06-22 16:21:00+00:00,0.0,0.03333333333333333
boulder-64264,BOULDER / CARPENTER PARK2,boulder-carpenter-park,2023-06-22 16:21:12+00:00,0.0,0.03777777777777778
boulder-132711,BOULDER / CARPENTER PARK2,boulder-carpenter-park,2023-06-22 16:23:00+00:00,0.649,0.13333333333333333
boulder-64268,BOULDER / CARPENTER PARK2,boulder-carpenter-park,2023-06-22 16:23:41+00:00,0.649,0.12305555555555556
boulder-132712,BOULDER / CARPENTER PARK1,boulder-carpenter-park,2023-06-22 16:38:00+00:00,0.0,0.016666666666666666
boulder-64271,BOULDER / CARPENTER PARK1,boulder-carpenter-park,2023-06-22 16:38:08+00:00,0.0,0.017222222222222222
boulder-132714,BOULDER / CARPENTER PARK2,boulder-carpenter-park,2023-06-22 16:41:00+00:00,6.724,1.1666666666666667
boulder-64278,BOULDER / CARPENTER PARK2,boulder-carpenter-park,2023-06-22 16:41:12+00:00,6.724,1.1727777777777777
boulder-132736,BOULDER / CARPENTER PARK1,boulder-carpenter-park,2023-06-22 20:45:00+00:00,5.978,3.6666666666666665
boulder-64360,BOULDER / CARPENTER PARK1,boulder-carpenter-park,2023-06-22 20:45:33+00:00,5.978,3.6686111111111113
boulder-132758,BOULDER / CARPENTER PARK2,boulder-carpenter-park,2023-06-23 01:09:00+00:00,4.08,1.2666666666666666
boulder-64201,BOULDER / CARPENTER PARK2,boulder-carpenter-park,2023-06-23 01:09:24+00:00,4.08,1.268888888888889
boulder-132761,BOULDER / CARPENTER PARK2,boulder-carpenter-park,2023-06-23 11:56:00+00:00,6.287,1.0833333333333333
boulder-64204,BOULDER / CARPENTER PARK2,boulder-carpenter-park,2023-06-23 11:56:38+00:00,6.287,1.0786111111111112
boulder-132770,BOULDER / CARPENTER PARK1,boulder-carpenter-park,2023-06-23 13:55:00+00:00,0.0,0.016666666666666666
boulder-64212,BOULDER / CARPENTER PARK1,boulder-carpenter-park,2023-06-23 13:55:33+00:00,0.0,0.022222222222222223
boulder-132771,BOULDER / CARPENTER PARK2,boulder-carpenter-park,2023-06-23 13:59:00+00:00,11.036,2.15
boulder-64213,BOULDER / CARPENTER PARK2,boulder-carpenter-park,2023-06-23 13:59:02+00:00,11.036,2.1508333333333334
boulder-132799,BOULDER / CARPENTER PARK1,boulder-carpenter-park,2023-06-23 17:55:00+00:00,0.0,0.03333333333333333
boulder-64003,BOULDER / CARPENTER PARK1,boulder-carpenter-park,2023-06-23 17:55:58+00:00,0.0,0.029722222222222223
boulder-132800,BOULDER / CARPENTER PARK1,boulder-carpenter-park,2023-06-23 17:57:00+00:00,0.0,0.016666666666666666
boulder-64004,BOULDER / CARPENTER PARK1,boulder-carpenter-park,2023-06-23 17:57:59+00:00,0.0,0.011111111111111112
boulder-132821,BOULDER / CARPENTER PARK1,boulder-carpenter-park,2023-06-23 23:14:00+00:00,0.0,0.016666666666666666
boulder-64027,BOULDER / CARPENTER PARK1,boulder-carpenter-park,2023-06-23 23:14:37+00:00,0.0,0.011944444444444445
boulder-132822,BOULDER / CARPENTER PARK1,boulder-carpenter-park,2023-06-23 23:15:00+00:00,1.787,0.31666666666666665
boulder-64028,BOULDER / CARPENTER PARK1,boulder-carpenter-park,2023-06-23 23:15:34+00:00,1.787,0.31666666666666665
boulder-132823,BOULDER / CARPENTER PARK2,boulder-carpenter-park,2023-06-23 23:30:00+00:00,0.0,0.03333333333333333
boulder-64029,BOULDER / CARPENTER PARK2,boulder-carpenter-park,2023-06-23 23:30:55+00:00,0.0,0.021388888888888888
boulder-132824,BOULDER / CARPENTER PARK2,boulder-carpenter-park,2023-06-23 23:32:00+00:00,0.644,0.18333333333333332
boulder-64031,BOULDER / CARPENTER PARK2,boulder-carpenter-park,2023-06-23 23:32:21+00:00,0.644,0.1811111111111111
boulder-132825,BOULDER / CARPENTER PARK1,boulder-carpenter-park,2023-06-23 23:35:00+00:00,1.622,0.8333333333333334
boulder-64032,BOULDER / CARPENTER PARK1,boulder-carpenter-park,2023-06-23 23:35:19+00:00,1.622,0.8411111111111111
boulder-132836,BOULDER / CARPENTER PARK2,boulder-carpenter-park,2023-06-24 00:50:00+00:00,8.503,1.4333333333333333
boulder-64043,BOULDER / CARPENTER PARK2,boulder-carpenter-park,2023-06-24 00:50:27+00:00,8.503,1.4408333333333334
boulder-132838,BOULDER / CARPENTER PARK1,boulder-carpenter-park,2023-06-24 01:39:00+00:00,16.581,2.85
boulder-64045,BOULDER / CARPENTER PARK1,boulder-carpenter-park,2023-06-24 01:39:02+00:00,16.581,2.8519444444444444
boulder-132839,BOULDER / CARPENTER PARK2,boulder-carpenter-park,2023-06-24 02:27:00+00:00,0.0,0.0
boulder-64046,BOULDER / CARPENTER PARK2,boulder-carpenter-park,2023-06-24 02:27:02+00:00,0.0,0.013333333333333334
boulder-132840,BOULDER / CARPENTER PARK2,boulder-carpenter-park,2023-06-24 02:28:00+00:00,4.106,1.1
boulder-64047,BOULDER / CARPENTER PARK2,boulder-carpenter-park,2023-06-24 02:28:14+00:00,4.106,1.1052777777777778
boulder-132848,BOULDER / CARPENTER PARK1,boulder-carpenter-park,2023-06-24 13:49:00+00:00,4.741,5.883333333333334
boulder-64065,BOULDER / CARPENTER PARK1,boulder-carpenter-park,2023-06-24 13:49:57+00:00,4.741,5.872222222222222
boulder-132850,BOULDER / CARPENTER PARK2,boulder-carpenter-park,2023-06-24 14:38:00+00:00,14.792,2.5166666666666666
boulder-64127,BOULDER / CARPENTER PARK2,boulder-carpenter-park,2023-06-24 14:38:42+00:00,14.792,2.52
boulder-132851,BOULDER / CARPENTER PARK2,boulder-carpenter-park,2023-06-24 14:48:00+00:00,0.0,0.016666666666666666
boulder-64131,BOULDER / CARPENTER PARK2,boulder-carpenter-park,2023-06-24 14:48:19+00:00,0.0,0.013888888888888888
boulder-132863,BOULDER / CARPENTER PARK2,boulder-carpenter-park,2023-06-24 17:01:00+00:00,0.0,0.016666666666666666
boulder-64270,BOULDER / CARPENTER PARK2,boulder-carpenter-park,2023-06-24 17:01:30+00:00,0.0,0.023333333333333334
boulder-132864,BOULDER / CARPENTER PARK1,boulder-carpenter-park,2023-06-24 17:04:00+00:00,6.052,1.8333333333333333
boulder-64273,BOULDER / CARPENTER PARK1,boulder-carpenter-park,2023-06-24 17:04:28+00:00,6.052,1.8316666666666668
boulder-132866,BOULDER / CARPENTER PARK2,boulder-carpenter-park,2023-06-24 17:17:00+00:00,0.0,1.25
boulder-64281,BOULDER / CARPENTER PARK2,boulder-carpenter-park,2023-06-24 17:17:05+00:00,0.0,1.2608333333333333
boulder-132868,BOULDER / CARPENTER PARK2,boulder-carpenter-park,2023-06-24 17:44:00+00:00,0.0,0.0
boulder-64289,BOULDER / CARPENTER PARK2,boulder-carpenter-park,2023-06-24 17:44:34+00:00,0.0,0.005
boulder-132876,BOULDER / CARPENTER PARK2,boulder-carpenter-park,2023-06-24 18:38:00+00:00,0.0,0.016666666666666666
boulder-64327,BOULDER / CARPENTER PARK2,boulder-carpenter-park,2023-06-24 18:38:04+00:00,0.0,0.029166666666666667
boulder-132883,BOULDER / CARPENTER PARK1,boulder-carpenter-park,2023-06-24 19:09:00+00:00,0.0,0.03333333333333333
boulder-64354,BOULDER / CARPENTER PARK1,boulder-carpenter-park,2023-06-24 19:09:28+00:00,0.0,0.03361111111111111
boulder-132886,BOULDER / CARPENTER PARK1,boulder-carpenter-park,2023-06-24 19:56:00+00:00,0.519,0.1
boulder-64366,BOULDER / CARPENTER PARK1,boulder-carpenter-park,2023-06-24 19:56:35+00:00,0.519,0.09805555555555556
boulder-132888,BOULDER / CARPENTER PARK2,boulder-carpenter-park,2023-06-24 20:13:00+00:00,0.0,0.6166666666666667
boulder-64374,BOULDER / CARPENTER PARK2,boulder-carpenter-park,2023-06-24 20:13:47+00:00,0.0,0.6183333333333333
boulder-132891,BOULDER / CARPENTER PARK2,boulder-carpenter-park,2023-06-24 20:32:00+00:00,8.263,1.9666666666666666
boulder-64386,BOULDER / CARPENTER PARK2,boulder-carpenter-park,2023-06-24 20:32:50+00:00,8.263,1.968611111111111
boulder-132894,BOULDER / CARPENTER PARK2,boulder-carpenter-park,2023-06-24 20:52:00+00:00,0.0,0.016666666666666666
boulder-64395,BOULDER / CARPENTER PARK2,boulder-carpenter-park,2023-06-24 20:52:53+00:00,0.0,0.017222222222222222
boulder-132896,BOULDER / CARPENTER PARK1,boulder-carpenter-park,2023-06-24 21:09:00+00:00,0.0,1.8833333333333333
boulder-64399,BOULDER / CARPENTER PARK1,boulder-carpenter-park,2023-06-24 21:09:27+00:00,0.0,1.876111111111111
boulder-132900,BOULDER / CARPENTER PARK2,boulder-carpenter-park,2023-06-24 22:46:00+00:00,8.818,1.5
boulder-64070,BOULDER / CARPENTER PARK2,boulder-carpenter-park,2023-06-24 22:46:36+00:00,8.818,1.5033333333333334
boulder-132901,BOULDER / CARPENTER PARK1,boulder-carpenter-park,2023-06-24 22:59:00+00:00,12.14,2.1166666666666667
boulder-64071,BOULDER / CARPENTER PARK1,boulder-carpenter-park,2023-06-24 22:59:31+00:00,12.14,2.1133333333333333
boulder-132914,BOULDER / CARPENTER PARK1,boulder-carpenter-park,2023-06-25 00:22:00+00:00,0.0,0.016666666666666666
boulder-64084,BOULDER / CARPENTER PARK1,boulder-carpenter-park,2023-06-25 00:22:39+00:00,0.0,0.013055555555555556
boulder-132915,BOULDER / CARPENTER PARK2,boulder-carpenter-park,2023-06-25 00:33:00+00:00,0.0,0.5166666666666667
boulder-64085,BOULDER / CARPENTER PARK2,boulder-carpenter-park,2023-06-25 00:33:12+00:00,0.0,0.5158333333333334
boulder-132916,BOULDER / CARPENTER PARK1,boulder-carpenter-park,2023-06-25 00:37:00+00:00,7.765,1.3333333333333333
boulder-64086,BOULDER / CARPENTER PARK1,boulder-carpenter-park,2023-06-25 00:37:24+00:00,7.765,1.3422222222222222
boulder-132923,BOULDER / CARPENTER PARK2,boulder-carpenter-park,2023-06-25 02:25:00+00:00,7.847,1.35
boulder-64096,BOULDER / CARPENTER PARK2,boulder-carpenter-park,2023-06-25 02:25:46+00:00,7.847,1.3375
boulder-132935,BOULDER / CARPENTER PARK1,boulder-carpenter-park,2023-06-25 14:27:00+00:00,25.903,4.5
boulder-64108,BOULDER / CARPENTER PARK1,boulder-carpenter-park,2023-06-25 14:27:31+00:00,25.903,4.493333333333333
boulder-132943,BOULDER / CARPENTER PARK2,boulder-carpenter-park,2023-06-25 16:59:00+00:00,5.402,2.15
boulder-64116,BOULDER / CARPENTER PARK2,boulder-carpenter-park,2023-06-25 16:59:33+00:00,5.402,2.156388888888889
boulder-132946,BOULDER / CARPENTER PARK1,boulder-carpenter-park,2023-06-25 17:24:00+00:00,0.0,0.06666666666666667
boulder-64119,BOULDER / CARPENTER PARK1,boulder-carpenter-park,2023-06-25 17:24:44+00:00,0.0,0.05555555555555555
boulder-132958,BOULDER / CARPENTER PARK1,boulder-carpenter-park,2023-06-25 18:59:00+00:00,12.594,2.816666666666667
boulder-64152,BOULDER / CARPENTER PARK1,boulder-carpenter-park,2023-06-25 18:59:34+00:00,12.594,2.814722222222222
boulder-132960,BOULDER / CARPENTER PARK2,boulder-carpenter-park,2023-06-25 19:26:00+00:00,10.053,1.7333333333333334
boulder-64154,BOULDER / CARPENTER PARK2,boulder-carpenter-park,2023-06-25 19:26:30+00:00,10.053,1.7405555555555556
boulder-132961,BOULDER / CARPENTER PARK2,boulder-carpenter-park,2023-06-25 19:27:00+00:00,0.0,0.11666666666666667
boulder-64155,BOULDER / CARPENTER PARK2,boulder-carpenter-park,2023-06-25 19:27:17+00:00,0.0,0.12527777777777777
boulder-132962,BOULDER / CARPENTER PARK2,boulder-carpenter-park,2023-06-25 19:35:00+00:00,0.0,0.016666666666666666
boulder-64156,BOULDER / CARPENTER PARK2,boulder-carpenter-park,2023-06-25 19:35:05+00:00,0.0,0.020555555555555556
boulder-132963,BOULDER / CARPENTER PARK2,boulder-carpenter-park,2023-06-25 19:36:00+00:00,0.0,4.933333333333334
boulder-64157,BOULDER / CARPENTER PARK2,boulder-carpenter-park,2023-06-25 19:36:37+00:00,0.0,4.9325
boulder-132972,BOULDER / CARPENTER PARK2,boulder-carpenter-park,2023-06-25 21:22:00+00:00,9.324,1.6
boulder-64166,BOULDER / CARPENTER PARK2,boulder-carpenter-park,2023-06-25 21:22:10+00:00,9.324,1.6005555555555555
boulder-132975,BOULDER / CARPENTER PARK1,boulder-carpenter-park,2023-06-25 21:51:00+00:00,1.105,1.6166666666666667
boulder-64169,BOULDER / CARPENTER PARK1,boulder-carpenter-park,2023-06-25 21:51:43+00:00,1.105,1.6116666666666666
boulder-132991,BOULDER / CARPENTER PARK1,boulder-carpenter-park,2023-06-25 23:31:00+00:00,0.0,0.03333333333333333
boulder-64185,BOULDER / CARPENTER PARK1,boulder-carpenter-park,2023-06-25 23:31:33+00:00,0.0,0.03333333333333333
boulder-132992,BOULDER / CARPENTER PARK1,boulder-carpenter-park,2023-06-25 23:36:00+00:00,0.0,0.016666666666666666
boulder-64186,BOULDER / CARPENTER PARK1,boulder-carpenter-park,2023-06-25 23:36:04+00:00,0.0,0.0225
boulder-132993,BOULDER / CARPENTER PARK1,boulder-carpenter-park,2023-06-25 23:40:00+00:00,28.731,4.883333333333334
boulder-64187,BOULDER / CARPENTER PARK1,boulder-carpenter-park,2023-06-25 23:40:36+00:00,28.731,4.8875
boulder-132994,BOULDER / CARPENTER PARK2,boulder-carpenter-park,2023-06-25 23:50:00+00:00,11.34,2.0
boulder-64188,BOULDER / CARPENTER PARK2,boulder-carpenter-park,2023-06-25 23:50:08+00:00,11.34,1.9980555555555555
boulder-132997,BOULDER / CARPENTER PARK1,boulder-carpenter-park,2023-06-26 00:23:00+00:00,7.934,2.566666666666667
boulder-64191,BOULDER / CARPENTER PARK1,boulder-carpenter-park,2023-06-26 00:23:47+00:00,7.934,2.5680555555555555
boulder-133004,BOULDER / CARPENTER PARK2,boulder-carpenter-park,2023-06-26 01:49:00+00:00,0.0,0.03333333333333333
boulder-64145,BOULDER / CARPENTER PARK2,boulder-carpenter-park,2023-06-26 01:49:38+00:00,0.0,0.03
boulder-133005,BOULDER / CARPENTER PARK2,boulder-carpenter-park,2023-06-26 01:51:00+00:00,4.268,1.1666666666666667
boulder-64194,BOULDER / CARPENTER PARK2,boulder-carpenter-park,2023-06-26 01:51:36+00:00,4.268,1.1647222222222222
boulder-133009,BOULDER / CARPENTER PARK2,boulder-carpenter-park,2023-06-26 11:57:00+00:00,6.527,1.1166666666666667
boulder-64247,BOULDER / CARPENTER PARK2,boulder-carpenter-park,2023-06-26 11:57:35+00:00,6.527,1.1188888888888888
boulder-133018,BOULDER / CARPENTER PARK2,boulder-carpenter-park,2023-06-26 14:28:00+00:00,5.326,1.7
boulder-64283,BOULDER / CARPENTER PARK2,boulder-carpenter-park,2023-06-26 14:28:25+00:00,5.326,1.7094444444444445
boulder-133023,BOULDER / CARPENTER PARK1,boulder-carpenter-park,2023-06-26 15:05:00+00:00,0.0,0.016666666666666666
boulder-64301,BOULDER / CARPENTER PARK1,boulder-carpenter-park,2023-06-26 15:05:39+00:00,0.0,0.013888888888888888
boulder-133025,BOULDER / CARPENTER PARK1,boulder-carpenter-park,2023-06-26 15:06:00+00:00,7.038,1.2333333333333334
boulder-64309,BOULDER / CARPENTER PARK1,boulder-carpenter-park,2023-06-26 15:06:54+00:00,7.038,1.2202777777777778
boulder-133027,BOULDER / CARPENTER PARK1,boulder-carpenter-park,2023-06-26 15:23:00+00:00,0.0,0.0
boulder-64316,BOULDER / CARPENTER PARK1,boulder-carpenter-park,2023-06-26 15:23:04+00:00,0.0,0.015277777777777777
boulder-133028,BOULDER / CARPENTER PARK2,boulder-carpenter-park,2023-06-26 15:25:00+00:00,0.0,0.03333333333333333
boulder-64318,BOULDER / CARPENTER PARK2,boulder-carpenter-park,2023-06-26 15:25:17+00:00,0.0,0.03333333333333333
boulder-133035,BOULDER / CARPENTER PARK1,boulder-carpenter-park,2023-06-26 16:27:00+00:00,0.0,0.03333333333333333
boulder-64347,BOULDER / CARPENTER PARK1,boulder-carpenter-park,2023-06-26 16:27:15+00:00,0.0,0.03333333333333333
boulder-133036,BOULDER / CARPENTER PARK2,boulder-carpenter-park,2023-06-26 16:28:00+00:00,17.123,2.933333333333333
boulder-64351,BOULDER / CARPENTER PARK2,boulder-carpenter-park,2023-06-26 16:28:34+00:00,17.123,2.9347222222222222
boulder-133037,BOULDER / CARPENTER PARK1,boulder-carpenter-park,2023-06-26 16:35:00+00:00,5.258,0.9333333333333333
boulder-64355,BOULDER / CARPENTER PARK1,boulder-carpenter-park,2023-06-26 16:35:19+00:00,5.258,0.9316666666666666
boulder-133038,BOULDER / CARPENTER PARK2,boulder-carpenter-park,2023-06-26 16:41:00+00:00,0.0,0.016666666666666666
boulder-64359,BOULDER / CARPENTER PARK2,boulder-carpenter-park,2023-06-26 16:41:40+00:00,0.0,0.013888888888888888
boulder-133047,BOULDER / CARPENTER PARK1,boulder-carpenter-park,2023-06-26 17:49:00+00:00,32.633,5.716666666666667
boulder-64393,BOULDER / CARPENTER PARK1,boulder-carpenter-park,2023-06-26 17:49:45+00:00,32.633,5.715833333333333
boulder-133048,BOULDER / CARPENTER PARK1,boulder-carpenter-park,2023-06-26 18:01:00+00:00,8.212,1.8333333333333333
boulder-64396,BOULDER / CARPENTER PARK1,boulder-carpenter-park,2023-06-26 18:01:49+00:00,8.212,1.8244444444444445
boulder-133058,BOULDER / CARPENTER PARK2,boulder-carpenter-park,2023-06-26 19:28:00+00:00,0.0,2.55
boulder-64137,BOULDER / CARPENTER PARK2,boulder-carpenter-park,2023-06-26 19:28:38+00:00,0.0,2.5522222222222224
boulder-133064,BOULDER / CARPENTER PARK2,boulder-carpenter-park,2023-06-26 20:34:00+00:00,1.285,1.7833333333333334
boulder-64253,BOULDER / CARPENTER PARK2,boulder-carpenter-park,2023-06-26 20:34:13+00:00,1.285,1.7822222222222222
boulder-133071,BOULDER / CARPENTER PARK1,boulder-carpenter-park,2023-06-26 21:40:00+00:00,0.0,0.016666666666666666
boulder-64284,BOULDER / CARPENTER PARK1,boulder-carpenter-park,2023-06-26 21:40:33+00:00,0.0,0.021666666666666667
boulder-133072,BOULDER / CARPENTER PARK1,boulder-carpenter-park,2023-06-26 21:42:00+00:00,0.0,0.016666666666666666
boulder-64288,BOULDER / CARPENTER PARK1,boulder-carpenter-park,2023-06-26 21:42:40+00:00,0.0,0.008333333333333333
boulder-133084,BOULDER / CARPENTER PARK2,boulder-carpenter-park,2023-06-27 00:09:00+00:00,2.559,0.8166666666666667
boulder-64339,BOULDER / CARPENTER PARK2,boulder-carpenter-park,2023-06-27 00:09:50+00:00,2.559,0.8077777777777778
boulder-133086,BOULDER / CARPENTER PARK2,boulder-carpenter-park,2023-06-27 01:08:00+00:00,22.922,3.9
boulder-64345,BOULDER / CARPENTER PARK2,boulder-carpenter-park,2023-06-27 01:08:52+00:00,22.922,3.8994444444444443
boulder-133090,BOULDER / CARPENTER PARK1,boulder-carpenter-park,2023-06-27 02:48:00+00:00,5.819,1.0
boulder-64364,BOULDER / CARPENTER PARK1,boulder-carpenter-park,2023-06-27 02:48:24+00:00,5.819,1.0075
boulder-133095,BOULDER / CARPENTER PARK2,boulder-carpenter-park,2023-06-27 11:56:00+00:00,13.362,2.25
boulder-64387,BOULDER / CARPENTER PARK2,boulder-carpenter-park,2023-06-27 11:56:43+00:00,13.362,2.25
boulder-133119,BOULDER / CARPENTER PARK1,boulder-carpenter-park,2023-06-27 15:52:00+00:00,5.031,7.983333333333333
boulder-64568,BOULDER / CARPENTER PARK1,boulder-carpenter-park,2023-06-27 15:52:06+00:00,5.031,7.991666666666666
boulder-133128,BOULDER / CARPENTER PARK1,boulder-carpenter-park,2023-06-27 16:55:00+00:00,0.0,2.0
boulder-64577,BOULDER / CARPENTER PARK1,boulder-carpenter-park,2023-06-27 16:55:31+00:00,0.0,1.9958333333333333
boulder-133129,BOULDER / CARPENTER PARK2,boulder-carpenter-park,2023-06-27 16:58:00+00:00,0.0,0.03333333333333333
boulder-64578,BOULDER / CARPENTER PARK2,boulder-carpenter-park,2023-06-27 16:58:15+00:00,0.0,0.034444444444444444
boulder-133132,BOULDER / CARPENTER PARK2,boulder-carpenter-park,2023-06-27 17:32:00+00:00,0.0,0.016666666666666666
boulder-64581,BOULDER / CARPENTER PARK2,boulder-carpenter-park,2023-06-27 17:32:14+00:00,0.0,0.01361111111111111
boulder-133133,BOULDER / CARPENTER PARK2,boulder-carpenter-park,2023-06-27 17:35:00+00:00,0.0,0.03333333333333333
boulder-64582,BOULDER / CARPENTER PARK2,boulder-carpenter-park,2023-06-27 17:35:58+00:00,0.0,0.03305555555555555
boulder-133141,BOULDER / CARPENTER PARK2,boulder-carpenter-park,2023-06-27 19:32:00+00:00,0.0,0.016666666666666666
boulder-64590,BOULDER / CARPENTER PARK2,boulder-carpenter-park,2023-06-27 19:32:57+00:00,0.0,0.013888888888888888
boulder-133142,BOULDER / CARPENTER PARK2,boulder-carpenter-park,2023-06-27 19:33:00+00:00,6.926,16.4
boulder-64591,BOULDER / CARPENTER PARK2,boulder-carpenter-park,2023-06-27 19:33:53+00:00,6.926,16.391666666666666
boulder-133143,BOULDER / CARPENTER PARK1,boulder-carpenter-park,2023-06-27 19:56:00+00:00,0.0,0.03333333333333333
boulder-64592,BOULDER / CARPENTER PARK1,boulder-carpenter-park,2023-06-27 19:56:38+00:00,0.0,0.03333333333333333
boulder-133144,BOULDER / CARPENTER PARK1,boulder-carpenter-park,2023-06-27 19:58:00+00:00,0.0,0.03333333333333333
boulder-64593,BOULDER / CARPENTER PARK1,boulder-carpenter-park,2023-06-27 19:58:41+00:00,0.0,0.03333333333333333
boulder-133146,BOULDER / CARPENTER PARK1,boulder-carpenter-park,2023-06-27 20:01:00+00:00,0.0,0.03333333333333333
boulder-64595,BOULDER / CARPENTER PARK1,boulder-carpenter-park,2023-06-27 20:01:41+00:00,0.0,0.03333333333333333
boulder-133147,BOULDER / CARPENTER PARK2,boulder-carpenter-park,2023-06-27 20:04:00+00:00,0.0,0.016666666666666666
boulder-64596,BOULDER / CARPENTER PARK2,boulder-carpenter-park,2023-06-27 20:04:31+00:00,0.0,0.021388888888888888
boulder-133150,BOULDER / CARPENTER PARK1,boulder-carpenter-park,2023-06-27 20:35:00+00:00,0.0,0.0
boulder-133151,BOULDER / CARPENTER PARK1,boulder-carpenter-park,2023-06-27 20:35:00+00:00,0.0,0.03333333333333333
boulder-64460,BOULDER / CARPENTER PARK1,boulder-carpenter-park,2023-06-27 20:35:32+00:00,0.0,0.002777777777777778
boulder-64467,BOULDER / CARPENTER PARK1,boulder-carpenter-park,2023-06-27 20:35:57+00:00,0.0,0.02
boulder-133152,BOULDER / CARPENTER PARK1,boulder-carpenter-park,2023-06-27 20:37:00+00:00,8.747,2.3333333333333335
boulder-64476,BOULDER / CARPENTER PARK1,boulder-carpenter-park,2023-06-27 20:37:42+00:00,8.747,2.3255555555555554
boulder-133167,BOULDER / CARPENTER PARK1,boulder-carpenter-park,2023-06-27 23:09:00+00:00,0.0,0.03333333333333333
boulder-64641,BOULDER / CARPENTER PARK1,boulder-carpenter-park,2023-06-27 23:09:44+00:00,0.0,0.03305555555555555
boulder-133197,BOULDER / CARPENTER PARK2,boulder-carpenter-park,2023-06-28 11:57:00+00:00,8.376,1.85
boulder-64773,BOULDER / CARPENTER PARK2,boulder-carpenter-park,2023-06-28 11:57:12+00:00,8.376,1.8577777777777778
boulder-133236,BOULDER / CARPENTER PARK2,boulder-carpenter-park,2023-06-28 13:52:00+00:00,5.816,0.9833333333333333
boulder-64415,BOULDER / CARPENTER PARK2,boulder-carpenter-park,2023-06-28 13:52:52+00:00,5.816,0.9713888888888889
boulder-133271,BOULDER / CARPENTER PARK1,boulder-carpenter-park,2023-06-28 14:53:00+00:00,3.954,0.6833333333333333
boulder-64423,BOULDER / CARPENTER PARK1,boulder-carpenter-park,2023-06-28 14:53:54+00:00,3.954,0.6769444444444445
boulder-133286,BOULDER / CARPENTER PARK2,boulder-carpenter-park,2023-06-28 15:11:00+00:00,0.0,0.0
boulder-133289,BOULDER / CARPENTER PARK2,boulder-carpenter-park,2023-06-28 15:11:00+00:00,7.272,1.2666666666666666
boulder-64427,BOULDER / CARPENTER PARK2,boulder-carpenter-park,2023-06-28 15:11:04+00:00,0.0,0.01
boulder-64428,BOULDER / CARPENTER PARK2,boulder-carpenter-park,2023-06-28 15:11:43+00:00,7.272,1.2569444444444444
boulder-133300,BOULDER / CARPENTER PARK1,boulder-carpenter-park,2023-06-28 15:43:00+00:00,4.989,3.466666666666667
boulder-64433,BOULDER / CARPENTER PARK1,boulder-carpenter-park,2023-06-28 15:43:48+00:00,4.989,3.4605555555555556
boulder-133321,BOULDER / CARPENTER PARK2,boulder-carpenter-park,2023-06-28 16:49:00+00:00,18.052,3.1
boulder-64439,BOULDER / CARPENTER PARK2,boulder-carpenter-park,2023-06-28 16:49:29+00:00,18.052,3.1041666666666665
boulder-133337,BOULDER / CARPENTER PARK1,boulder-carpenter-park,2023-06-28 18:46:00+00:00,0.0,0.016666666666666666
boulder-64445,BOULDER / CARPENTER PARK1,boulder-carpenter-park,2023-06-28 18:46:15+00:00,0.0,0.012777777777777779
boulder-133344,BOULDER / CARPENTER PARK1,boulder-carpenter-park,2023-06-28 19:08:00+00:00,0.0,0.03333333333333333
boulder-133348,BOULDER / CARPENTER PARK2,boulder-carpenter-park,2023-06-28 19:08:00+00:00,0.0,0.11666666666666667
boulder-64447,BOULDER / CARPENTER PARK1,boulder-carpenter-park,2023-06-28 19:08:02+00:00,0.0,0.04055555555555555
boulder-64448,BOULDER / CARPENTER PARK2,boulder-carpenter-park,2023-06-28 19:08:42+00:00,0.0,0.12027777777777778
boulder-133351,BOULDER / CARPENTER PARK1,boulder-carpenter-park,2023-06-28 19:10:00+00:00,0.0,0.016666666666666666
boulder-64449,BOULDER / CARPENTER PARK1,boulder-carpenter-park,2023-06-28 19:10:47+00:00,0.0,0.0077777777777777776
boulder-133355,BOULDER / CARPENTER PARK1,boulder-carpenter-park,2023-06-28 19:11:00+00:00,9.3,3.25
boulder-64450,BOULDER / CARPENTER PARK1,boulder-carpenter-park,2023-06-28 19:11:32+00:00,9.3,3.2416666666666667
boulder-133359,BOULDER / CARPENTER PARK1,boulder-carpenter-park,2023-06-28 19:13:00+00:00,0.0,4.5
boulder-64451,BOULDER / CARPENTER PARK1,boulder-carpenter-park,2023-06-28 19:13:03+00:00,0.0,4.505833333333333
boulder-133406,BOULDER / CARPENTER PARK2,boulder-carpenter-park,2023-06-28 22:38:00+00:00,0.0,0.016666666666666666
boulder-64609,BOULDER / CARPENTER PARK2,boulder-carpenter-park,2023-06-28 22:38:02+00:00,0.0,0.02861111111111111
boulder-133410,BOULDER / CARPENTER PARK2,boulder-carpenter-park,2023-06-28 22:39:00+00:00,3.459,1.0833333333333333
boulder-64614,BOULDER / CARPENTER PARK2,boulder-carpenter-park,2023-06-28 22:39:58+00:00,3.459,1.0686111111111112
boulder-133425,BOULDER / CARPENTER PARK2,boulder-carpenter-park,2023-06-28 22:57:00+00:00,0.0,0.0
boulder-133429,BOULDER / CARPENTER PARK1,boulder-carpenter-park,2023-06-28 22:57:00+00:00,7.294,1.25
boulder-64633,BOULDER / CARPENTER PARK2,boulder-carpenter-park,2023-06-28 22:57:00+00:00,0.0,0.008611111111111111
boulder-64637,BOULDER / CARPENTER PARK1,boulder-carpenter-park,2023-06-28 22:57:36+00:00,7.294,1.2441666666666666
boulder-133457,BOULDER / CARPENTER PARK2,boulder-carpenter-park,2023-06-28 23:44:00+00:00,10.694,3.5833333333333335
boulder-64665,BOULDER / CARPENTER PARK2,boulder-carpenter-park,2023-06-28 23:44:18+00:00,10.694,3.5866666666666664
boulder-133480,BOULDER / CARPENTER PARK1,boulder-carpenter-park,2023-06-29 00:35:00+00:00,4.713,1.3
boulder-64688,BOULDER / CARPENTER PARK1,boulder-carpenter-park,2023-06-29 00:35:44+00:00,4.713,1.2919444444444443
boulder-133533,BOULDER / CARPENTER PARK2,boulder-carpenter-park,2023-06-29 12:54:00+00:00,16.741,3.2666666666666666
boulder-64752,BOULDER / CARPENTER PARK2,boulder-carpenter-park,2023-06-29 12:54:23+00:00,16.741,3.2755555555555556
boulder-133575,BOULDER / CARPENTER PARK1,boulder-carpenter-park,2023-06-29 15:02:00+00:00,5.201,1.5
boulder-64404,BOULDER / CARPENTER PARK1,boulder-carpenter-park,2023-06-29 15:02:13+00:00,5.201,1.4991666666666668
boulder-133586,BOULDER / CARPENTER PARK1,boulder-carpenter-park,2023-06-29 15:31:00+00:00,13.185,4.066666666666666
boulder-64477,BOULDER / CARPENTER PARK1,boulder-carpenter-park,2023-06-29 15:31:15+00:00,13.185,4.075277777777778
boulder-133627,BOULDER / CARPENTER PARK1,boulder-carpenter-park,2023-06-29 16:46:00+00:00,0.0,0.03333333333333333
boulder-64493,BOULDER / CARPENTER PARK1,boulder-carpenter-park,2023-06-29 16:46:54+00:00,0.0,0.03305555555555555
boulder-133631,BOULDER / CARPENTER PARK2,boulder-carpenter-park,2023-06-29 16:47:00+00:00,0.086,0.03333333333333333
boulder-64494,BOULDER / CARPENTER PARK2,boulder-carpenter-park,2023-06-29 16:47:39+00:00,0.086,0.024166666666666666
boulder-133634,BOULDER / CARPENTER PARK1,boulder-carpenter-park,2023-06-29 16:50:00+00:00,14.456,2.4833333333333334
boulder-64495,BOULDER / CARPENTER PARK1,boulder-carpenter-park,2023-06-29 16:50:31+00:00,14.456,2.4808333333333334
boulder-133644,BOULDER / CARPENTER PARK2,boulder-carpenter-park,2023-06-29 17:37:00+00:00,5.559,1.75
boulder-64498,BOULDER / CARPENTER PARK2,boulder-carpenter-park,2023-06-29 17:37:08+00:00,5.559,1.753611111111111
boulder-133702,BOULDER / CARPENTER PARK1,boulder-carpenter-park,2023-06-29 20:19:00+00:00,45.734,8.3
boulder-64512,BOULDER / CARPENTER PARK1,boulder-carpenter-park,2023-06-29 20:19:38+00:00,45.734,8.301388888888889
boulder-133705,BOULDER / CARPENTER PARK2,boulder-carpenter-park,2023-06-29 20:27:00+00:00,12.628,5.616666666666666
boulder-64513,BOULDER / CARPENTER PARK2,boulder-carpenter-park,2023-06-29 20:27:22+00:00,12.628,5.615555555555556
boulder-133760,BOULDER / CARPENTER PARK1,boulder-carpenter-park,2023-06-29 23:08:00+00:00,0.0,0.016666666666666666
boulder-64529,BOULDER / CARPENTER PARK1,boulder-carpenter-park,2023-06-29 23:08:22+00:00,0.0,0.022222222222222223
boulder-133764,BOULDER / CARPENTER PARK1,boulder-carpenter-park,2023-06-29 23:09:00+00:00,0.0,0.05
boulder-64457,BOULDER / CARPENTER PARK1,boulder-carpenter-park,2023-06-29 23:09:58+00:00,0.0,0.04472222222222222
boulder-133872,BOULDER / CARPENTER PARK2,boulder-carpenter-park,2023-06-30 12:52:00+00:00,3.156,1.0
boulder-64717,BOULDER / CARPENTER PARK2,boulder-carpenter-park,2023-06-30 12:52:44+00:00,3.156,0.9883333333333333
boulder-133930,BOULDER / CARPENTER PARK1,boulder-carpenter-park,2023-06-30 15:50:00+00:00,0.317,0.31666666666666665
boulder-64792,BOULDER / CARPENTER PARK1,boulder-carpenter-park,2023-06-30 15:50:24+00:00,0.317,0.32166666666666666
boulder-133942,BOULDER / CARPENTER PARK2,boulder-carpenter-park,2023-06-30 16:08:00+00:00,6.465,1.1166666666666667
boulder-64796,BOULDER / CARPENTER PARK2,boulder-carpenter-park,2023-06-30 16:08:53+00:00,6.465,1.1122222222222222
boulder-133954,BOULDER / CARPENTER PARK1,boulder-carpenter-park,2023-06-30 16:09:00+00:00,9.544,1.7
boulder-64797,BOULDER / CARPENTER PARK1,boulder-carpenter-park,2023-06-30 16:09:55+00:00,9.544,1.6883333333333332
boulder-133971,BOULDER / CARPENTER PARK1,boulder-carpenter-park,2023-06-30 16:52:00+00:00,4.729,4.9
boulder-64406,BOULDER / CARPENTER PARK1,boulder-carpenter-park,2023-06-30 16:52:29+00:00,4.729,4.901388888888889
boulder-133996,BOULDER / CARPENTER PARK2,boulder-carpenter-park,2023-06-30 19:04:00+00:00,25.137,4.3
boulder-64555,BOULDER / CARPENTER PARK2,boulder-carpenter-park,2023-06-30 19:04:57+00:00,25.137,4.291666666666667
boulder-133999,BOULDER / CARPENTER PARK1,boulder-carpenter-park,2023-06-30 19:09:00+00:00,0.0,0.016666666666666666
boulder-64605,BOULDER / CARPENTER PARK1,boulder-carpenter-park,2023-06-30 19:09:58+00:00,0.0,0.015277777777777777
boulder-134003,BOULDER / CARPENTER PARK1,boulder-carpenter-park,2023-06-30 19:11:00+00:00,0.0,0.03333333333333333
boulder-64611,BOULDER / CARPENTER PARK1,boulder-carpenter-park,2023-06-30 19:11:03+00:00,0.0,0.0375
boulder-134011,BOULDER / CARPENTER PARK1,boulder-carpenter-park,2023-06-30 19:19:00+00:00,0.0,0.016666666666666666
boulder-64620,BOULDER / CARPENTER PARK1,boulder-carpenter-park,2023-06-30 19:19:12+00:00,0.0,0.018333333333333333
boulder-134047,BOULDER / CARPENTER PARK1,boulder-carpenter-park,2023-06-30 21:46:00+00:00,5.122,1.3166666666666667
boulder-64672,BOULDER / CARPENTER PARK1,boulder-carpenter-park,2023-06-30 21:46:23+00:00,5.122,1.321388888888889
boulder-134111,BOULDER / CARPENTER PARK1,boulder-carpenter-park,2023-07-01 01:00:00+00:00,0.779,0.25
boulder-64766,BOULDER / CARPENTER PARK1,boulder-carpenter-park,2023-07-01 01:00:32+00:00,0.779,0.2513888888888889
boulder-134114,BOULDER / CARPENTER PARK1,boulder-carpenter-park,2023-07-01 01:24:00+00:00,9.478,2.3
boulder-64769,BOULDER / CARPENTER PARK1,boulder-carpenter-park,2023-07-01 01:24:08+00:00,9.478,2.299722222222222
boulder-134148,BOULDER / CARPENTER PARK1,boulder-carpenter-park,2023-07-01 04:46:00+00:00,0.0,0.016666666666666666
boulder-64791,BOULDER / CARPENTER PARK1,boulder-carpenter-park,2023-07-01 04:46:23+00:00,0.0,0.011111111111111112
boulder-134152,BOULDER / CARPENTER PARK2,boulder-carpenter-park,2023-07-01 04:48:00+00:00,0.989,0.16666666666666666
boulder-64793,BOULDER / CARPENTER PARK2,boulder-carpenter-park,2023-07-01 04:48:38+00:00,0.989,0.17166666666666666
boulder-134174,BOULDER / CARPENTER PARK1,boulder-carpenter-park,2023-07-01 12:30:00+00:00,4.526,0.7833333333333333
boulder-64479,BOULDER / CARPENTER PARK1,boulder-carpenter-park,2023-07-01 12:30:28+00:00,4.526,0.7780555555555555
boulder-134189,BOULDER / CARPENTER PARK1,boulder-carpenter-park,2023-07-01 13:48:00+00:00,4.811,5.7
boulder-64541,BOULDER / CARPENTER PARK1,boulder-carpenter-park,2023-07-01 13:48:20+00:00,4.811,5.698888888888889
boulder-134247,BOULDER / CARPENTER PARK1,boulder-carpenter-park,2023-07-01 17:05:00+00:00,10.022,2.6666666666666665
boulder-64639,BOULDER / CARPENTER PARK1,boulder-carpenter-park,2023-07-01 17:05:13+00:00,10.022,2.6663888888888887
boulder-134288,BOULDER / CARPENTER PARK2,boulder-carpenter-park,2023-07-01 18:29:00+00:00,7.905,1.3833333333333333
boulder-64690,BOULDER / CARPENTER PARK2,boulder-carpenter-park,2023-07-01 18:29:03+00:00,7.905,1.3905555555555555
boulder-134322,BOULDER / CARPENTER PARK1,boulder-carpenter-park,2023-07-01 20:02:00+00:00,0.0,0.03333333333333333
boulder-64730,BOULDER / CARPENTER PARK1,boulder-carpenter-park,2023-07-01 20:02:44+00:00,0.0,0.03361111111111111
boulder-134342,BOULDER / CARPENTER PARK2,boulder-carpenter-park,2023-07-01 20:34:00+00:00,8.731,1.5
boulder-64765,BOULDER / CARPENTER PARK2,boulder-carpenter-park,2023-07-01 20:34:47+00:00,8.731,1.496388888888889
boulder-134350,BOULDER / CARPENTER PARK1,boulder-carpenter-park,2023-07-01 20:53:00+00:00,0.0,0.016666666666666666
boulder-64819,BOULDER / CARPENTER PARK1,boulder-carpenter-park,2023-07-01 20:53:44+00:00,0.0,0.010277777777777778
boulder-134394,BOULDER / CARPENTER PARK2,boulder-carpenter-park,2023-07-01 22:24:00+00:00,0.0,0.05
boulder-64969,BOULDER / CARPENTER PARK2,boulder-carpenter-park,2023-07-01 22:24:32+00:00,0.0,0.05277777777777778
boulder-134398,BOULDER / CARPENTER PARK2,boulder-carpenter-park,2023-07-01 22:28:00+00:00,11.971,2.05
boulder-64975,BOULDER / CARPENTER PARK2,boulder-carpenter-park,2023-07-01 22:28:14+00:00,11.971,2.0522222222222224
boulder-134474,BOULDER / CARPENTER PARK2,boulder-carpenter-park,2023-07-02 03:19:00+00:00,0.0,0.016666666666666666
boulder-65083,BOULDER / CARPENTER PARK2,boulder-carpenter-park,2023-07-02 03:19:06+00:00,0.0,0.0275
boulder-134478,BOULDER / CARPENTER PARK2,boulder-carpenter-park,2023-07-02 03:22:00+00:00,17.119,3.0
boulder-65089,BOULDER / CARPENTER PARK2,boulder-carpenter-park,2023-07-02 03:22:36+00:00,17.119,3.0058333333333334
boulder-134490,BOULDER / CARPENTER PARK1,boulder-carpenter-park,2023-07-02 04:59:00+00:00,30.113,5.1
boulder-65114,BOULDER / CARPENTER PARK1,boulder-carpenter-park,2023-07-02 04:59:00+00:00,30.113,5.115277777777778
boulder-134581,BOULDER / CARPENTER PARK1,boulder-carpenter-park,2023-07-02 17:10:00+00:00,0.0,0.0
boulder-134584,BOULDER / CARPENTER PARK1,boulder-carpenter-park,2023-07-02 17:10:00+00:00,14.654,2.5833333333333335
boulder-64981,BOULDER / CARPENTER PARK1,boulder-carpenter-park,2023-07-02 17:10:02+00:00,0.0,0.01
boulder-64987,BOULDER / CARPENTER PARK1,boulder-carpenter-park,2023-07-02 17:10:47+00:00,14.654,2.580277777777778
boulder-134588,BOULDER / CARPENTER PARK2,boulder-carpenter-park,2023-07-02 17:15:00+00:00,0.0,0.0
boulder-134592,BOULDER / CARPENTER PARK2,boulder-carpenter-park,2023-07-02 17:15:00+00:00,0.0,0.0
boulder-64993,BOULDER / CARPENTER PARK2,boulder-carpenter-park,2023-07-02 17:15:18+00:00,0.0,0.0016666666666666668
boulder-64999,BOULDER / CARPENTER PARK2,boulder-carpenter-park,2023-07-02 17:15:19+00:00,0.0,0.0
boulder-134596,BOULDER / CARPENTER PARK2,boulder-carpenter-park,2023-07-02 17:16:00+00:00,0.0,0.016666666666666666
boulder-65007,BOULDER / CARPENTER PARK2,boulder-carpenter-park,2023-07-02 17:16:38+00:00,0.0,0.018055555555555554
boulder-134608,BOULDER / CARPENTER PARK2,boulder-carpenter-park,2023-07-02 17:17:00+00:00,11.8,2.066666666666667
boulder-65018,BOULDER / CARPENTER PARK2,boulder-carpenter-park,2023-07-02 17:17:53+00:00,11.8,2.060277777777778
boulder-134634,BOULDER / CARPENTER PARK1,boulder-carpenter-park,2023-07-02 17:43:00+00:00,0.0,1.7
boulder-65056,BOULDER / CARPENTER PARK1,boulder-carpenter-park,2023-07-02 17:43:24+00:00,0.0,1.6936111111111112
boulder-134658,BOULDER / CARPENTER PARK2,boulder-carpenter-park,2023-07-02 18:46:00+00:00,0.0,0.016666666666666666
boulder-65096,BOULDER / CARPENTER PARK2,boulder-carpenter-park,2023-07-02 18:46:17+00:00,0.0,0.01361111111111111
boulder-134662,BOULDER / CARPENTER PARK2,boulder-carpenter-park,2023-07-02 18:47:00+00:00,0.0,0.016666666666666666
boulder-65101,BOULDER / CARPENTER PARK2,boulder-carpenter-park,2023-07-02 18:47:41+00:00,0.0,0.008611111111111111
boulder-134689,BOULDER / CARPENTER PARK2,boulder-carpenter-park,2023-07-02 19:30:00+00:00,4.104,2.1
boulder-65138,BOULDER / CARPENTER PARK2,boulder-carpenter-park,2023-07-02 19:30:13+00:00,4.104,2.1055555555555556
boulder-134692,BOULDER / CARPENTER PARK1,boulder-carpenter-park,2023-07-02 19:44:00+00:00,8.731,1.5
boulder-65139,BOULDER / CARPENTER PARK1,boulder-carpenter-park,2023-07-02 19:44:19+00:00,8.731,1.506388888888889
boulder-134704,BOULDER / CARPENTER PARK2,boulder-carpenter-park,2023-07-02 20:26:00+00:00,0.0,0.016666666666666666
boulder-65141,BOULDER / CARPENTER PARK2,boulder-carpenter-park,2023-07-02 20:26:06+00:00,0.0,0.023333333333333334
boulder-134708,BOULDER / CARPENTER PARK1,boulder-carpenter-park,2023-07-02 20:28:00+00:00,1.462,0.26666666666666666
boulder-65142,BOULDER / CARPENTER PARK1,boulder-carpenter-park,2023-07-02 20:28:17+00:00,1.462,0.26694444444444443
boulder-134716,BOULDER / CARPENTER PARK2,boulder-carpenter-park,2023-07-02 20:42:00+00:00,0.0,0.03333333333333333
boulder-65144,BOULDER / CARPENTER PARK2,boulder-carpenter-park,2023-07-02 20:42:39+00:00,0.0,0.02666666666666667
boulder-134728,BOULDER / CARPENTER PARK1,boulder-carpenter-park,2023-07-02 20:46:00+00:00,17.592,3.1166666666666667
boulder-65146,BOULDER / CARPENTER PARK1,boulder-carpenter-park,2023-07-02 20:46:17+00:00,17.592,3.1205555555555557
boulder-134773,BOULDER / CARPENTER PARK1,boulder-carpenter-park,2023-07-02 23:02:00+00:00,4.654,0.8333333333333334
boulder-64897,BOULDER / CARPENTER PARK1,boulder-carpenter-park,2023-07-02 23:02:39+00:00,4.654,0.8230555555555555
boulder-134784,BOULDER / CARPENTER PARK2,boulder-carpenter-park,2023-07-02 23:22:00+00:00,0.0,0.016666666666666666
boulder-64967,BOULDER / CARPENTER PARK2,boulder-carpenter-park,2023-07-02 23:22:29+00:00,0.0,0.01888888888888889
boulder-134788,BOULDER / CARPENTER PARK2,boulder-carpenter-park,2023-07-02 23:23:00+00:00,24.237,4.133333333333334
boulder-64973,BOULDER / CARPENTER PARK2,boulder-carpenter-park,2023-07-02 23:23:40+00:00,24.237,4.1375
boulder-134811,BOULDER / CARPENTER PARK1,boulder-carpenter-park,2023-07-03 01:59:00+00:00,27.749,4.75
boulder-65008,BOULDER / CARPENTER PARK1,boulder-carpenter-park,2023-07-03 01:59:44+00:00,27.749,4.739444444444445
boulder-134820,BOULDER / CARPENTER PARK2,boulder-carpenter-park,2023-07-03 03:32:00+00:00,11.966,2.05
boulder-65025,BOULDER / CARPENTER PARK2,boulder-carpenter-park,2023-07-03 03:32:38+00:00,11.966,2.042777777777778
boulder-134839,BOULDER / CARPENTER PARK2,boulder-carpenter-park,2023-07-03 11:57:00+00:00,0.0,0.0
boulder-134842,BOULDER / CARPENTER PARK2,boulder-carpenter-park,2023-07-03 11:57:00+00:00,7.619,1.3
boulder-65055,BOULDER / CARPENTER PARK2,boulder-carpenter-park,2023-07-03 11:57:00+00:00,0.0,0.005555555555555556
boulder-65061,BOULDER / CARPENTER PARK2,boulder-carpenter-park,2023-07-03 11:57:26+00:00,7.619,1.2997222222222222
boulder-134854,BOULDER / CARPENTER PARK2,boulder-carpenter-park,2023-07-03 12:37:00+00:00,0.0,0.03333333333333333
boulder-65078,BOULDER / CARPENTER PARK2,boulder-carpenter-park,2023-07-03 12:37:42+00:00,0.0,0.024722222222222222
boulder-134858,BOULDER / CARPENTER PARK2,boulder-carpenter-park,2023-07-03 12:39:00+00:00,0.0,0.016666666666666666
boulder-65084,BOULDER / CARPENTER PARK2,boulder-carpenter-park,2023-07-03 12:39:15+00:00,0.0,0.025277777777777777
boulder-134862,BOULDER / CARPENTER PARK2,boulder-carpenter-park,2023-07-03 12:41:00+00:00,0.0,1.45
boulder-65090,BOULDER / CARPENTER PARK2,boulder-carpenter-park,2023-07-03 12:41:02+00:00,0.0,1.4497222222222221
boulder-134870,BOULDER / CARPENTER PARK1,boulder-carpenter-park,2023-07-03 12:56:00+00:00,0.0,0.0
boulder-134874,BOULDER / CARPENTER PARK1,boulder-carpenter-park,2023-07-03 12:56:00+00:00,8.942,1.5833333333333333
boulder-65095,BOULDER / CARPENTER PARK1,boulder-carpenter-park,2023-07-03 12:56:08+00:00,0.0,0.010555555555555556
boulder-65100,BOULDER / CARPENTER PARK1,boulder-carpenter-park,2023-07-03 12:56:52+00:00,8.942,1.5802777777777777
boulder-134878,BOULDER / CARPENTER PARK2,boulder-carpenter-park,2023-07-03 13:16:00+00:00,0.0,0.0
boulder-65106,BOULDER / CARPENTER PARK2,boulder-carpenter-park,2023-07-03 13:16:14+00:00,0.0,0.009166666666666667
boulder-134937,BOULDER / CARPENTER PARK2,boulder-carpenter-park,2023-07-03 16:07:00+00:00,0.0,0.1
boulder-65185,BOULDER / CARPENTER PARK2,boulder-carpenter-park,2023-07-03 16:07:13+00:00,0.0,0.1075
boulder-134940,BOULDER / CARPENTER PARK1,boulder-carpenter-park,2023-07-03 16:08:00+00:00,0.0,0.03333333333333333
boulder-65188,BOULDER / CARPENTER PARK1,boulder-carpenter-park,2023-07-03 16:08:52+00:00,0.0,0.03333333333333333
boulder-134942,BOULDER / CARPENTER PARK1,boulder-carpenter-park,2023-07-03 16:13:00+00:00,0.0,0.03333333333333333
boulder-64801,BOULDER / CARPENTER PARK1,boulder-carpenter-park,2023-07-03 16:13:02+00:00,0.0,0.03361111111111111
boulder-134943,BOULDER / CARPENTER PARK1,boulder-carpenter-park,2023-07-03 16:15:00+00:00,0.0,2.216666666666667
boulder-64802,BOULDER / CARPENTER PARK1,boulder-carpenter-park,2023-07-03 16:15:20+00:00,0.0,2.216666666666667
boulder-134951,BOULDER / CARPENTER PARK2,boulder-carpenter-park,2023-07-03 17:31:00+00:00,0.0,0.016666666666666666
boulder-64825,BOULDER / CARPENTER PARK2,boulder-carpenter-park,2023-07-03 17:31:33+00:00,0.0,0.013055555555555556
boulder-134952,BOULDER / CARPENTER PARK2,boulder-carpenter-park,2023-07-03 17:32:00+00:00,3.603,1.1833333333333333
boulder-64880,BOULDER / CARPENTER PARK2,boulder-carpenter-park,2023-07-03 17:32:31+00:00,3.603,1.1825
boulder-134958,BOULDER / CARPENTER PARK2,boulder-carpenter-park,2023-07-03 18:15:00+00:00,0.0,0.016666666666666666
boulder-64960,BOULDER / CARPENTER PARK2,boulder-carpenter-park,2023-07-03 18:15:31+00:00,0.0,0.01888888888888889
boulder-134959,BOULDER / CARPENTER PARK1,boulder-carpenter-park,2023-07-03 18:17:00+00:00,12.029,2.95
boulder-64966,BOULDER / CARPENTER PARK1,boulder-carpenter-park,2023-07-03 18:17:56+00:00,12.029,2.9408333333333334
boulder-134961,BOULDER / CARPENTER PARK1,boulder-carpenter-park,2023-07-03 18:36:00+00:00,0.0,1.3166666666666667
boulder-64977,BOULDER / CARPENTER PARK1,boulder-carpenter-park,2023-07-03 18:36:13+00:00,0.0,1.3208333333333333
boulder-134971,BOULDER / CARPENTER PARK2,boulder-carpenter-park,2023-07-03 19:16:00+00:00,0.0,1.7166666666666666
boulder-64995,BOULDER / CARPENTER PARK2,boulder-carpenter-park,2023-07-03 19:16:46+00:00,0.0,1.7069444444444444
boulder-134990,BOULDER / CARPENTER PARK1,boulder-carpenter-park,2023-07-03 20:13:00+00:00,0.0,0.03333333333333333
boulder-65021,BOULDER / CARPENTER PARK1,boulder-carpenter-park,2023-07-03 20:13:04+00:00,0.0,0.03305555555555555
boulder-134996,BOULDER / CARPENTER PARK2,boulder-carpenter-park,2023-07-03 20:35:00+00:00,11.964,8.833333333333334
boulder-65029,BOULDER / CARPENTER PARK2,boulder-carpenter-park,2023-07-03 20:35:41+00:00,11.964,8.8225
boulder-135004,BOULDER / CARPENTER PARK2,boulder-carpenter-park,2023-07-03 21:09:00+00:00,0.0,0.016666666666666666
boulder-65041,BOULDER / CARPENTER PARK2,boulder-carpenter-park,2023-07-03 21:09:29+00:00,0.0,0.025
boulder-135008,BOULDER / CARPENTER PARK2,boulder-carpenter-park,2023-07-03 21:11:00+00:00,0.0,0.016666666666666666
boulder-65046,BOULDER / CARPENTER PARK2,boulder-carpenter-park,2023-07-03 21:11:09+00:00,0.0,0.020555555555555556
boulder-135017,BOULDER / CARPENTER PARK1,boulder-carpenter-park,2023-07-03 21:27:00+00:00,0.0,0.0
boulder-65058,BOULDER / CARPENTER PARK1,boulder-carpenter-park,2023-07-03 21:27:02+00:00,0.0,0.012222222222222223
boulder-135019,BOULDER / CARPENTER PARK2,boulder-carpenter-park,2023-07-03 22:29:00+00:00,0.0,0.016666666666666666
boulder-65064,BOULDER / CARPENTER PARK2,boulder-carpenter-park,2023-07-03 22:29:13+00:00,0.0,0.01611111111111111
boulder-135022,BOULDER / CARPENTER PARK1,boulder-carpenter-park,2023-07-03 23:05:00+00:00,0.0,0.016666666666666666
boulder-65069,BOULDER / CARPENTER PARK1,boulder-carpenter-park,2023-07-03 23:05:11+00:00,0.0,0.01361111111111111
boulder-135026,BOULDER / CARPENTER PARK1,boulder-carpenter-park,2023-07-03 23:07:00+00:00,4.256,1.0666666666666667
boulder-65075,BOULDER / CARPENTER PARK1,boulder-carpenter-park,2023-07-03 23:07:11+00:00,4.256,1.0697222222222222
boulder-135037,BOULDER / CARPENTER PARK1,boulder-carpenter-park,2023-07-03 23:31:00+00:00,0.0,1.3833333333333333
boulder-65092,BOULDER / CARPENTER PARK1,boulder-carpenter-park,2023-07-03 23:31:02+00:00,0.0,1.386388888888889
boulder-135065,BOULDER / CARPENTER PARK1,boulder-carpenter-park,2023-07-04 00:27:00+00:00,0.0,0.03333333333333333
boulder-65128,BOULDER / CARPENTER PARK1,boulder-carpenter-park,2023-07-04 00:27:17+00:00,0.0,0.03333333333333333
boulder-135069,BOULDER / CARPENTER PARK2,boulder-carpenter-park,2023-07-04 00:29:00+00:00,0.0,0.1
boulder-135077,BOULDER / CARPENTER PARK1,boulder-carpenter-park,2023-07-04 00:29:00+00:00,0.0,0.03333333333333333
boulder-65134,BOULDER / CARPENTER PARK2,boulder-carpenter-park,2023-07-04 00:29:25+00:00,0.0,0.09777777777777778
boulder-65158,BOULDER / CARPENTER PARK1,boulder-carpenter-park,2023-07-04 00:29:41+00:00,0.0,0.03333333333333333
boulder-135202,BOULDER / CARPENTER PARK1,boulder-carpenter-park,2023-07-04 00:31:00+00:00,0.0,0.03333333333333333
boulder-64810,BOULDER / CARPENTER PARK1,boulder-carpenter-park,2023-07-04 00:31:48+00:00,0.0,0.03333333333333333
boulder-135205,BOULDER / CARPENTER PARK1,boulder-carpenter-park,2023-07-04 00:35:00+00:00,0.0,0.03333333333333333
boulder-135209,BOULDER / CARPENTER PARK2,boulder-carpenter-park,2023-07-04 00:35:00+00:00,0.0,0.06666666666666667
boulder-64817,BOULDER / CARPENTER PARK1,boulder-carpenter-park,2023-07-04 00:35:51+00:00,0.0,0.03333333333333333
boulder-64823,BOULDER / CARPENTER PARK2,boulder-carpenter-park,2023-07-04 00:35:51+00:00,0.0,0.05305555555555556
boulder-135210,BOULDER / CARPENTER PARK1,boulder-carpenter-park,2023-07-04 00:37:00+00:00,0.0,0.03333333333333333
boulder-64876,BOULDER / CARPENTER PARK1,boulder-carpenter-park,2023-07-04 00:37:52+00:00,0.0,0.03333333333333333
boulder-135211,BOULDER / CARPENTER PARK2,boulder-carpenter-park,2023-07-04 00:39:00+00:00,0.0,1.2833333333333334
boulder-64882,BOULDER / CARPENTER PARK2,boulder-carpenter-park,2023-07-04 00:39:27+00:00,0.0,1.2758333333333334
boulder-135213,BOULDER / CARPENTER PARK1,boulder-carpenter-park,2023-07-04 00:40:00+00:00,0.0,0.03333333333333333
boulder-64895,BOULDER / CARPENTER PARK1,boulder-carpenter-park,2023-07-04 00:40:25+00:00,0.0,0.03333333333333333
boulder-135218,BOULDER / CARPENTER PARK1,boulder-carpenter-park,2023-07-04 01:27:00+00:00,0.0,0.016666666666666666
boulder-64971,BOULDER / CARPENTER PARK1,boulder-carpenter-park,2023-07-04 01:27:13+00:00,0.0,0.026944444444444444
boulder-135219,BOULDER / CARPENTER PARK1,boulder-carpenter-park,2023-07-04 01:29:00+00:00,0.0,0.016666666666666666
boulder-64982,BOULDER / CARPENTER PARK1,boulder-carpenter-park,2023-07-04 01:29:08+00:00,0.0,0.021666666666666667
boulder-135220,BOULDER / CARPENTER PARK1,boulder-carpenter-park,2023-07-04 01:30:00+00:00,0.0,0.016666666666666666
boulder-64988,BOULDER / CARPENTER PARK1,boulder-carpenter-park,2023-07-04 01:30:27+00:00,0.0,0.018055555555555554
boulder-135221,BOULDER / CARPENTER PARK1,boulder-carpenter-park,2023-07-04 01:31:00+00:00,9.364,1.6
boulder-64994,BOULDER / CARPENTER PARK1,boulder-carpenter-park,2023-07-04 01:31:34+00:00,9.364,1.5933333333333333
boulder-135225,BOULDER / CARPENTER PARK1,boulder-carpenter-park,2023-07-04 11:53:00+00:00,0.0,0.03333333333333333
boulder-135226,BOULDER / CARPENTER PARK2,boulder-carpenter-park,2023-07-04 11:53:00+00:00,11.236,2.1666666666666665
boulder-65028,BOULDER / CARPENTER PARK1,boulder-carpenter-park,2023-07-04 11:53:38+00:00,0.0,0.03333333333333333
boulder-65034,BOULDER / CARPENTER PARK2,boulder-carpenter-park,2023-07-04 11:53:58+00:00,11.236,2.1597222222222223
boulder-135235,BOULDER / CARPENTER PARK1,boulder-carpenter-park,2023-07-04 15:52:00+00:00,4.68,4.45
boulder-65103,BOULDER / CARPENTER PARK1,boulder-carpenter-park,2023-07-04 15:52:48+00:00,4.68,4.448888888888889
boulder-135237,BOULDER / CARPENTER PARK2,boulder-carpenter-park,2023-07-04 16:46:00+00:00,0.0,0.016666666666666666
boulder-65121,BOULDER / CARPENTER PARK2,boulder-carpenter-park,2023-07-04 16:46:47+00:00,0.0,0.011111111111111112
boulder-135238,BOULDER / CARPENTER PARK2,boulder-carpenter-park,2023-07-04 16:47:00+00:00,12.568,2.15
boulder-65127,BOULDER / CARPENTER PARK2,boulder-carpenter-park,2023-07-04 16:47:58+00:00,12.568,2.1461111111111113
boulder-135239,BOULDER / CARPENTER PARK1,boulder-carpenter-park,2023-07-04 16:57:00+00:00,7.615,1.7333333333333334
boulder-65133,BOULDER / CARPENTER PARK1,boulder-carpenter-park,2023-07-04 16:57:46+00:00,7.615,1.7366666666666666
boulder-135253,BOULDER / CARPENTER PARK1,boulder-carpenter-park,2023-07-04 20:51:00+00:00,0.0,0.016666666666666666
boulder-65197,BOULDER / CARPENTER PARK1,boulder-carpenter-park,2023-07-04 20:51:49+00:00,0.0,0.01361111111111111
boulder-135256,BOULDER / CARPENTER PARK2,boulder-carpenter-park,2023-07-04 23:21:00+00:00,10.833,1.8333333333333333
boulder-65200,BOULDER / CARPENTER PARK2,boulder-carpenter-park,2023-07-04 23:21:02+00:00,10.833,1.841388888888889
boulder-135267,BOULDER / CARPENTER PARK2,boulder-carpenter-park,2023-07-05 03:19:00+00:00,0.608,0.16666666666666666
boulder-64968,BOULDER / CARPENTER PARK2,boulder-carpenter-park,2023-07-05 03:19:17+00:00,0.608,0.17055555555555554
boulder-135268,BOULDER / CARPENTER PARK1,boulder-carpenter-park,2023-07-05 03:25:00+00:00,0.0,0.0
boulder-64974,BOULDER / CARPENTER PARK1,boulder-carpenter-park,2023-07-05 03:25:23+00:00,0.0,0.01
boulder-135275,BOULDER / CARPENTER PARK1,boulder-carpenter-park,2023-07-05 14:04:00+00:00,22.219,3.8666666666666667
boulder-65016,BOULDER / CARPENTER PARK1,boulder-carpenter-park,2023-07-05 14:04:50+00:00,22.219,3.8541666666666665
boulder-135282,BOULDER / CARPENTER PARK1,boulder-carpenter-park,2023-07-05 15:52:00+00:00,4.831,3.2666666666666666
boulder-65053,BOULDER / CARPENTER PARK1,boulder-carpenter-park,2023-07-05 15:52:26+00:00,4.831,3.2705555555555557
boulder-135283,BOULDER / CARPENTER PARK2,boulder-carpenter-park,2023-07-05 16:02:00+00:00,53.91,10.033333333333333
boulder-65059,BOULDER / CARPENTER PARK2,boulder-carpenter-park,2023-07-05 16:02:07+00:00,53.91,10.042777777777777
boulder-135289,BOULDER / CARPENTER PARK2,boulder-carpenter-park,2023-07-05 17:38:00+00:00,0.0,0.016666666666666666
boulder-65093,BOULDER / CARPENTER PARK2,boulder-carpenter-park,2023-07-05 17:38:25+00:00,0.0,0.018055555555555554
boulder-135308,BOULDER / CARPENTER PARK1,boulder-carpenter-park,2023-07-05 20:53:00+00:00,4.653,0.7833333333333333
boulder-64821,BOULDER / CARPENTER PARK1,boulder-carpenter-park,2023-07-05 20:53:04+00:00,4.653,0.7883333333333333
boulder-135324,BOULDER / CARPENTER PARK1,boulder-carpenter-park,2023-07-06 01:26:00+00:00,0.0,0.016666666666666666
boulder-64915,BOULDER / CARPENTER PARK1,boulder-carpenter-park,2023-07-06 01:26:53+00:00,0.0,0.015277777777777777
boulder-135331,BOULDER / CARPENTER PARK2,boulder-carpenter-park,2023-07-06 12:33:00+00:00,25.855,4.866666666666666
boulder-64922,BOULDER / CARPENTER PARK2,boulder-carpenter-park,2023-07-06 12:33:16+00:00,25.855,4.8694444444444445
boulder-135339,BOULDER / CARPENTER PARK1,boulder-carpenter-park,2023-07-06 14:51:00+00:00,32.65,5.616666666666666
boulder-64930,BOULDER / CARPENTER PARK1,boulder-carpenter-park,2023-07-06 14:51:59+00:00,32.65,5.615555555555556
boulder-135349,BOULDER / CARPENTER PARK1,boulder-carpenter-park,2023-07-06 16:24:00+00:00,11.842,2.1166666666666667
boulder-64940,BOULDER / CARPENTER PARK1,boulder-carpenter-park,2023-07-06 16:24:05+00:00,11.842,2.131388888888889
boulder-135357,BOULDER / CARPENTER PARK2,boulder-carpenter-park,2023-07-06 17:18:00+00:00,0.0,0.016666666666666666
boulder-64814,BOULDER / CARPENTER PARK2,boulder-carpenter-park,2023-07-06 17:18:04+00:00,0.0,0.021111111111111112
boulder-135358,BOULDER / CARPENTER PARK2,boulder-carpenter-park,2023-07-06 17:19:00+00:00,0.0,0.03333333333333333
boulder-64820,BOULDER / CARPENTER PARK2,boulder-carpenter-park,2023-07-06 17:19:49+00:00,0.0,0.024444444444444446
boulder-135366,BOULDER / CARPENTER PARK1,boulder-carpenter-park,2023-07-06 18:34:00+00:00,0.207,0.03333333333333333
boulder-64835,BOULDER / CARPENTER PARK1,boulder-carpenter-park,2023-07-06 18:34:27+00:00,0.207,0.04138888888888889
boulder-135370,BOULDER / CARPENTER PARK1,boulder-carpenter-park,2023-07-06 19:16:00+00:00,6.318,1.1166666666666667
boulder-64839,BOULDER / CARPENTER PARK1,boulder-carpenter-park,2023-07-06 19:16:16+00:00,6.318,1.1141666666666667
boulder-135373,BOULDER / CARPENTER PARK2,boulder-carpenter-park,2023-07-06 19:50:00+00:00,0.0,0.0
boulder-64842,BOULDER / CARPENTER PARK2,boulder-carpenter-park,2023-07-06 19:50:14+00:00,0.0,0.01
boulder-135374,BOULDER / CARPENTER PARK2,boulder-carpenter-park,2023-07-06 19:51:00+00:00,7.813,3.3833333333333333
boulder-64843,BOULDER / CARPENTER PARK2,boulder-carpenter-park,2023-07-06 19:51:05+00:00,7.813,3.3916666666666666
boulder-135379,BOULDER / CARPENTER PARK1,boulder-carpenter-park,2023-07-06 20:27:00+00:00,2.468,0.4166666666666667
boulder-64848,BOULDER / CARPENTER PARK1,boulder-carpenter-park,2023-07-06 20:27:21+00:00,2.468,0.4230555555555556
boulder-135397,BOULDER / CARPENTER PARK2,boulder-carpenter-park,2023-07-07 00:01:00+00:00,9.387,3.0833333333333335
boulder-64865,BOULDER / CARPENTER PARK2,boulder-carpenter-park,2023-07-07 00:01:09+00:00,9.387,3.0969444444444445
boulder-135399,BOULDER / CARPENTER PARK1,boulder-carpenter-park,2023-07-07 00:25:00+00:00,0.0,0.0
boulder-64867,BOULDER / CARPENTER PARK1,boulder-carpenter-park,2023-07-07 00:25:38+00:00,0.0,0.0033333333333333335
boulder-135408,BOULDER / CARPENTER PARK1,boulder-carpenter-park,2023-07-07 02:52:00+00:00,10.79,1.8333333333333333
boulder-65202,BOULDER / CARPENTER PARK1,boulder-carpenter-park,2023-07-07 02:52:21+00:00,10.79,1.8341666666666667
boulder-135410,BOULDER / CARPENTER PARK1,boulder-carpenter-park,2023-07-07 06:33:00+00:00,0.0,0.016666666666666666
boulder-65264,BOULDER / CARPENTER PARK1,boulder-carpenter-park,2023-07-07 06:33:14+00:00,0.0,0.023055555555555555
boulder-135411,BOULDER / CARPENTER PARK1,boulder-carpenter-park,2023-07-07 06:37:00+00:00,0.0,0.03333333333333333
boulder-65270,BOULDER / CARPENTER PARK1,boulder-carpenter-park,2023-07-07 06:37:09+00:00,0.0,0.03333333333333333
boulder-135412,BOULDER / CARPENTER PARK2,boulder-carpenter-park,2023-07-07 06:38:00+00:00,6.887,1.15
boulder-65275,BOULDER / CARPENTER PARK2,boulder-carpenter-park,2023-07-07 06:38:56+00:00,6.887,1.1508333333333334
boulder-135416,BOULDER / CARPENTER PARK2,boulder-carpenter-park,2023-07-07 12:11:00+00:00,8.024,1.4166666666666667
boulder-65339,BOULDER / CARPENTER PARK2,boulder-carpenter-park,2023-07-07 12:11:25+00:00,8.024,1.4130555555555555
boulder-135434,BOULDER / CARPENTER PARK2,boulder-carpenter-park,2023-07-07 16:04:00+00:00,14.119,2.5166666666666666
boulder-65461,BOULDER / CARPENTER PARK2,boulder-carpenter-park,2023-07-07 16:04:51+00:00,14.119,2.512777777777778
boulder-135437,BOULDER / CARPENTER PARK1,boulder-carpenter-park,2023-07-07 17:00:00+00:00,4.793,1.2
boulder-65484,BOULDER / CARPENTER PARK1,boulder-carpenter-park,2023-07-07 17:00:10+00:00,4.793,1.21
boulder-135444,BOULDER / CARPENTER PARK1,boulder-carpenter-park,2023-07-07 18:12:00+00:00,8.271,1.4666666666666666
boulder-65516,BOULDER / CARPENTER PARK1,boulder-carpenter-park,2023-07-07 18:12:57+00:00,8.271,1.4519444444444445
boulder-135452,BOULDER / CARPENTER PARK2,boulder-carpenter-park,2023-07-07 19:00:00+00:00,9.025,2.0
boulder-65554,BOULDER / CARPENTER PARK2,boulder-carpenter-park,2023-07-07 19:00:04+00:00,9.025,2.0130555555555554
boulder-135459,BOULDER / CARPENTER PARK1,boulder-carpenter-park,2023-07-07 20:37:00+00:00,12.695,6.483333333333333
boulder-65259,BOULDER / CARPENTER PARK1,boulder-carpenter-park,2023-07-07 20:37:13+00:00,12.695,6.489166666666667
boulder-135467,BOULDER / CARPENTER PARK1,boulder-carpenter-park,2023-07-07 22:51:00+00:00,0.0,0.03333333333333333
boulder-65435,BOULDER / CARPENTER PARK1,boulder-carpenter-park,2023-07-07 22:51:35+00:00,0.0,0.025555555555555557
boulder-135469,BOULDER / CARPENTER PARK1,boulder-carpenter-park,2023-07-07 22:53:00+00:00,0.0,0.016666666666666666
boulder-65444,BOULDER / CARPENTER PARK1,boulder-carpenter-park,2023-07-07 22:53:21+00:00,0.0,0.01611111111111111
boulder-135470,BOULDER / CARPENTER PARK2,boulder-carpenter-park,2023-07-07 22:58:00+00:00,1.703,0.3
boulder-65448,BOULDER / CARPENTER PARK2,boulder-carpenter-park,2023-07-07 22:58:30+00:00,1.703,0.3
boulder-135473,BOULDER / CARPENTER PARK2,boulder-carpenter-park,2023-07-07 23:33:00+00:00,3.275,0.55
boulder-65464,BOULDER / CARPENTER PARK2,boulder-carpenter-park,2023-07-07 23:33:36+00:00,3.275,0.5547222222222222
boulder-135476,BOULDER / CARPENTER PARK1,boulder-carpenter-park,2023-07-07 23:50:00+00:00,0.0,0.03333333333333333
boulder-65475,BOULDER / CARPENTER PARK1,boulder-carpenter-park,2023-07-07 23:50:57+00:00,0.0,0.025277777777777777
boulder-135477,BOULDER / CARPENTER PARK2,boulder-carpenter-park,2023-07-07 23:53:00+00:00,0.0,0.016666666666666666
boulder-65480,BOULDER / CARPENTER PARK2,boulder-carpenter-park,2023-07-07 23:53:47+00:00,0.0,0.016944444444444446
boulder-135486,BOULDER / CARPENTER PARK2,boulder-carpenter-park,2023-07-08 01:04:00+00:00,11.776,2.3333333333333335
boulder-65524,BOULDER / CARPENTER PARK2,boulder-carpenter-park,2023-07-08 01:04:55+00:00,11.776,2.321388888888889
boulder-135487,BOULDER / CARPENTER PARK1,boulder-carpenter-park,2023-07-08 01:26:00+00:00,0.0,0.03333333333333333
boulder-65529,BOULDER / CARPENTER PARK1,boulder-carpenter-park,2023-07-08 01:26:38+00:00,0.0,0.028055555555555556
boulder-135488,BOULDER / CARPENTER PARK1,boulder-carpenter-park,2023-07-08 01:28:00+00:00,0.0,0.016666666666666666
boulder-65533,BOULDER / CARPENTER PARK1,boulder-carpenter-park,2023-07-08 01:28:47+00:00,0.0,0.019166666666666665
boulder-135489,BOULDER / CARPENTER PARK1,boulder-carpenter-park,2023-07-08 01:30:00+00:00,26.303,4.483333333333333
boulder-65537,BOULDER / CARPENTER PARK1,boulder-carpenter-park,2023-07-08 01:30:40+00:00,26.303,4.481388888888889
boulder-135496,BOULDER / CARPENTER PARK1,boulder-carpenter-park,2023-07-08 03:57:00+00:00,43.005,7.25
boulder-65569,BOULDER / CARPENTER PARK1,boulder-carpenter-park,2023-07-08 03:57:06+00:00,43.005,7.256944444444445
boulder-135497,BOULDER / CARPENTER PARK1,boulder-carpenter-park,2023-07-08 05:59:00+00:00,0.0,0.03333333333333333
boulder-65574,BOULDER / CARPENTER PARK1,boulder-carpenter-park,2023-07-08 05:59:53+00:00,0.0,0.02361111111111111
boulder-135503,BOULDER / CARPENTER PARK1,boulder-carpenter-park,2023-07-08 13:48:00+00:00,4.854,5.866666666666666
boulder-65592,BOULDER / CARPENTER PARK1,boulder-carpenter-park,2023-07-08 13:48:33+00:00,4.854,5.860555555555556
boulder-135510,BOULDER / CARPENTER PARK2,boulder-carpenter-park,2023-07-08 15:45:00+00:00,22.154,4.25
boulder-65269,BOULDER / CARPENTER PARK2,boulder-carpenter-park,2023-07-08 15:45:25+00:00,22.154,4.255833333333333
boulder-135512,BOULDER / CARPENTER PARK1,boulder-carpenter-park,2023-07-08 16:32:00+00:00,0.0,0.016666666666666666
boulder-65280,BOULDER / CARPENTER PARK1,boulder-carpenter-park,2023-07-08 16:32:29+00:00,0.0,0.020833333333333332
boulder-135513,BOULDER / CARPENTER PARK1,boulder-carpenter-park,2023-07-08 17:00:00+00:00,20.733,3.566666666666667
boulder-65330,BOULDER / CARPENTER PARK1,boulder-carpenter-park,2023-07-08 17:00:39+00:00,20.733,3.5641666666666665
boulder-135541,BOULDER / CARPENTER PARK1,boulder-carpenter-park,2023-07-08 21:04:00+00:00,0.0,0.0
boulder-65497,BOULDER / CARPENTER PARK1,boulder-carpenter-park,2023-07-08 21:04:12+00:00,0.0,0.01138888888888889
boulder-135542,BOULDER / CARPENTER PARK1,boulder-carpenter-park,2023-07-08 21:05:00+00:00,18.176,3.1666666666666665
boulder-65502,BOULDER / CARPENTER PARK1,boulder-carpenter-park,2023-07-08 21:05:18+00:00,18.176,3.1686111111111113
boulder-135545,BOULDER / CARPENTER PARK2,boulder-carpenter-park,2023-07-08 21:23:00+00:00,13.021,2.2333333333333334
boulder-65515,BOULDER / CARPENTER PARK2,boulder-carpenter-park,2023-07-08 21:23:25+00:00,13.021,2.230277777777778
boulder-135549,BOULDER / CARPENTER PARK1,boulder-carpenter-park,2023-07-08 21:58:00+00:00,0.0,0.0
boulder-65534,BOULDER / CARPENTER PARK1,boulder-carpenter-park,2023-07-08 21:58:06+00:00,0.0,0.010555555555555556
boulder-135551,BOULDER / CARPENTER PARK1,boulder-carpenter-park,2023-07-08 22:26:00+00:00,0.0,0.5166666666666667
boulder-65543,BOULDER / CARPENTER PARK1,boulder-carpenter-park,2023-07-08 22:26:26+00:00,0.0,0.5258333333333334
boulder-135560,BOULDER / CARPENTER PARK1,boulder-carpenter-park,2023-07-09 00:17:00+00:00,6.42,2.033333333333333
boulder-65273,BOULDER / CARPENTER PARK1,boulder-carpenter-park,2023-07-09 00:17:58+00:00,6.42,2.0208333333333335
boulder-135563,BOULDER / CARPENTER PARK1,boulder-carpenter-park,2023-07-09 02:19:00+00:00,0.068,0.1
boulder-65343,BOULDER / CARPENTER PARK1,boulder-carpenter-park,2023-07-09 02:19:23+00:00,0.068,0.09944444444444445
boulder-135575,BOULDER / CARPENTER PARK2,boulder-carpenter-park,2023-07-09 15:42:00+00:00,31.317,5.283333333333333
boulder-65442,BOULDER / CARPENTER PARK2,boulder-carpenter-park,2023-07-09 15:42:03+00:00,31.317,5.294722222222222
boulder-135577,BOULDER / CARPENTER PARK1,boulder-carpenter-park,2023-07-09 16:15:00+00:00,0.0,1.5666666666666667
boulder-65450,BOULDER / CARPENTER PARK1,boulder-carpenter-park,2023-07-09 16:15:17+00:00,0.0,1.5702777777777779
boulder-135582,BOULDER / CARPENTER PARK2,boulder-carpenter-park,2023-07-09 17:00:00+00:00,0.0,2.1166666666666667
boulder-65472,BOULDER / CARPENTER PARK2,boulder-carpenter-park,2023-07-09 17:00:21+00:00,0.0,2.1169444444444445
boulder-135588,BOULDER / CARPENTER PARK1,boulder-carpenter-park,2023-07-09 17:52:00+00:00,0.0,0.0
boulder-65499,BOULDER / CARPENTER PARK1,boulder-carpenter-park,2023-07-09 17:52:06+00:00,0.0,0.009722222222222222
boulder-135595,BOULDER / CARPENTER PARK1,boulder-carpenter-park,2023-07-09 19:09:00+00:00,15.156,2.6166666666666667
boulder-65532,BOULDER / CARPENTER PARK1,boulder-carpenter-park,2023-07-09 19:09:02+00:00,15.156,2.616388888888889
boulder-135604,BOULDER / CARPENTER PARK1,boulder-carpenter-park,2023-07-09 20:40:00+00:00,0.0,0.016666666666666666
boulder-65573,BOULDER / CARPENTER PARK1,boulder-carpenter-park,2023-07-09 20:40:00+00:00,0.0,0.01888888888888889
boulder-135606,BOULDER / CARPENTER PARK1,boulder-carpenter-park,2023-07-09 20:52:00+00:00,0.0,0.8
boulder-65578,BOULDER / CARPENTER PARK1,boulder-carpenter-park,2023-07-09 20:52:44+00:00,0.0,0.7933333333333333
boulder-135609,BOULDER / CARPENTER PARK2,boulder-carpenter-park,2023-07-09 21:13:00+00:00,1.777,2.45
boulder-65208,BOULDER / CARPENTER PARK2,boulder-carpenter-park,2023-07-09 21:13:46+00:00,1.777,2.4427777777777777
boulder-135611,BOULDER / CARPENTER PARK1,boulder-carpenter-park,2023-07-09 21:44:00+00:00,6.346,1.1333333333333333
boulder-65210,BOULDER / CARPENTER PARK1,boulder-carpenter-park,2023-07-09 21:44:56+00:00,6.346,1.1258333333333332
boulder-135617,BOULDER / CARPENTER PARK1,boulder-carpenter-park,2023-07-09 22:36:00+00:00,0.415,1.4833333333333334
boulder-65216,BOULDER / CARPENTER PARK1,boulder-carpenter-park,2023-07-09 22:36:42+00:00,0.415,1.4825
boulder-135627,BOULDER / CARPENTER PARK1,boulder-carpenter-park,2023-07-09 23:31:00+00:00,46.541,8.25
boulder-65226,BOULDER / CARPENTER PARK1,boulder-carpenter-park,2023-07-09 23:31:08+00:00,46.541,8.249722222222223
boulder-135628,BOULDER / CARPENTER PARK2,boulder-carpenter-park,2023-07-09 23:50:00+00:00,6.085,1.5666666666666667
boulder-65227,BOULDER / CARPENTER PARK2,boulder-carpenter-park,2023-07-09 23:50:46+00:00,6.085,1.5558333333333334
boulder-135634,BOULDER / CARPENTER PARK1,boulder-carpenter-park,2023-07-10 00:50:00+00:00,20.139,4.2
boulder-65234,BOULDER / CARPENTER PARK1,boulder-carpenter-park,2023-07-10 00:50:18+00:00,20.139,4.198333333333333
boulder-135647,BOULDER / CARPENTER PARK1,boulder-carpenter-park,2023-07-10 13:53:00+00:00,7.496,5.116666666666666
boulder-65247,BOULDER / CARPENTER PARK1,boulder-carpenter-park,2023-07-10 13:53:40+00:00,7.496,5.106944444444444
boulder-135653,BOULDER / CARPENTER PARK2,boulder-carpenter-park,2023-07-10 14:26:00+00:00,3.783,1.2
boulder-65253,BOULDER / CARPENTER PARK2,boulder-carpenter-park,2023-07-10 14:26:33+00:00,3.783,1.2069444444444444
boulder-135658,BOULDER / CARPENTER PARK1,boulder-carpenter-park,2023-07-10 15:00:00+00:00,3.146,0.55
boulder-65206,BOULDER / CARPENTER PARK1,boulder-carpenter-park,2023-07-10 15:00:42+00:00,3.146,0.55
boulder-135669,BOULDER / CARPENTER PARK2,boulder-carpenter-park,2023-07-10 16:40:00+00:00,4.053,1.3166666666666667
boulder-65408,BOULDER / CARPENTER PARK2,boulder-carpenter-park,2023-07-10 16:40:55+00:00,4.053,1.3077777777777777
boulder-135670,BOULDER / CARPENTER PARK1,boulder-carpenter-park,2023-07-10 16:45:00+00:00,21.814,3.716666666666667
boulder-65412,BOULDER / CARPENTER PARK1,boulder-carpenter-park,2023-07-10 16:45:40+00:00,21.814,3.7152777777777777
boulder-135672,BOULDER / CARPENTER PARK2,boulder-carpenter-park,2023-07-10 17:06:00+00:00,0.0,0.65
boulder-65419,BOULDER / CARPENTER PARK2,boulder-carpenter-park,2023-07-10 17:06:48+00:00,0.0,0.6455555555555555
boulder-135684,BOULDER / CARPENTER PARK2,boulder-carpenter-park,2023-07-10 19:16:00+00:00,0.0,0.016666666666666666
boulder-65489,BOULDER / CARPENTER PARK2,boulder-carpenter-park,2023-07-10 19:16:37+00:00,0.0,0.009722222222222222
boulder-135695,BOULDER / CARPENTER PARK1,boulder-carpenter-park,2023-07-10 20:48:00+00:00,13.949,3.1
boulder-65570,BOULDER / CARPENTER PARK1,boulder-carpenter-park,2023-07-10 20:48:13+00:00,13.949,3.107222222222222
boulder-135723,BOULDER / CARPENTER PARK1,boulder-carpenter-park,2023-07-11 00:37:00+00:00,3.939,2.1
boulder-65282,BOULDER / CARPENTER PARK1,boulder-carpenter-park,2023-07-11 00:37:54+00:00,3.939,2.0866666666666664
boulder-135730,BOULDER / CARPENTER PARK1,boulder-carpenter-park,2023-07-11 00:52:00+00:00,0.0,0.03333333333333333
boulder-65335,BOULDER / CARPENTER PARK1,boulder-carpenter-park,2023-07-11 00:52:45+00:00,0.0,0.03333333333333333
boulder-135734,BOULDER / CARPENTER PARK1,boulder-carpenter-park,2023-07-11 00:55:00+00:00,0.0,0.03333333333333333
boulder-65340,BOULDER / CARPENTER PARK1,boulder-carpenter-park,2023-07-11 00:55:00+00:00,0.0,0.03333333333333333
boulder-135737,BOULDER / CARPENTER PARK2,boulder-carpenter-park,2023-07-11 00:57:00+00:00,1.993,1.4833333333333334
boulder-65345,BOULDER / CARPENTER PARK2,boulder-carpenter-park,2023-07-11 00:57:21+00:00,1.993,1.4841666666666666
boulder-135744,BOULDER / CARPENTER PARK1,boulder-carpenter-park,2023-07-11 00:59:00+00:00,0.0,1.15
boulder-65346,BOULDER / CARPENTER PARK1,boulder-carpenter-park,2023-07-11 00:59:45+00:00,0.0,1.153888888888889
boulder-135771,BOULDER / CARPENTER PARK1,boulder-carpenter-park,2023-07-11 03:42:00+00:00,37.636,6.6
boulder-65353,BOULDER / CARPENTER PARK1,boulder-carpenter-park,2023-07-11 03:42:17+00:00,37.636,6.598611111111111
boulder-135798,BOULDER / CARPENTER PARK2,boulder-carpenter-park,2023-07-11 12:41:00+00:00,28.544,6.433333333333334
boulder-65358,BOULDER / CARPENTER PARK2,boulder-carpenter-park,2023-07-11 12:41:48+00:00,28.544,6.425833333333333
boulder-136290,BOULDER / CARPENTER PARK1,boulder-carpenter-park,2023-07-11 13:53:00+00:00,9.704,3.1
boulder-65365,BOULDER / CARPENTER PARK1,boulder-carpenter-park,2023-07-11 13:53:23+00:00,9.704,3.1075
boulder-136297,BOULDER / CARPENTER PARK1,boulder-carpenter-park,2023-07-11 14:11:00+00:00,10.408,2.1
boulder-65369,BOULDER / CARPENTER PARK1,boulder-carpenter-park,2023-07-11 14:11:58+00:00,10.408,2.0933333333333333
boulder-136358,BOULDER / CARPENTER PARK2,boulder-carpenter-park,2023-07-11 16:10:00+00:00,0.0,0.016666666666666666
boulder-65384,BOULDER / CARPENTER PARK2,boulder-carpenter-park,2023-07-11 16:10:29+00:00,0.0,0.024166666666666666
boulder-136361,BOULDER / CARPENTER PARK2,boulder-carpenter-park,2023-07-11 16:13:00+00:00,0.0,0.05
boulder-65385,BOULDER / CARPENTER PARK2,boulder-carpenter-park,2023-07-11 16:13:12+00:00,0.0,0.05388888888888889
boulder-136366,BOULDER / CARPENTER PARK1,boulder-carpenter-park,2023-07-11 16:17:00+00:00,0.164,0.03333333333333333
boulder-65207,BOULDER / CARPENTER PARK1,boulder-carpenter-park,2023-07-11 16:17:53+00:00,0.164,0.0325
boulder-136371,BOULDER / CARPENTER PARK1,boulder-carpenter-park,2023-07-11 16:20:00+00:00,0.766,0.13333333333333333
boulder-65265,BOULDER / CARPENTER PARK1,boulder-carpenter-park,2023-07-11 16:20:37+00:00,0.766,0.13444444444444445
boulder-136377,BOULDER / CARPENTER PARK1,boulder-carpenter-park,2023-07-11 16:38:00+00:00,11.314,1.9333333333333333
boulder-65277,BOULDER / CARPENTER PARK1,boulder-carpenter-park,2023-07-11 16:38:18+00:00,11.314,1.9425
boulder-136402,BOULDER / CARPENTER PARK1,boulder-carpenter-park,2023-07-11 18:35:00+00:00,5.843,1.0
boulder-65290,BOULDER / CARPENTER PARK1,boulder-carpenter-park,2023-07-11 18:35:15+00:00,5.843,1.0027777777777778
boulder-136415,BOULDER / CARPENTER PARK2,boulder-carpenter-park,2023-07-11 19:19:00+00:00,0.0,0.1
boulder-65295,BOULDER / CARPENTER PARK2,boulder-carpenter-park,2023-07-11 19:19:37+00:00,0.0,0.10472222222222222
boulder-136436,BOULDER / CARPENTER PARK2,boulder-carpenter-park,2023-07-11 21:08:00+00:00,0.0,0.016666666666666666
boulder-65302,BOULDER / CARPENTER PARK2,boulder-carpenter-park,2023-07-11 21:08:42+00:00,0.0,0.013333333333333334
boulder-136437,BOULDER / CARPENTER PARK2,boulder-carpenter-park,2023-07-11 21:09:00+00:00,0.0,2.316666666666667
boulder-65303,BOULDER / CARPENTER PARK2,boulder-carpenter-park,2023-07-11 21:09:34+00:00,0.0,2.3097222222222222
boulder-136447,BOULDER / CARPENTER PARK1,boulder-carpenter-park,2023-07-11 21:22:00+00:00,0.0,0.016666666666666666
boulder-65307,BOULDER / CARPENTER PARK1,boulder-carpenter-park,2023-07-11 21:22:06+00:00,0.0,0.01861111111111111
boulder-136450,BOULDER / CARPENTER PARK1,boulder-carpenter-park,2023-07-11 21:23:00+00:00,4.12,0.7166666666666667
boulder-65308,BOULDER / CARPENTER PARK1,boulder-carpenter-park,2023-07-11 21:23:40+00:00,4.12,0.7186111111111111
boulder-136453,BOULDER / CARPENTER PARK1,boulder-carpenter-park,2023-07-11 21:46:00+00:00,0.0,0.13333333333333333
boulder-65309,BOULDER / CARPENTER PARK1,boulder-carpenter-park,2023-07-11 21:46:03+00:00,0.0,0.13277777777777777
boulder-136461,BOULDER / CARPENTER PARK1,boulder-carpenter-park,2023-07-11 22:14:00+00:00,0.0,1.9833333333333334
boulder-65312,BOULDER / CARPENTER PARK1,boulder-carpenter-park,2023-07-11 22:14:01+00:00,0.0,1.985
boulder-136472,BOULDER / CARPENTER PARK1,boulder-carpenter-park,2023-07-11 22:28:00+00:00,5.216,0.9
boulder-65316,BOULDER / CARPENTER PARK1,boulder-carpenter-park,2023-07-11 22:28:01+00:00,5.216,0.9033333333333333
boulder-136487,BOULDER / CARPENTER PARK2,boulder-carpenter-park,2023-07-11 22:53:00+00:00,0.0,1.85
boulder-65322,BOULDER / CARPENTER PARK2,boulder-carpenter-park,2023-07-11 22:53:25+00:00,0.0,1.8586111111111112
boulder-136496,BOULDER / CARPENTER PARK1,boulder-carpenter-park,2023-07-11 23:29:00+00:00,2.697,0.48333333333333334
boulder-65325,BOULDER / CARPENTER PARK1,boulder-carpenter-park,2023-07-11 23:29:49+00:00,2.697,0.4702777777777778
boulder-136499,BOULDER / CARPENTER PARK2,boulder-carpenter-park,2023-07-11 23:48:00+00:00,0.0,3.6166666666666667
boulder-65326,BOULDER / CARPENTER PARK2,boulder-carpenter-park,2023-07-11 23:48:55+00:00,0.0,3.6036111111111113
boulder-136543,BOULDER / CARPENTER PARK2,boulder-carpenter-park,2023-07-12 03:45:00+00:00,5.097,2.3
boulder-65787,BOULDER / CARPENTER PARK2,boulder-carpenter-park,2023-07-12 03:45:18+00:00,5.097,2.305
boulder-136552,BOULDER / CARPENTER PARK2,boulder-carpenter-park,2023-07-12 11:54:00+00:00,8.509,1.5
boulder-65807,BOULDER / CARPENTER PARK2,boulder-carpenter-park,2023-07-12 11:54:41+00:00,8.509,1.4952777777777777
boulder-136555,BOULDER / CARPENTER PARK1,boulder-carpenter-park,2023-07-12 11:58:00+00:00,0.0,0.016666666666666666
boulder-65812,BOULDER / CARPENTER PARK1,boulder-carpenter-park,2023-07-12 11:58:08+00:00,0.0,0.015555555555555555
boulder-136619,BOULDER / CARPENTER PARK1,boulder-carpenter-park,2023-07-12 14:19:00+00:00,23.467,4.0
boulder-65910,BOULDER / CARPENTER PARK1,boulder-carpenter-park,2023-07-12 14:19:35+00:00,23.467,3.9905555555555554
boulder-136622,BOULDER / CARPENTER PARK1,boulder-carpenter-park,2023-07-12 14:22:00+00:00,7.019,4.433333333333334
boulder-65915,BOULDER / CARPENTER PARK1,boulder-carpenter-park,2023-07-12 14:22:46+00:00,7.019,4.4319444444444445
boulder-136629,BOULDER / CARPENTER PARK2,boulder-carpenter-park,2023-07-12 14:45:00+00:00,0.0,0.0
boulder-136631,BOULDER / CARPENTER PARK2,boulder-carpenter-park,2023-07-12 14:45:00+00:00,6.798,1.1666666666666667
boulder-65925,BOULDER / CARPENTER PARK2,boulder-carpenter-park,2023-07-12 14:45:05+00:00,0.0,0.013888888888888888
boulder-65929,BOULDER / CARPENTER PARK2,boulder-carpenter-park,2023-07-12 14:45:57+00:00,6.798,1.1522222222222223
boulder-136674,BOULDER / CARPENTER PARK2,boulder-carpenter-park,2023-07-12 16:49:00+00:00,0.0,0.03333333333333333
boulder-65990,BOULDER / CARPENTER PARK2,boulder-carpenter-park,2023-07-12 16:49:29+00:00,0.0,0.03722222222222222
boulder-136702,BOULDER / CARPENTER PARK2,boulder-carpenter-park,2023-07-12 18:36:00+00:00,2.568,1.2166666666666666
boulder-65785,BOULDER / CARPENTER PARK2,boulder-carpenter-park,2023-07-12 18:36:06+00:00,2.568,1.2269444444444444
boulder-136715,BOULDER / CARPENTER PARK2,boulder-carpenter-park,2023-07-12 19:37:00+00:00,0.0,0.0
boulder-65826,BOULDER / CARPENTER PARK2,boulder-carpenter-park,2023-07-12 19:37:01+00:00,0.0,0.01138888888888889
boulder-136717,BOULDER / CARPENTER PARK1,boulder-carpenter-park,2023-07-12 19:40:00+00:00,3.637,0.65
boulder-65832,BOULDER / CARPENTER PARK1,boulder-carpenter-park,2023-07-12 19:40:22+00:00,3.637,0.6469444444444444
boulder-136728,BOULDER / CARPENTER PARK2,boulder-carpenter-park,2023-07-12 19:54:00+00:00,0.0,0.0
boulder-65874,BOULDER / CARPENTER PARK2,boulder-carpenter-park,2023-07-12 19:54:21+00:00,0.0,0.01
boulder-136741,BOULDER / CARPENTER PARK2,boulder-carpenter-park,2023-07-12 19:55:00+00:00,23.046,3.9
boulder-65879,BOULDER / CARPENTER PARK2,boulder-carpenter-park,2023-07-12 19:55:10+00:00,23.046,3.898888888888889
boulder-136795,BOULDER / CARPENTER PARK1,boulder-carpenter-park,2023-07-12 21:46:00+00:00,3.231,1.0166666666666666
boulder-65921,BOULDER / CARPENTER PARK1,boulder-carpenter-park,2023-07-12 21:46:33+00:00,3.231,1.011388888888889
boulder-136802,BOULDER / CARPENTER PARK1,boulder-carpenter-park,2023-07-12 22:09:00+00:00,0.0,2.1666666666666665
boulder-65944,BOULDER / CARPENTER PARK1,boulder-carpenter-park,2023-07-12 22:09:41+00:00,0.0,2.165277777777778
boulder-136852,BOULDER / CARPENTER PARK1,boulder-carpenter-park,2023-07-12 22:54:00+00:00,7.684,1.3166666666666667
boulder-65994,BOULDER / CARPENTER PARK1,boulder-carpenter-park,2023-07-12 22:54:02+00:00,7.684,1.3175
boulder-136871,BOULDER / CARPENTER PARK2,boulder-carpenter-park,2023-07-12 23:56:00+00:00,6.773,1.1833333333333333
boulder-65635,BOULDER / CARPENTER PARK2,boulder-carpenter-park,2023-07-12 23:56:54+00:00,6.773,1.1791666666666667
boulder-136901,BOULDER / CARPENTER PARK1,boulder-carpenter-park,2023-07-13 00:37:00+00:00,0.0,0.03333333333333333
boulder-65776,BOULDER / CARPENTER PARK1,boulder-carpenter-park,2023-07-13 00:37:02+00:00,0.0,0.03305555555555555
boulder-136903,BOULDER / CARPENTER PARK2,boulder-carpenter-park,2023-07-13 00:43:00+00:00,0.0,0.016666666666666666
boulder-65782,BOULDER / CARPENTER PARK2,boulder-carpenter-park,2023-07-13 00:43:30+00:00,0.0,0.02277777777777778
boulder-136906,BOULDER / CARPENTER PARK1,boulder-carpenter-park,2023-07-13 00:44:00+00:00,0.0,0.03333333333333333
boulder-65788,BOULDER / CARPENTER PARK1,boulder-carpenter-park,2023-07-13 00:44:04+00:00,0.0,0.03333333333333333
boulder-136920,BOULDER / CARPENTER PARK2,boulder-carpenter-park,2023-07-13 02:14:00+00:00,0.0,0.016666666666666666
boulder-65818,BOULDER / CARPENTER PARK2,boulder-carpenter-park,2023-07-13 02:14:20+00:00,0.0,0.013055555555555556
boulder-136923,BOULDER / CARPENTER PARK2,boulder-carpenter-park,2023-07-13 02:15:00+00:00,2.066,0.35
boulder-65824,BOULDER / CARPENTER PARK2,boulder-carpenter-park,2023-07-13 02:15:22+00:00,2.066,0.3597222222222222
boulder-136948,BOULDER / CARPENTER PARK2,boulder-carpenter-park,2023-07-13 12:37:00+00:00,0.0,6.95
boulder-65880,BOULDER / CARPENTER PARK2,boulder-carpenter-park,2023-07-13 12:37:58+00:00,0.0,6.942222222222222
boulder-136979,BOULDER / CARPENTER PARK1,boulder-carpenter-park,2023-07-13 14:31:00+00:00,7.075,5.283333333333333
boulder-65949,BOULDER / CARPENTER PARK1,boulder-carpenter-park,2023-07-13 14:31:43+00:00,7.075,5.279722222222222
boulder-136985,BOULDER / CARPENTER PARK1,boulder-carpenter-park,2023-07-13 14:49:00+00:00,16.768,3.3666666666666667
boulder-65960,BOULDER / CARPENTER PARK1,boulder-carpenter-park,2023-07-13 14:49:06+00:00,16.768,3.3675
boulder-137009,BOULDER / CARPENTER PARK2,boulder-carpenter-park,2023-07-13 15:14:00+00:00,21.581,3.7
boulder-65638,BOULDER / CARPENTER PARK2,boulder-carpenter-park,2023-07-13 15:14:03+00:00,21.581,3.7019444444444445
boulder-137098,BOULDER / CARPENTER PARK2,boulder-carpenter-park,2023-07-13 19:35:00+00:00,13.975,4.7
boulder-65738,BOULDER / CARPENTER PARK2,boulder-carpenter-park,2023-07-13 19:35:36+00:00,13.975,4.6947222222222225
boulder-137141,BOULDER / CARPENTER PARK1,boulder-carpenter-park,2023-07-13 20:41:00+00:00,2.104,0.38333333333333336
boulder-65746,BOULDER / CARPENTER PARK1,boulder-carpenter-park,2023-07-13 20:41:31+00:00,2.104,0.3902777777777778
boulder-137147,BOULDER / CARPENTER PARK1,boulder-carpenter-park,2023-07-13 20:57:00+00:00,0.0,1.3
boulder-65749,BOULDER / CARPENTER PARK1,boulder-carpenter-park,2023-07-13 20:57:28+00:00,0.0,1.3005555555555555
boulder-137153,BOULDER / CARPENTER PARK1,boulder-carpenter-park,2023-07-13 21:23:00+00:00,10.933,3.316666666666667
boulder-65751,BOULDER / CARPENTER PARK1,boulder-carpenter-park,2023-07-13 21:23:42+00:00,10.933,3.3177777777777777
boulder-137165,BOULDER / CARPENTER PARK2,boulder-carpenter-park,2023-07-13 22:08:00+00:00,0.0,0.016666666666666666
boulder-65755,BOULDER / CARPENTER PARK2,boulder-carpenter-park,2023-07-13 22:08:48+00:00,0.0,0.013333333333333334
boulder-137169,BOULDER / CARPENTER PARK1,boulder-carpenter-park,2023-07-13 22:38:00+00:00,3.98,0.95
boulder-65757,BOULDER / CARPENTER PARK1,boulder-carpenter-park,2023-07-13 22:38:32+00:00,3.98,0.9555555555555556
boulder-137187,BOULDER / CARPENTER PARK2,boulder-carpenter-park,2023-07-13 23:16:00+00:00,0.0,0.8166666666666667
boulder-65603,BOULDER / CARPENTER PARK2,boulder-carpenter-park,2023-07-13 23:16:04+00:00,0.0,0.8283333333333334
boulder-137314,BOULDER / CARPENTER PARK2,boulder-carpenter-park,2023-07-14 11:56:00+00:00,6.812,1.1666666666666667
boulder-65695,BOULDER / CARPENTER PARK2,boulder-carpenter-park,2023-07-14 11:56:30+00:00,6.812,1.1702777777777778
boulder-137316,BOULDER / CARPENTER PARK1,boulder-carpenter-park,2023-07-14 12:24:00+00:00,5.909,1.05
boulder-65700,BOULDER / CARPENTER PARK1,boulder-carpenter-park,2023-07-14 12:24:47+00:00,5.909,1.038888888888889
boulder-137331,BOULDER / CARPENTER PARK1,boulder-carpenter-park,2023-07-14 14:09:00+00:00,12.104,4.866666666666666
boulder-65783,BOULDER / CARPENTER PARK1,boulder-carpenter-park,2023-07-14 14:09:57+00:00,12.104,4.866388888888889
boulder-137373,BOULDER / CARPENTER PARK2,boulder-carpenter-park,2023-07-14 16:57:00+00:00,9.474,1.6666666666666667
boulder-65841,BOULDER / CARPENTER PARK2,boulder-carpenter-park,2023-07-14 16:57:28+00:00,9.474,1.6708333333333334
boulder-137379,BOULDER / CARPENTER PARK1,boulder-carpenter-park,2023-07-14 17:09:00+00:00,0.0,0.6833333333333333
boulder-65843,BOULDER / CARPENTER PARK1,boulder-carpenter-park,2023-07-14 17:09:27+00:00,0.0,0.6802777777777778
boulder-137406,BOULDER / CARPENTER PARK1,boulder-carpenter-park,2023-07-14 17:54:00+00:00,0.054,1.2333333333333334
boulder-65643,BOULDER / CARPENTER PARK1,boulder-carpenter-park,2023-07-14 17:54:36+00:00,0.054,1.2277777777777779
boulder-137444,BOULDER / CARPENTER PARK1,boulder-carpenter-park,2023-07-14 19:06:00+00:00,35.673,6.933333333333334
boulder-65649,BOULDER / CARPENTER PARK1,boulder-carpenter-park,2023-07-14 19:06:55+00:00,35.673,6.934166666666667
boulder-137478,BOULDER / CARPENTER PARK1,boulder-carpenter-park,2023-07-14 21:59:00+00:00,0.0,0.03333333333333333
boulder-65666,BOULDER / CARPENTER PARK1,boulder-carpenter-park,2023-07-14 21:59:30+00:00,0.0,0.028333333333333332
boulder-137508,BOULDER / CARPENTER PARK1,boulder-carpenter-park,2023-07-14 22:01:00+00:00,0.0,0.016666666666666666
boulder-65668,BOULDER / CARPENTER PARK1,boulder-carpenter-park,2023-07-14 22:01:39+00:00,0.0,0.019444444444444445
boulder-137510,BOULDER / CARPENTER PARK1,boulder-carpenter-park,2023-07-14 22:03:00+00:00,0.0,1.55
boulder-65669,BOULDER / CARPENTER PARK1,boulder-carpenter-park,2023-07-14 22:03:40+00:00,0.0,1.5541666666666667
boulder-137513,BOULDER / CARPENTER PARK2,boulder-carpenter-park,2023-07-14 22:26:00+00:00,2.928,0.5166666666666667
boulder-65670,BOULDER / CARPENTER PARK2,boulder-carpenter-park,2023-07-14 22:26:29+00:00,2.928,0.5152777777777777
boulder-137522,BOULDER / CARPENTER PARK2,boulder-carpenter-park,2023-07-14 22:59:00+00:00,0.0,0.016666666666666666
boulder-65676,BOULDER / CARPENTER PARK2,boulder-carpenter-park,2023-07-14 22:59:33+00:00,0.0,0.017222222222222222
boulder-137523,BOULDER / CARPENTER PARK2,boulder-carpenter-park,2023-07-14 23:00:00+00:00,4.739,0.8333333333333334
boulder-65677,BOULDER / CARPENTER PARK2,boulder-carpenter-park,2023-07-14 23:00:45+00:00,4.739,0.8344444444444444
boulder-137526,BOULDER / CARPENTER PARK2,boulder-carpenter-park,2023-07-14 23:15:00+00:00,0.0,0.95
boulder-65680,BOULDER / CARPENTER PARK2,boulder-carpenter-park,2023-07-14 23:15:27+00:00,0.0,0.9461111111111111
boulder-137571,BOULDER / CARPENTER PARK1,boulder-carpenter-park,2023-07-15 12:22:00+00:00,4.717,0.8166666666666667
boulder-65805,BOULDER / CARPENTER PARK1,boulder-carpenter-park,2023-07-15 12:22:28+00:00,4.717,0.8216666666666667
boulder-137578,BOULDER / CARPENTER PARK1,boulder-carpenter-park,2023-07-15 13:48:00+00:00,4.692,5.566666666666666
boulder-65851,BOULDER / CARPENTER PARK1,boulder-carpenter-park,2023-07-15 13:48:42+00:00,4.692,5.556388888888889
boulder-137580,BOULDER / CARPENTER PARK2,boulder-carpenter-park,2023-07-15 13:55:00+00:00,6.847,1.1833333333333333
boulder-65860,BOULDER / CARPENTER PARK2,boulder-carpenter-park,2023-07-15 13:55:12+00:00,6.847,1.1805555555555556
boulder-137610,BOULDER / CARPENTER PARK1,boulder-carpenter-park,2023-07-15 14:06:00+00:00,0.0,0.6833333333333333
boulder-65885,BOULDER / CARPENTER PARK1,boulder-carpenter-park,2023-07-15 14:06:56+00:00,0.0,0.6752777777777778
boulder-137619,BOULDER / CARPENTER PARK2,boulder-carpenter-park,2023-07-15 16:02:00+00:00,0.0,2.533333333333333
boulder-65928,BOULDER / CARPENTER PARK2,boulder-carpenter-park,2023-07-15 16:02:19+00:00,0.0,2.5327777777777776
boulder-137625,BOULDER / CARPENTER PARK1,boulder-carpenter-park,2023-07-15 16:35:00+00:00,0.0,0.03333333333333333
boulder-65954,BOULDER / CARPENTER PARK1,boulder-carpenter-park,2023-07-15 16:35:50+00:00,0.0,0.03361111111111111
boulder-137626,BOULDER / CARPENTER PARK1,boulder-carpenter-park,2023-07-15 16:42:00+00:00,0.0,0.0
boulder-65959,BOULDER / CARPENTER PARK1,boulder-carpenter-park,2023-07-15 16:42:21+00:00,0.0,0.005555555555555556
boulder-137627,BOULDER / CARPENTER PARK1,boulder-carpenter-park,2023-07-15 16:43:00+00:00,0.0,0.016666666666666666
boulder-65964,BOULDER / CARPENTER PARK1,boulder-carpenter-park,2023-07-15 16:43:03+00:00,0.0,0.017777777777777778
boulder-137628,BOULDER / CARPENTER PARK1,boulder-carpenter-park,2023-07-15 16:44:00+00:00,0.0,0.016666666666666666
boulder-65969,BOULDER / CARPENTER PARK1,boulder-carpenter-park,2023-07-15 16:44:47+00:00,0.0,0.01138888888888889
boulder-137629,BOULDER / CARPENTER PARK1,boulder-carpenter-park,2023-07-15 16:46:00+00:00,0.0,0.016666666666666666
boulder-65973,BOULDER / CARPENTER PARK1,boulder-carpenter-park,2023-07-15 16:46:48+00:00,0.0,0.014444444444444444
boulder-137630,BOULDER / CARPENTER PARK2,boulder-carpenter-park,2023-07-15 16:55:00+00:00,4.128,0.7166666666666667
boulder-65976,BOULDER / CARPENTER PARK2,boulder-carpenter-park,2023-07-15 16:55:39+00:00,4.128,0.7191666666666666
boulder-137647,BOULDER / CARPENTER PARK2,boulder-carpenter-park,2023-07-15 18:07:00+00:00,17.373,2.9833333333333334
boulder-65639,BOULDER / CARPENTER PARK2,boulder-carpenter-park,2023-07-15 18:07:07+00:00,17.373,2.9825
boulder-137649,BOULDER / CARPENTER PARK2,boulder-carpenter-park,2023-07-15 18:38:00+00:00,0.0,0.016666666666666666
boulder-65696,BOULDER / CARPENTER PARK2,boulder-carpenter-park,2023-07-15 18:38:55+00:00,0.0,0.007222222222222222
boulder-137650,BOULDER / CARPENTER PARK1,boulder-carpenter-park,2023-07-15 18:53:00+00:00,0.0,0.11666666666666667
boulder-65703,BOULDER / CARPENTER PARK1,boulder-carpenter-park,2023-07-15 18:53:53+00:00,0.0,0.11722222222222223
boulder-137653,BOULDER / CARPENTER PARK1,boulder-carpenter-park,2023-07-15 19:01:00+00:00,0.0,2.2
boulder-65761,BOULDER / CARPENTER PARK1,boulder-carpenter-park,2023-07-15 19:01:16+00:00,0.0,2.1983333333333333
boulder-137656,BOULDER / CARPENTER PARK1,boulder-carpenter-park,2023-07-15 19:32:00+00:00,0.261,0.08333333333333333
boulder-65778,BOULDER / CARPENTER PARK1,boulder-carpenter-park,2023-07-15 19:32:49+00:00,0.261,0.08444444444444445
boulder-137657,BOULDER / CARPENTER PARK1,boulder-carpenter-park,2023-07-15 19:38:00+00:00,5.42,1.5166666666666666
boulder-65784,BOULDER / CARPENTER PARK1,boulder-carpenter-park,2023-07-15 19:38:47+00:00,5.42,1.5091666666666668
boulder-137660,BOULDER / CARPENTER PARK2,boulder-carpenter-park,2023-07-15 20:24:00+00:00,0.0,0.016666666666666666
boulder-65803,BOULDER / CARPENTER PARK2,boulder-carpenter-park,2023-07-15 20:24:18+00:00,0.0,0.021111111111111112
boulder-137665,BOULDER / CARPENTER PARK2,boulder-carpenter-park,2023-07-15 21:27:00+00:00,4.505,1.4833333333333334
boulder-65831,BOULDER / CARPENTER PARK2,boulder-carpenter-park,2023-07-15 21:27:41+00:00,4.505,1.4816666666666667
boulder-137666,BOULDER / CARPENTER PARK1,boulder-carpenter-park,2023-07-15 21:34:00+00:00,0.0,1.5
boulder-65844,BOULDER / CARPENTER PARK1,boulder-carpenter-park,2023-07-15 21:34:06+00:00,0.0,1.5138888888888888
boulder-137667,BOULDER / CARPENTER PARK1,boulder-carpenter-park,2023-07-15 21:36:00+00:00,5.464,0.9833333333333333
boulder-65848,BOULDER / CARPENTER PARK1,boulder-carpenter-park,2023-07-15 21:36:41+00:00,5.464,0.9788888888888889
boulder-137673,BOULDER / CARPENTER PARK1,boulder-carpenter-park,2023-07-15 23:12:00+00:00,0.0,0.016666666666666666
boulder-65878,BOULDER / CARPENTER PARK1,boulder-carpenter-park,2023-07-15 23:12:40+00:00,0.0,0.016666666666666666
boulder-137674,BOULDER / CARPENTER PARK1,boulder-carpenter-park,2023-07-15 23:14:00+00:00,3.33,1.05
boulder-65882,BOULDER / CARPENTER PARK1,boulder-carpenter-park,2023-07-15 23:14:05+00:00,3.33,1.0552777777777778
boulder-137678,BOULDER / CARPENTER PARK2,boulder-carpenter-park,2023-07-15 23:32:00+00:00,0.0,0.016666666666666666
boulder-65899,BOULDER / CARPENTER PARK2,boulder-carpenter-park,2023-07-15 23:32:54+00:00,0.0,0.013333333333333334
boulder-137679,BOULDER / CARPENTER PARK2,boulder-carpenter-park,2023-07-15 23:33:00+00:00,4.682,0.8
boulder-65903,BOULDER / CARPENTER PARK2,boulder-carpenter-park,2023-07-15 23:33:55+00:00,4.682,0.7933333333333333
boulder-137682,BOULDER / CARPENTER PARK1,boulder-carpenter-park,2023-07-15 23:57:00+00:00,5.936,1.0166666666666666
boulder-65918,BOULDER / CARPENTER PARK1,boulder-carpenter-park,2023-07-15 23:57:17+00:00,5.936,1.0197222222222222
boulder-137690,BOULDER / CARPENTER PARK1,boulder-carpenter-park,2023-07-16 01:34:00+00:00,4.023,1.1166666666666667
boulder-65953,BOULDER / CARPENTER PARK1,boulder-carpenter-park,2023-07-16 01:34:44+00:00,4.023,1.113611111111111
boulder-137691,BOULDER / CARPENTER PARK2,boulder-carpenter-park,2023-07-16 01:39:00+00:00,26.078,4.4
boulder-65958,BOULDER / CARPENTER PARK2,boulder-carpenter-park,2023-07-16 01:39:28+00:00,26.078,4.403611111111111
boulder-135710,BOULDER / CARPENTER PARK1,boulder-carpenter-park,2023-07-16 12:31:00+00:00,0.0,0.016666666666666666
boulder-66088,BOULDER / CARPENTER PARK1,boulder-carpenter-park,2023-07-16 12:31:28+00:00,0.0,0.019166666666666665
boulder-135724,BOULDER / CARPENTER PARK1,boulder-carpenter-park,2023-07-16 12:32:00+00:00,3.514,0.6166666666666667
boulder-66094,BOULDER / CARPENTER PARK1,boulder-carpenter-park,2023-07-16 12:32:56+00:00,3.514,0.6144444444444445
boulder-135738,BOULDER / CARPENTER PARK2,boulder-carpenter-park,2023-07-16 13:53:00+00:00,7.195,1.2333333333333334
boulder-66115,BOULDER / CARPENTER PARK2,boulder-carpenter-park,2023-07-16 13:53:04+00:00,7.195,1.2405555555555556
boulder-135755,BOULDER / CARPENTER PARK1,boulder-carpenter-park,2023-07-16 14:21:00+00:00,3.482,0.6166666666666667
boulder-66148,BOULDER / CARPENTER PARK1,boulder-carpenter-park,2023-07-16 14:21:41+00:00,3.482,0.6086111111111111
boulder-135759,BOULDER / CARPENTER PARK2,boulder-carpenter-park,2023-07-16 14:25:00+00:00,0.0,0.03333333333333333
boulder-66193,BOULDER / CARPENTER PARK2,boulder-carpenter-park,2023-07-16 14:25:53+00:00,0.0,0.021666666666666667
boulder-135760,BOULDER / CARPENTER PARK2,boulder-carpenter-park,2023-07-16 14:28:00+00:00,0.0,0.016666666666666666
boulder-66198,BOULDER / CARPENTER PARK2,boulder-carpenter-park,2023-07-16 14:28:28+00:00,0.0,0.018333333333333333
boulder-135783,BOULDER / CARPENTER PARK1,boulder-carpenter-park,2023-07-16 15:12:00+00:00,0.0,0.0
boulder-66228,BOULDER / CARPENTER PARK1,boulder-carpenter-park,2023-07-16 15:12:15+00:00,0.0,0.010833333333333334
boulder-135786,BOULDER / CARPENTER PARK1,boulder-carpenter-park,2023-07-16 15:13:00+00:00,22.182,3.8333333333333335
boulder-66234,BOULDER / CARPENTER PARK1,boulder-carpenter-park,2023-07-16 15:13:16+00:00,22.182,3.8408333333333333
boulder-135789,BOULDER / CARPENTER PARK2,boulder-carpenter-park,2023-07-16 15:31:00+00:00,6.647,2.183333333333333
boulder-66240,BOULDER / CARPENTER PARK2,boulder-carpenter-park,2023-07-16 15:31:29+00:00,6.647,2.1766666666666667
boulder-135805,BOULDER / CARPENTER PARK2,boulder-carpenter-park,2023-07-16 16:30:00+00:00,0.0,6.283333333333333
boulder-66263,BOULDER / CARPENTER PARK2,boulder-carpenter-park,2023-07-16 16:30:17+00:00,0.0,6.284722222222222
boulder-136325,BOULDER / CARPENTER PARK1,boulder-carpenter-park,2023-07-16 17:49:00+00:00,0.0,0.03333333333333333
boulder-66326,BOULDER / CARPENTER PARK1,boulder-carpenter-park,2023-07-16 17:49:57+00:00,0.0,0.025833333333333333
boulder-136337,BOULDER / CARPENTER PARK2,boulder-carpenter-park,2023-07-16 18:11:00+00:00,4.411,0.8
boulder-66354,BOULDER / CARPENTER PARK2,boulder-carpenter-park,2023-07-16 18:11:18+00:00,4.411,0.8036111111111112
boulder-136348,BOULDER / CARPENTER PARK2,boulder-carpenter-park,2023-07-16 19:03:00+00:00,1.078,1.0333333333333334
boulder-66364,BOULDER / CARPENTER PARK2,boulder-carpenter-park,2023-07-16 19:03:49+00:00,1.078,1.0197222222222222
boulder-136351,BOULDER / CARPENTER PARK1,boulder-carpenter-park,2023-07-16 19:07:00+00:00,5.527,2.9166666666666665
boulder-66365,BOULDER / CARPENTER PARK1,boulder-carpenter-park,2023-07-16 19:07:00+00:00,5.527,2.9316666666666666
boulder-136378,BOULDER / CARPENTER PARK2,boulder-carpenter-park,2023-07-16 20:10:00+00:00,13.111,2.2666666666666666
boulder-66108,BOULDER / CARPENTER PARK2,boulder-carpenter-park,2023-07-16 20:10:54+00:00,13.111,2.2672222222222222
boulder-136395,BOULDER / CARPENTER PARK1,boulder-carpenter-park,2023-07-16 21:06:00+00:00,12.243,2.1
boulder-66149,BOULDER / CARPENTER PARK1,boulder-carpenter-park,2023-07-16 21:06:32+00:00,12.243,2.098611111111111
boulder-136410,BOULDER / CARPENTER PARK1,boulder-carpenter-park,2023-07-16 22:20:00+00:00,5.653,1.0333333333333334
boulder-66154,BOULDER / CARPENTER PARK1,boulder-carpenter-park,2023-07-16 22:20:31+00:00,5.653,1.0275
boulder-136464,BOULDER / CARPENTER PARK2,boulder-carpenter-park,2023-07-16 23:08:00+00:00,11.426,2.6
boulder-66170,BOULDER / CARPENTER PARK2,boulder-carpenter-park,2023-07-16 23:08:40+00:00,11.426,2.5930555555555554
boulder-136488,BOULDER / CARPENTER PARK1,boulder-carpenter-park,2023-07-16 23:48:00+00:00,0.0,1.1833333333333333
boulder-66177,BOULDER / CARPENTER PARK1,boulder-carpenter-park,2023-07-16 23:48:32+00:00,0.0,1.1766666666666667
boulder-136491,BOULDER / CARPENTER PARK1,boulder-carpenter-park,2023-07-16 23:54:00+00:00,0.0,0.05
boulder-66178,BOULDER / CARPENTER PARK1,boulder-carpenter-park,2023-07-16 23:54:10+00:00,0.0,0.051111111111111114
boulder-136494,BOULDER / CARPENTER PARK1,boulder-carpenter-park,2023-07-16 23:58:00+00:00,0.0,0.016666666666666666
boulder-66179,BOULDER / CARPENTER PARK1,boulder-carpenter-park,2023-07-16 23:58:47+00:00,0.0,0.009166666666666667
boulder-136497,BOULDER / CARPENTER PARK2,boulder-carpenter-park,2023-07-17 00:02:00+00:00,0.0,0.05
boulder-66180,BOULDER / CARPENTER PARK2,boulder-carpenter-park,2023-07-17 00:02:18+00:00,0.0,0.059166666666666666
boulder-136500,BOULDER / CARPENTER PARK2,boulder-carpenter-park,2023-07-17 00:06:00+00:00,0.0,0.0
boulder-66181,BOULDER / CARPENTER PARK2,boulder-carpenter-park,2023-07-17 00:06:05+00:00,0.0,0.014166666666666666
boulder-136503,BOULDER / CARPENTER PARK1,boulder-carpenter-park,2023-07-17 00:09:00+00:00,18.44,3.1333333333333333
boulder-66182,BOULDER / CARPENTER PARK1,boulder-carpenter-park,2023-07-17 00:09:28+00:00,18.44,3.1358333333333333
boulder-136526,BOULDER / CARPENTER PARK1,boulder-carpenter-park,2023-07-17 03:28:00+00:00,0.0,0.0
boulder-66085,BOULDER / CARPENTER PARK1,boulder-carpenter-park,2023-07-17 03:28:25+00:00,0.0,0.004166666666666667
boulder-136530,BOULDER / CARPENTER PARK1,boulder-carpenter-park,2023-07-17 03:29:00+00:00,0.878,0.15
boulder-66091,BOULDER / CARPENTER PARK1,boulder-carpenter-park,2023-07-17 03:29:07+00:00,0.878,0.16055555555555556
boulder-136539,BOULDER / CARPENTER PARK1,boulder-carpenter-park,2023-07-17 05:37:00+00:00,44.334,9.133333333333333
boulder-66119,BOULDER / CARPENTER PARK1,boulder-carpenter-park,2023-07-17 05:37:54+00:00,44.334,9.122222222222222
boulder-136545,BOULDER / CARPENTER PARK2,boulder-carpenter-park,2023-07-17 11:56:00+00:00,5.695,1.1333333333333333
boulder-66139,BOULDER / CARPENTER PARK2,boulder-carpenter-park,2023-07-17 11:56:21+00:00,5.695,1.138611111111111
boulder-136554,BOULDER / CARPENTER PARK1,boulder-carpenter-park,2023-07-17 12:25:00+00:00,0.0,0.016666666666666666
boulder-66196,BOULDER / CARPENTER PARK1,boulder-carpenter-park,2023-07-17 12:25:19+00:00,0.0,0.020833333333333332
boulder-136556,BOULDER / CARPENTER PARK1,boulder-carpenter-park,2023-07-17 12:26:00+00:00,0.0,0.016666666666666666
boulder-66201,BOULDER / CARPENTER PARK1,boulder-carpenter-park,2023-07-17 12:26:57+00:00,0.0,0.014722222222222222
boulder-136581,BOULDER / CARPENTER PARK2,boulder-carpenter-park,2023-07-17 13:23:00+00:00,14.057,6.683333333333334
boulder-66233,BOULDER / CARPENTER PARK2,boulder-carpenter-park,2023-07-17 13:23:20+00:00,14.057,6.690277777777778
boulder-136597,BOULDER / CARPENTER PARK1,boulder-carpenter-park,2023-07-17 14:25:00+00:00,7.083,4.433333333333334
boulder-66276,BOULDER / CARPENTER PARK1,boulder-carpenter-park,2023-07-17 14:25:37+00:00,7.083,4.430833333333333
boulder-136632,BOULDER / CARPENTER PARK1,boulder-carpenter-park,2023-07-17 15:36:00+00:00,16.404,2.95
boulder-66344,BOULDER / CARPENTER PARK1,boulder-carpenter-park,2023-07-17 15:36:19+00:00,16.404,2.9588888888888887
boulder-136680,BOULDER / CARPENTER PARK1,boulder-carpenter-park,2023-07-17 18:45:00+00:00,48.017,8.2
boulder-66099,BOULDER / CARPENTER PARK1,boulder-carpenter-park,2023-07-17 18:45:03+00:00,48.017,8.213333333333333
boulder-136686,BOULDER / CARPENTER PARK1,boulder-carpenter-park,2023-07-17 19:05:00+00:00,0.0,0.06666666666666667
boulder-66118,BOULDER / CARPENTER PARK1,boulder-carpenter-park,2023-07-17 19:05:14+00:00,0.0,0.07833333333333334
boulder-136695,BOULDER / CARPENTER PARK1,boulder-carpenter-park,2023-07-17 19:36:00+00:00,0.0,1.5166666666666666
boulder-66138,BOULDER / CARPENTER PARK1,boulder-carpenter-park,2023-07-17 19:36:37+00:00,0.0,1.5083333333333333
boulder-136731,BOULDER / CARPENTER PARK2,boulder-carpenter-park,2023-07-17 21:05:00+00:00,8.947,1.5333333333333334
boulder-66219,BOULDER / CARPENTER PARK2,boulder-carpenter-park,2023-07-17 21:05:49+00:00,8.947,1.5241666666666667
boulder-136756,BOULDER / CARPENTER PARK2,boulder-carpenter-park,2023-07-17 23:48:00+00:00,4.522,1.4166666666666667
boulder-66273,BOULDER / CARPENTER PARK2,boulder-carpenter-park,2023-07-17 23:48:24+00:00,4.522,1.4252777777777779
boulder-136758,BOULDER / CARPENTER PARK1,boulder-carpenter-park,2023-07-18 00:05:00+00:00,0.0,0.016666666666666666
boulder-66279,BOULDER / CARPENTER PARK1,boulder-carpenter-park,2023-07-18 00:05:35+00:00,0.0,0.012222222222222223
boulder-136760,BOULDER / CARPENTER PARK2,boulder-carpenter-park,2023-07-18 00:14:00+00:00,0.0,0.016666666666666666
boulder-66285,BOULDER / CARPENTER PARK2,boulder-carpenter-park,2023-07-18 00:14:08+00:00,0.0,0.015277777777777777
boulder-136764,BOULDER / CARPENTER PARK1,boulder-carpenter-park,2023-07-18 00:15:00+00:00,9.458,1.6166666666666667
boulder-66302,BOULDER / CARPENTER PARK1,boulder-carpenter-park,2023-07-18 00:15:44+00:00,9.458,1.6177777777777778
boulder-136780,BOULDER / CARPENTER PARK2,boulder-carpenter-park,2023-07-18 03:18:00+00:00,0.922,0.16666666666666666
boulder-66369,BOULDER / CARPENTER PARK2,boulder-carpenter-park,2023-07-18 03:18:15+00:00,0.922,0.16444444444444445
boulder-136791,BOULDER / CARPENTER PARK1,boulder-carpenter-park,2023-07-18 12:53:00+00:00,0.0,0.03333333333333333
boulder-66001,BOULDER / CARPENTER PARK1,boulder-carpenter-park,2023-07-18 12:53:40+00:00,0.0,0.025833333333333333
boulder-136808,BOULDER / CARPENTER PARK1,boulder-carpenter-park,2023-07-18 12:56:00+00:00,5.124,1.6833333333333333
boulder-66006,BOULDER / CARPENTER PARK1,boulder-carpenter-park,2023-07-18 12:56:37+00:00,5.124,1.6816666666666666
boulder-136843,BOULDER / CARPENTER PARK1,boulder-carpenter-park,2023-07-18 14:55:00+00:00,8.43,3.5833333333333335
boulder-66024,BOULDER / CARPENTER PARK1,boulder-carpenter-park,2023-07-18 14:55:14+00:00,8.43,3.5941666666666667
boulder-136891,BOULDER / CARPENTER PARK2,boulder-carpenter-park,2023-07-18 15:32:00+00:00,2.065,1.0
boulder-66036,BOULDER / CARPENTER PARK2,boulder-carpenter-park,2023-07-18 15:32:57+00:00,2.065,0.9938888888888889
boulder-136897,BOULDER / CARPENTER PARK1,boulder-carpenter-park,2023-07-18 16:14:00+00:00,1.85,0.5166666666666667
boulder-66038,BOULDER / CARPENTER PARK1,boulder-carpenter-park,2023-07-18 16:14:50+00:00,1.85,0.5102777777777778
boulder-136930,BOULDER / CARPENTER PARK2,boulder-carpenter-park,2023-07-18 17:59:00+00:00,2.658,1.2166666666666666
boulder-66050,BOULDER / CARPENTER PARK2,boulder-carpenter-park,2023-07-18 17:59:54+00:00,2.658,1.2025
boulder-136973,BOULDER / CARPENTER PARK1,boulder-carpenter-park,2023-07-18 18:35:00+00:00,0.0,0.5
boulder-66056,BOULDER / CARPENTER PARK1,boulder-carpenter-park,2023-07-18 18:35:59+00:00,0.0,0.49666666666666665
boulder-136999,BOULDER / CARPENTER PARK1,boulder-carpenter-park,2023-07-18 21:02:00+00:00,0.0,0.03333333333333333
boulder-66079,BOULDER / CARPENTER PARK1,boulder-carpenter-park,2023-07-18 21:02:02+00:00,0.0,0.03305555555555555
boulder-137005,BOULDER / CARPENTER PARK1,boulder-carpenter-park,2023-07-18 21:04:00+00:00,1.021,0.18333333333333332
boulder-66093,BOULDER / CARPENTER PARK1,boulder-carpenter-park,2023-07-18 21:04:16+00:00,1.021,0.1811111111111111
boulder-137011,BOULDER / CARPENTER PARK2,boulder-carpenter-park,2023-07-18 21:07:00+00:00,2.759,1.5666666666666667
boulder-66106,BOULDER / CARPENTER PARK2,boulder-carpenter-park,2023-07-18 21:07:10+00:00,2.759,1.5647222222222221
boulder-137014,BOULDER / CARPENTER PARK1,boulder-carpenter-park,2023-07-18 21:24:00+00:00,0.0,0.0
boulder-66113,BOULDER / CARPENTER PARK1,boulder-carpenter-park,2023-07-18 21:24:20+00:00,0.0,0.008333333333333333
boulder-137017,BOULDER / CARPENTER PARK1,boulder-carpenter-park,2023-07-18 21:25:00+00:00,0.0,0.016666666666666666
boulder-66120,BOULDER / CARPENTER PARK1,boulder-carpenter-park,2023-07-18 21:25:37+00:00,0.0,0.020277777777777777
boulder-137020,BOULDER / CARPENTER PARK1,boulder-carpenter-park,2023-07-18 21:27:00+00:00,0.0,0.016666666666666666
boulder-66126,BOULDER / CARPENTER PARK1,boulder-carpenter-park,2023-07-18 21:27:42+00:00,0.0,0.019166666666666665
boulder-137022,BOULDER / CARPENTER PARK1,boulder-carpenter-park,2023-07-18 21:30:00+00:00,0.0,0.03333333333333333
boulder-66133,BOULDER / CARPENTER PARK1,boulder-carpenter-park,2023-07-18 21:30:12+00:00,0.0,0.03305555555555555
boulder-137032,BOULDER / CARPENTER PARK1,boulder-carpenter-park,2023-07-18 21:52:00+00:00,0.0,0.016666666666666666
boulder-66189,BOULDER / CARPENTER PARK1,boulder-carpenter-park,2023-07-18 21:52:26+00:00,0.0,0.02
boulder-137034,BOULDER / CARPENTER PARK1,boulder-carpenter-park,2023-07-18 21:54:00+00:00,0.0,0.016666666666666666
boulder-66197,BOULDER / CARPENTER PARK1,boulder-carpenter-park,2023-07-18 21:54:34+00:00,0.0,0.01861111111111111
boulder-137036,BOULDER / CARPENTER PARK1,boulder-carpenter-park,2023-07-18 21:56:00+00:00,7.14,1.2166666666666666
boulder-66202,BOULDER / CARPENTER PARK1,boulder-carpenter-park,2023-07-18 21:56:07+00:00,7.14,1.2222222222222223
boulder-137044,BOULDER / CARPENTER PARK2,boulder-carpenter-park,2023-07-18 22:36:00+00:00,0.0,0.9166666666666666
boulder-66232,BOULDER / CARPENTER PARK2,boulder-carpenter-park,2023-07-18 22:36:53+00:00,0.0,0.905
boulder-137054,BOULDER / CARPENTER PARK1,boulder-carpenter-park,2023-07-18 22:49:00+00:00,0.0,1.0666666666666667
boulder-66249,BOULDER / CARPENTER PARK1,boulder-carpenter-park,2023-07-18 22:49:51+00:00,0.0,1.0633333333333332
boulder-137057,BOULDER / CARPENTER PARK2,boulder-carpenter-park,2023-07-18 23:04:00+00:00,0.0,0.03333333333333333
boulder-66254,BOULDER / CARPENTER PARK2,boulder-carpenter-park,2023-07-18 23:04:09+00:00,0.0,0.04416666666666667
boulder-137069,BOULDER / CARPENTER PARK1,boulder-carpenter-park,2023-07-18 23:22:00+00:00,3.362,0.6
boulder-66277,BOULDER / CARPENTER PARK1,boulder-carpenter-park,2023-07-18 23:22:25+00:00,3.362,0.5963888888888889
boulder-137077,BOULDER / CARPENTER PARK2,boulder-carpenter-park,2023-07-18 23:47:00+00:00,0.0,0.016666666666666666
boulder-66299,BOULDER / CARPENTER PARK2,boulder-carpenter-park,2023-07-18 23:47:25+00:00,0.0,0.01138888888888889
boulder-137080,BOULDER / CARPENTER PARK2,boulder-carpenter-park,2023-07-18 23:48:00+00:00,0.351,0.06666666666666667
boulder-66305,BOULDER / CARPENTER PARK2,boulder-carpenter-park,2023-07-18 23:48:14+00:00,0.351,0.06944444444444445
boulder-137083,BOULDER / CARPENTER PARK2,boulder-carpenter-park,2023-07-18 23:54:00+00:00,8.196,1.8333333333333333
boulder-66311,BOULDER / CARPENTER PARK2,boulder-carpenter-park,2023-07-18 23:54:11+00:00,8.196,1.8425
boulder-137089,BOULDER / CARPENTER PARK2,boulder-carpenter-park,2023-07-19 00:02:00+00:00,0.0,0.03333333333333333
boulder-66323,BOULDER / CARPENTER PARK2,boulder-carpenter-park,2023-07-19 00:02:22+00:00,0.0,0.030833333333333334
boulder-137094,BOULDER / CARPENTER PARK1,boulder-carpenter-park,2023-07-19 00:05:00+00:00,0.0,0.016666666666666666
boulder-66335,BOULDER / CARPENTER PARK1,boulder-carpenter-park,2023-07-19 00:05:13+00:00,0.0,0.013888888888888888
boulder-137124,BOULDER / CARPENTER PARK1,boulder-carpenter-park,2023-07-19 03:17:00+00:00,11.268,1.9333333333333333
boulder-66084,BOULDER / CARPENTER PARK1,boulder-carpenter-park,2023-07-19 03:17:00+00:00,11.268,1.9413888888888888
boulder-137125,BOULDER / CARPENTER PARK2,boulder-carpenter-park,2023-07-19 11:56:00+00:00,6.438,1.1
boulder-66090,BOULDER / CARPENTER PARK2,boulder-carpenter-park,2023-07-19 11:56:11+00:00,6.438,1.1094444444444445
boulder-137126,BOULDER / CARPENTER PARK2,boulder-carpenter-park,2023-07-19 11:57:00+00:00,0.0,0.016666666666666666
boulder-66097,BOULDER / CARPENTER PARK2,boulder-carpenter-park,2023-07-19 11:57:46+00:00,0.0,0.017222222222222222
boulder-137127,BOULDER / CARPENTER PARK1,boulder-carpenter-park,2023-07-19 11:59:00+00:00,0.0,0.016666666666666666
boulder-66103,BOULDER / CARPENTER PARK1,boulder-carpenter-park,2023-07-19 11:59:23+00:00,0.0,0.015277777777777777
boulder-137128,BOULDER / CARPENTER PARK1,boulder-carpenter-park,2023-07-19 12:00:00+00:00,5.171,1.3333333333333333
boulder-66110,BOULDER / CARPENTER PARK1,boulder-carpenter-park,2023-07-19 12:00:27+00:00,5.171,1.34
boulder-137131,BOULDER / CARPENTER PARK1,boulder-carpenter-park,2023-07-19 12:19:00+00:00,0.0,0.016666666666666666
boulder-66130,BOULDER / CARPENTER PARK1,boulder-carpenter-park,2023-07-19 12:19:16+00:00,0.0,0.016944444444444446
boulder-137173,BOULDER / CARPENTER PARK1,boulder-carpenter-park,2023-07-19 14:59:00+00:00,11.335,3.433333333333333
boulder-66275,BOULDER / CARPENTER PARK1,boulder-carpenter-park,2023-07-19 14:59:15+00:00,11.335,3.438888888888889
boulder-137188,BOULDER / CARPENTER PARK2,boulder-carpenter-park,2023-07-19 15:29:00+00:00,15.333,2.716666666666667
boulder-66304,BOULDER / CARPENTER PARK2,boulder-carpenter-park,2023-07-19 15:29:22+00:00,15.333,2.7194444444444446
boulder-137198,BOULDER / CARPENTER PARK1,boulder-carpenter-park,2023-07-19 15:41:00+00:00,5.371,2.066666666666667
boulder-66315,BOULDER / CARPENTER PARK1,boulder-carpenter-park,2023-07-19 15:41:30+00:00,5.371,2.0644444444444443
boulder-137227,BOULDER / CARPENTER PARK2,boulder-carpenter-park,2023-07-19 18:44:00+00:00,8.986,1.6
boulder-66397,BOULDER / CARPENTER PARK2,boulder-carpenter-park,2023-07-19 18:44:04+00:00,8.986,1.606111111111111
boulder-137233,BOULDER / CARPENTER PARK1,boulder-carpenter-park,2023-07-19 18:56:00+00:00,11.321,1.9666666666666666
boulder-66400,BOULDER / CARPENTER PARK1,boulder-carpenter-park,2023-07-19 18:56:21+00:00,11.321,1.9713888888888889
boulder-137235,BOULDER / CARPENTER PARK1,boulder-carpenter-park,2023-07-19 19:13:00+00:00,0.0,0.26666666666666666
boulder-66018,BOULDER / CARPENTER PARK1,boulder-carpenter-park,2023-07-19 19:13:52+00:00,0.0,0.2538888888888889
boulder-137250,BOULDER / CARPENTER PARK2,boulder-carpenter-park,2023-07-19 19:37:00+00:00,0.0,0.016666666666666666
boulder-66067,BOULDER / CARPENTER PARK2,boulder-carpenter-park,2023-07-19 19:37:15+00:00,0.0,0.0125
boulder-137253,BOULDER / CARPENTER PARK1,boulder-carpenter-park,2023-07-19 19:38:00+00:00,15.291,2.6
boulder-66068,BOULDER / CARPENTER PARK1,boulder-carpenter-park,2023-07-19 19:38:50+00:00,15.291,2.5861111111111112
boulder-137256,BOULDER / CARPENTER PARK2,boulder-carpenter-park,2023-07-19 19:42:00+00:00,0.0,0.23333333333333334
boulder-66069,BOULDER / CARPENTER PARK2,boulder-carpenter-park,2023-07-19 19:42:51+00:00,0.0,0.2225
boulder-137265,BOULDER / CARPENTER PARK2,boulder-carpenter-park,2023-07-19 20:45:00+00:00,13.286,7.983333333333333
boulder-66096,BOULDER / CARPENTER PARK2,boulder-carpenter-park,2023-07-19 20:45:59+00:00,13.286,7.969166666666666
boulder-137273,BOULDER / CARPENTER PARK1,boulder-carpenter-park,2023-07-19 21:12:00+00:00,1.863,0.3333333333333333
boulder-66123,BOULDER / CARPENTER PARK1,boulder-carpenter-park,2023-07-19 21:12:33+00:00,1.863,0.33611111111111114
boulder-137337,BOULDER / CARPENTER PARK1,boulder-carpenter-park,2023-07-19 23:59:00+00:00,0.0,0.03333333333333333
boulder-66255,BOULDER / CARPENTER PARK1,boulder-carpenter-park,2023-07-19 23:59:36+00:00,0.0,0.03305555555555555
boulder-137338,BOULDER / CARPENTER PARK2,boulder-carpenter-park,2023-07-20 00:00:00+00:00,0.0,1.1666666666666667
boulder-66261,BOULDER / CARPENTER PARK2,boulder-carpenter-park,2023-07-20 00:00:47+00:00,0.0,1.1611111111111112
boulder-137365,BOULDER / CARPENTER PARK1,boulder-carpenter-park,2023-07-20 01:44:00+00:00,0.0,0.016666666666666666
boulder-66318,BOULDER / CARPENTER PARK1,boulder-carpenter-park,2023-07-20 01:44:19+00:00,0.0,0.013888888888888888
boulder-137368,BOULDER / CARPENTER PARK1,boulder-carpenter-park,2023-07-20 01:45:00+00:00,1.384,0.45
boulder-66324,BOULDER / CARPENTER PARK1,boulder-carpenter-park,2023-07-20 01:45:28+00:00,1.384,0.445
boulder-137377,BOULDER / CARPENTER PARK1,boulder-carpenter-park,2023-07-20 04:16:00+00:00,0.0,0.016666666666666666
boulder-66341,BOULDER / CARPENTER PARK1,boulder-carpenter-park,2023-07-20 04:16:41+00:00,0.0,0.018333333333333333
boulder-137380,BOULDER / CARPENTER PARK1,boulder-carpenter-park,2023-07-20 04:18:00+00:00,45.526,9.833333333333334
boulder-66346,BOULDER / CARPENTER PARK1,boulder-carpenter-park,2023-07-20 04:18:45+00:00,45.526,9.825
boulder-137393,BOULDER / CARPENTER PARK2,boulder-carpenter-park,2023-07-20 13:10:00+00:00,29.763,5.966666666666667
boulder-66415,BOULDER / CARPENTER PARK2,boulder-carpenter-park,2023-07-20 13:10:09+00:00,29.763,5.973611111111111
boulder-137405,BOULDER / CARPENTER PARK1,boulder-carpenter-park,2023-07-20 14:16:00+00:00,10.911,3.4
boulder-66484,BOULDER / CARPENTER PARK1,boulder-carpenter-park,2023-07-20 14:16:13+00:00,10.911,3.401666666666667
boulder-137408,BOULDER / CARPENTER PARK1,boulder-carpenter-park,2023-07-20 14:20:00+00:00,0.0,0.03333333333333333
boulder-66491,BOULDER / CARPENTER PARK1,boulder-carpenter-park,2023-07-20 14:20:44+00:00,0.0,0.03333333333333333
boulder-137410,BOULDER / CARPENTER PARK2,boulder-carpenter-park,2023-07-20 14:21:00+00:00,0.0,0.016666666666666666
boulder-66497,BOULDER / CARPENTER PARK2,boulder-carpenter-park,2023-07-20 14:21:08+00:00,0.0,0.019444444444444445
boulder-137412,BOULDER / CARPENTER PARK2,boulder-carpenter-park,2023-07-20 14:22:00+00:00,0.0,0.016666666666666666
boulder-66504,BOULDER / CARPENTER PARK2,boulder-carpenter-park,2023-07-20 14:22:27+00:00,0.0,0.019166666666666665
boulder-137414,BOULDER / CARPENTER PARK2,boulder-carpenter-park,2023-07-20 14:23:00+00:00,0.0,0.03333333333333333
boulder-66511,BOULDER / CARPENTER PARK2,boulder-carpenter-park,2023-07-20 14:23:39+00:00,0.0,0.024722222222222222
boulder-137416,BOULDER / CARPENTER PARK1,boulder-carpenter-park,2023-07-20 14:24:00+00:00,0.0,0.03333333333333333
boulder-66560,BOULDER / CARPENTER PARK1,boulder-carpenter-park,2023-07-20 14:24:16+00:00,0.0,0.03333333333333333
boulder-137418,BOULDER / CARPENTER PARK1,boulder-carpenter-park,2023-07-20 14:26:00+00:00,0.0,0.03333333333333333
boulder-66567,BOULDER / CARPENTER PARK1,boulder-carpenter-park,2023-07-20 14:26:32+00:00,0.0,0.03861111111111111
boulder-137422,BOULDER / CARPENTER PARK1,boulder-carpenter-park,2023-07-20 14:37:00+00:00,11.455,3.8833333333333333
boulder-66578,BOULDER / CARPENTER PARK1,boulder-carpenter-park,2023-07-20 14:37:52+00:00,11.455,3.8825
boulder-137492,BOULDER / CARPENTER PARK1,boulder-carpenter-park,2023-07-20 18:03:00+00:00,38.451,6.633333333333334
boulder-66701,BOULDER / CARPENTER PARK1,boulder-carpenter-park,2023-07-20 18:03:21+00:00,38.451,6.633055555555556
boulder-137506,BOULDER / CARPENTER PARK2,boulder-carpenter-park,2023-07-20 19:21:00+00:00,3.332,1.1
boulder-66773,BOULDER / CARPENTER PARK2,boulder-carpenter-park,2023-07-20 19:21:42+00:00,3.332,1.0963888888888889
boulder-137532,BOULDER / CARPENTER PARK1,boulder-carpenter-park,2023-07-20 20:19:00+00:00,0.0,0.0
boulder-66779,BOULDER / CARPENTER PARK1,boulder-carpenter-park,2023-07-20 20:19:20+00:00,0.0,0.010277777777777778
boulder-137543,BOULDER / CARPENTER PARK1,boulder-carpenter-park,2023-07-20 22:39:00+00:00,4.6,0.8666666666666667
boulder-66487,BOULDER / CARPENTER PARK1,boulder-carpenter-park,2023-07-20 22:39:36+00:00,4.6,0.8608333333333333
boulder-137552,BOULDER / CARPENTER PARK2,boulder-carpenter-park,2023-07-20 23:43:00+00:00,11.394,1.9666666666666666
boulder-66629,BOULDER / CARPENTER PARK2,boulder-carpenter-park,2023-07-20 23:43:27+00:00,11.394,1.9738888888888888
boulder-137596,BOULDER / CARPENTER PARK2,boulder-carpenter-park,2023-07-21 11:54:00+00:00,3.773,0.65
boulder-66760,BOULDER / CARPENTER PARK2,boulder-carpenter-park,2023-07-21 11:54:53+00:00,3.773,0.6486111111111111
boulder-137603,BOULDER / CARPENTER PARK1,boulder-carpenter-park,2023-07-21 14:50:00+00:00,8.356,4.966666666666667
boulder-66784,BOULDER / CARPENTER PARK1,boulder-carpenter-park,2023-07-21 14:50:32+00:00,8.356,4.9686111111111115
boulder-137605,BOULDER / CARPENTER PARK2,boulder-carpenter-park,2023-07-21 15:09:00+00:00,6.148,1.8
boulder-66788,BOULDER / CARPENTER PARK2,boulder-carpenter-park,2023-07-21 15:09:16+00:00,6.148,1.8027777777777778
boulder-137638,BOULDER / CARPENTER PARK2,boulder-carpenter-park,2023-07-21 16:56:00+00:00,0.0,0.016666666666666666
boulder-66798,BOULDER / CARPENTER PARK2,boulder-carpenter-park,2023-07-21 16:56:33+00:00,0.0,0.010555555555555556
boulder-137639,BOULDER / CARPENTER PARK2,boulder-carpenter-park,2023-07-21 16:57:00+00:00,0.016,0.016666666666666666
boulder-66799,BOULDER / CARPENTER PARK2,boulder-carpenter-park,2023-07-21 16:57:19+00:00,0.016,0.013888888888888888
boulder-135208,BOULDER / CARPENTER PARK2,boulder-carpenter-park,2023-07-21 16:58:00+00:00,3.659,2.183333333333333
boulder-66402,BOULDER / CARPENTER PARK2,boulder-carpenter-park,2023-07-21 16:58:13+00:00,3.659,2.1866666666666665
boulder-135715,BOULDER / CARPENTER PARK1,boulder-carpenter-park,2023-07-21 17:07:00+00:00,6.275,3.05
boulder-66410,BOULDER / CARPENTER PARK1,boulder-carpenter-park,2023-07-21 17:07:48+00:00,6.275,3.0380555555555557
boulder-135733,BOULDER / CARPENTER PARK2,boulder-carpenter-park,2023-07-21 17:49:00+00:00,0.0,1.3166666666666667
boulder-66427,BOULDER / CARPENTER PARK2,boulder-carpenter-park,2023-07-21 17:49:52+00:00,0.0,1.3119444444444444
boulder-135770,BOULDER / CARPENTER PARK2,boulder-carpenter-park,2023-07-21 19:18:00+00:00,0.0,0.016666666666666666
boulder-66436,BOULDER / CARPENTER PARK2,boulder-carpenter-park,2023-07-21 19:18:20+00:00,0.0,0.02638888888888889
boulder-135778,BOULDER / CARPENTER PARK2,boulder-carpenter-park,2023-07-21 19:21:00+00:00,0.0,1.3666666666666667
boulder-66438,BOULDER / CARPENTER PARK2,boulder-carpenter-park,2023-07-21 19:21:13+00:00,0.0,1.3630555555555555
boulder-135782,BOULDER / CARPENTER PARK1,boulder-carpenter-park,2023-07-21 20:28:00+00:00,0.0,0.0
boulder-66439,BOULDER / CARPENTER PARK1,boulder-carpenter-park,2023-07-21 20:28:07+00:00,0.0,0.012222222222222223
boulder-135785,BOULDER / CARPENTER PARK1,boulder-carpenter-park,2023-07-21 20:29:00+00:00,8.889,1.5
boulder-66440,BOULDER / CARPENTER PARK1,boulder-carpenter-park,2023-07-21 20:29:47+00:00,8.889,1.5030555555555556
boulder-135794,BOULDER / CARPENTER PARK1,boulder-carpenter-park,2023-07-21 21:27:00+00:00,1.823,0.3333333333333333
boulder-66443,BOULDER / CARPENTER PARK1,boulder-carpenter-park,2023-07-21 21:27:50+00:00,1.823,0.3233333333333333
boulder-135803,BOULDER / CARPENTER PARK1,boulder-carpenter-park,2023-07-21 21:57:00+00:00,0.0,0.03333333333333333
boulder-66445,BOULDER / CARPENTER PARK1,boulder-carpenter-park,2023-07-21 21:57:42+00:00,0.0,0.022222222222222223
boulder-135808,BOULDER / CARPENTER PARK1,boulder-carpenter-park,2023-07-21 22:00:00+00:00,4.529,0.7833333333333333
boulder-66447,BOULDER / CARPENTER PARK1,boulder-carpenter-park,2023-07-21 22:00:33+00:00,4.529,0.7755555555555556
boulder-135811,BOULDER / CARPENTER PARK1,boulder-carpenter-park,2023-07-21 22:17:00+00:00,0.0,0.016666666666666666
boulder-66450,BOULDER / CARPENTER PARK1,boulder-carpenter-park,2023-07-21 22:17:33+00:00,0.0,0.018333333333333333
boulder-135813,BOULDER / CARPENTER PARK1,boulder-carpenter-park,2023-07-21 22:19:00+00:00,0.0,0.0
boulder-66452,BOULDER / CARPENTER PARK1,boulder-carpenter-park,2023-07-21 22:19:05+00:00,0.0,0.009166666666666667
boulder-135814,BOULDER / CARPENTER PARK2,boulder-carpenter-park,2023-07-21 22:22:00+00:00,9.1,1.55
boulder-66453,BOULDER / CARPENTER PARK2,boulder-carpenter-park,2023-07-21 22:22:35+00:00,9.1,1.5566666666666666
boulder-135816,BOULDER / CARPENTER PARK1,boulder-carpenter-park,2023-07-21 22:44:00+00:00,0.0,0.016666666666666666
boulder-66455,BOULDER / CARPENTER PARK1,boulder-carpenter-park,2023-07-21 22:44:24+00:00,0.0,0.01972222222222222
boulder-135817,BOULDER / CARPENTER PARK1,boulder-carpenter-park,2023-07-21 22:45:00+00:00,0.0,0.03333333333333333
boulder-66456,BOULDER / CARPENTER PARK1,boulder-carpenter-park,2023-07-21 22:45:55+00:00,0.0,0.021666666666666667
boulder-135818,BOULDER / CARPENTER PARK1,boulder-carpenter-park,2023-07-21 22:48:00+00:00,1.533,0.6833333333333333
boulder-66457,BOULDER / CARPENTER PARK1,boulder-carpenter-park,2023-07-21 22:48:07+00:00,1.533,0.695
boulder-135824,BOULDER / CARPENTER PARK1,boulder-carpenter-park,2023-07-21 23:29:00+00:00,7.463,3.0
boulder-66463,BOULDER / CARPENTER PARK1,boulder-carpenter-park,2023-07-21 23:29:21+00:00,7.463,2.9941666666666666
boulder-135829,BOULDER / CARPENTER PARK2,boulder-carpenter-park,2023-07-22 00:27:00+00:00,0.0,0.016666666666666666
boulder-66468,BOULDER / CARPENTER PARK2,boulder-carpenter-park,2023-07-22 00:27:39+00:00,0.0,0.015555555555555555
boulder-135830,BOULDER / CARPENTER PARK2,boulder-carpenter-park,2023-07-22 00:29:00+00:00,0.0,0.016666666666666666
boulder-66401,BOULDER / CARPENTER PARK2,boulder-carpenter-park,2023-07-22 00:29:01+00:00,0.0,0.016944444444444446
boulder-135831,BOULDER / CARPENTER PARK1,boulder-carpenter-park,2023-07-22 00:31:00+00:00,6.855,2.35
boulder-66403,BOULDER / CARPENTER PARK1,boulder-carpenter-park,2023-07-22 00:31:16+00:00,6.855,2.3594444444444442
boulder-135838,BOULDER / CARPENTER PARK1,boulder-carpenter-park,2023-07-22 04:27:00+00:00,34.858,5.933333333333334
boulder-66421,BOULDER / CARPENTER PARK1,boulder-carpenter-park,2023-07-22 04:27:23+00:00,34.858,5.9275
boulder-135846,BOULDER / CARPENTER PARK1,boulder-carpenter-park,2023-07-22 13:48:00+00:00,4.777,2.6666666666666665
boulder-66509,BOULDER / CARPENTER PARK1,boulder-carpenter-park,2023-07-22 13:48:29+00:00,4.777,2.6630555555555557
boulder-135859,BOULDER / CARPENTER PARK2,boulder-carpenter-park,2023-07-22 15:56:00+00:00,14.67,2.4833333333333334
boulder-66662,BOULDER / CARPENTER PARK2,boulder-carpenter-park,2023-07-22 15:56:46+00:00,14.67,2.4833333333333334
boulder-135864,BOULDER / CARPENTER PARK1,boulder-carpenter-park,2023-07-22 16:47:00+00:00,0.0,0.016666666666666666
boulder-66692,BOULDER / CARPENTER PARK1,boulder-carpenter-park,2023-07-22 16:47:28+00:00,0.0,0.010555555555555556
boulder-135867,BOULDER / CARPENTER PARK1,boulder-carpenter-park,2023-07-22 16:58:00+00:00,6.171,3.6333333333333333
boulder-66723,BOULDER / CARPENTER PARK1,boulder-carpenter-park,2023-07-22 16:58:32+00:00,6.171,3.636388888888889
boulder-135872,BOULDER / CARPENTER PARK2,boulder-carpenter-park,2023-07-22 18:29:00+00:00,0.0,0.016666666666666666
boulder-66762,BOULDER / CARPENTER PARK2,boulder-carpenter-park,2023-07-22 18:29:30+00:00,0.0,0.011111111111111112
boulder-135873,BOULDER / CARPENTER PARK2,boulder-carpenter-park,2023-07-22 18:30:00+00:00,0.46,3.2
boulder-66763,BOULDER / CARPENTER PARK2,boulder-carpenter-park,2023-07-22 18:30:24+00:00,0.46,3.2088888888888887
boulder-135875,BOULDER / CARPENTER PARK1,boulder-carpenter-park,2023-07-22 18:33:00+00:00,13.079,2.466666666666667
boulder-66765,BOULDER / CARPENTER PARK1,boulder-carpenter-park,2023-07-22 18:33:33+00:00,13.079,2.463611111111111
boulder-135893,BOULDER / CARPENTER PARK1,boulder-carpenter-park,2023-07-22 21:20:00+00:00,0.0,0.0
boulder-66625,BOULDER / CARPENTER PARK1,boulder-carpenter-park,2023-07-22 21:20:05+00:00,0.0,0.014722222222222222
boulder-135896,BOULDER / CARPENTER PARK2,boulder-carpenter-park,2023-07-22 21:47:00+00:00,0.0,0.016666666666666666
boulder-66637,BOULDER / CARPENTER PARK2,boulder-carpenter-park,2023-07-22 21:47:55+00:00,0.0,0.005833333333333334
boulder-135897,BOULDER / CARPENTER PARK2,boulder-carpenter-park,2023-07-22 21:48:00+00:00,9.927,1.7333333333333334
boulder-66638,BOULDER / CARPENTER PARK2,boulder-carpenter-park,2023-07-22 21:48:44+00:00,9.927,1.7255555555555555
boulder-135900,BOULDER / CARPENTER PARK1,boulder-carpenter-park,2023-07-22 22:17:00+00:00,5.569,0.9833333333333333
boulder-66647,BOULDER / CARPENTER PARK1,boulder-carpenter-park,2023-07-22 22:17:56+00:00,5.569,0.9705555555555555
boulder-135907,BOULDER / CARPENTER PARK1,boulder-carpenter-park,2023-07-22 23:12:00+00:00,3.605,1.15
boulder-66681,BOULDER / CARPENTER PARK1,boulder-carpenter-park,2023-07-22 23:12:42+00:00,3.605,1.1444444444444444
boulder-135908,BOULDER / CARPENTER PARK1,boulder-carpenter-park,2023-07-22 23:32:00+00:00,0.754,0.15
boulder-66685,BOULDER / CARPENTER PARK1,boulder-carpenter-park,2023-07-22 23:32:30+00:00,0.754,0.1436111111111111
boulder-135917,BOULDER / CARPENTER PARK2,boulder-carpenter-park,2023-07-23 01:49:00+00:00,0.0,0.0
boulder-135918,BOULDER / CARPENTER PARK2,boulder-carpenter-park,2023-07-23 01:49:00+00:00,5.31,0.9166666666666666
boulder-66710,BOULDER / CARPENTER PARK2,boulder-carpenter-park,2023-07-23 01:49:10+00:00,0.0,0.009722222222222222
boulder-66711,BOULDER / CARPENTER PARK2,boulder-carpenter-park,2023-07-23 01:49:57+00:00,5.31,0.9025
boulder-135921,BOULDER / CARPENTER PARK1,boulder-carpenter-park,2023-07-23 12:03:00+00:00,7.013,1.2166666666666666
boulder-66714,BOULDER / CARPENTER PARK1,boulder-carpenter-park,2023-07-23 12:03:36+00:00,7.013,1.2227777777777777
boulder-135925,BOULDER / CARPENTER PARK1,boulder-carpenter-park,2023-07-23 13:07:00+00:00,0.0,0.016666666666666666
boulder-66718,BOULDER / CARPENTER PARK1,boulder-carpenter-park,2023-07-23 13:07:33+00:00,0.0,0.014444444444444444
boulder-135926,BOULDER / CARPENTER PARK2,boulder-carpenter-park,2023-07-23 13:10:00+00:00,0.0,0.03333333333333333
boulder-66719,BOULDER / CARPENTER PARK2,boulder-carpenter-park,2023-07-23 13:10:48+00:00,0.0,0.028333333333333332
boulder-135927,BOULDER / CARPENTER PARK2,boulder-carpenter-park,2023-07-23 13:12:00+00:00,0.0,0.016666666666666666
boulder-66720,BOULDER / CARPENTER PARK2,boulder-carpenter-park,2023-07-23 13:12:33+00:00,0.0,0.016944444444444446
boulder-135928,BOULDER / CARPENTER PARK2,boulder-carpenter-park,2023-07-23 13:14:00+00:00,2.233,0.38333333333333336
boulder-66721,BOULDER / CARPENTER PARK2,boulder-carpenter-park,2023-07-23 13:14:00+00:00,2.233,0.385
boulder-135932,BOULDER / CARPENTER PARK2,boulder-carpenter-park,2023-07-23 14:36:00+00:00,4.032,0.6833333333333333
boulder-66489,BOULDER / CARPENTER PARK2,boulder-carpenter-park,2023-07-23 14:36:19+00:00,4.032,0.6888888888888889
boulder-135933,BOULDER / CARPENTER PARK1,boulder-carpenter-park,2023-07-23 14:55:00+00:00,1.609,2.533333333333333
boulder-66495,BOULDER / CARPENTER PARK1,boulder-carpenter-park,2023-07-23 14:55:56+00:00,1.609,2.5269444444444447
boulder-135936,BOULDER / CARPENTER PARK1,boulder-carpenter-park,2023-07-23 15:22:00+00:00,0.0,0.016666666666666666
boulder-66562,BOULDER / CARPENTER PARK1,boulder-carpenter-park,2023-07-23 15:22:05+00:00,0.0,0.02666666666666667
boulder-135938,BOULDER / CARPENTER PARK1,boulder-carpenter-park,2023-07-23 15:29:00+00:00,0.0,4.583333333333333
boulder-66569,BOULDER / CARPENTER PARK1,boulder-carpenter-park,2023-07-23 15:29:21+00:00,0.0,4.589722222222222
boulder-135944,BOULDER / CARPENTER PARK2,boulder-carpenter-park,2023-07-23 15:56:00+00:00,9.175,2.95
boulder-66655,BOULDER / CARPENTER PARK2,boulder-carpenter-park,2023-07-23 15:56:03+00:00,9.175,2.9644444444444447
boulder-135945,BOULDER / CARPENTER PARK2,boulder-carpenter-park,2023-07-23 16:13:00+00:00,0.0,4.85
boulder-66659,BOULDER / CARPENTER PARK2,boulder-carpenter-park,2023-07-23 16:13:11+00:00,0.0,4.8597222222222225
boulder-135965,BOULDER / CARPENTER PARK2,boulder-carpenter-park,2023-07-23 19:00:00+00:00,0.0,1.6166666666666667
boulder-66745,BOULDER / CARPENTER PARK2,boulder-carpenter-park,2023-07-23 19:00:15+00:00,0.0,1.621388888888889
boulder-135976,BOULDER / CARPENTER PARK1,boulder-carpenter-park,2023-07-23 20:08:00+00:00,2.468,2.3666666666666667
boulder-66756,BOULDER / CARPENTER PARK1,boulder-carpenter-park,2023-07-23 20:08:24+00:00,2.468,2.368333333333333
boulder-135982,BOULDER / CARPENTER PARK2,boulder-carpenter-park,2023-07-23 20:46:00+00:00,2.409,2.0
boulder-66483,BOULDER / CARPENTER PARK2,boulder-carpenter-park,2023-07-23 20:46:28+00:00,2.409,2.0016666666666665
boulder-135987,BOULDER / CARPENTER PARK2,boulder-carpenter-park,2023-07-23 21:50:00+00:00,0.0,1.1333333333333333
boulder-66514,BOULDER / CARPENTER PARK2,boulder-carpenter-park,2023-07-23 21:50:00+00:00,0.0,1.1469444444444445
boulder-136000,BOULDER / CARPENTER PARK2,boulder-carpenter-park,2023-07-24 01:00:00+00:00,5.741,1.5666666666666667
boulder-66527,BOULDER / CARPENTER PARK2,boulder-carpenter-park,2023-07-24 01:00:36+00:00,5.741,1.568888888888889
boulder-136003,BOULDER / CARPENTER PARK1,boulder-carpenter-park,2023-07-24 01:48:00+00:00,0.0,0.016666666666666666
boulder-66530,BOULDER / CARPENTER PARK1,boulder-carpenter-park,2023-07-24 01:48:52+00:00,0.0,0.01
boulder-136004,BOULDER / CARPENTER PARK1,boulder-carpenter-park,2023-07-24 01:49:00+00:00,0.0,0.016666666666666666
boulder-66531,BOULDER / CARPENTER PARK1,boulder-carpenter-park,2023-07-24 01:49:34+00:00,0.0,0.013333333333333334
boulder-136005,BOULDER / CARPENTER PARK1,boulder-carpenter-park,2023-07-24 01:50:00+00:00,0.0,0.016666666666666666
boulder-66532,BOULDER / CARPENTER PARK1,boulder-carpenter-park,2023-07-24 01:50:39+00:00,0.0,0.013055555555555556
boulder-136006,BOULDER / CARPENTER PARK1,boulder-carpenter-park,2023-07-24 01:51:00+00:00,10.899,1.8666666666666667
boulder-66533,BOULDER / CARPENTER PARK1,boulder-carpenter-park,2023-07-24 01:51:29+00:00,10.899,1.8672222222222221
boulder-136016,BOULDER / CARPENTER PARK2,boulder-carpenter-park,2023-07-24 04:36:00+00:00,50.953,10.1
boulder-66543,BOULDER / CARPENTER PARK2,boulder-carpenter-park,2023-07-24 04:36:44+00:00,50.953,10.095277777777778
boulder-136019,BOULDER / CARPENTER PARK1,boulder-carpenter-park,2023-07-24 11:56:00+00:00,0.0,0.0
boulder-66546,BOULDER / CARPENTER PARK1,boulder-carpenter-park,2023-07-24 11:56:08+00:00,0.0,0.013055555555555556
boulder-136020,BOULDER / CARPENTER PARK1,boulder-carpenter-park,2023-07-24 11:58:00+00:00,6.585,1.1333333333333333
boulder-66547,BOULDER / CARPENTER PARK1,boulder-carpenter-park,2023-07-24 11:58:00+00:00,6.585,1.1430555555555555
boulder-136025,BOULDER / CARPENTER PARK2,boulder-carpenter-park,2023-07-24 12:56:00+00:00,0.0,1.25
boulder-66552,BOULDER / CARPENTER PARK2,boulder-carpenter-park,2023-07-24 12:56:22+00:00,0.0,1.2486111111111111
boulder-136029,BOULDER / CARPENTER PARK1,boulder-carpenter-park,2023-07-24 14:10:00+00:00,13.785,6.033333333333333
boulder-66556,BOULDER / CARPENTER PARK1,boulder-carpenter-park,2023-07-24 14:10:05+00:00,13.785,6.033055555555555
boulder-136037,BOULDER / CARPENTER PARK2,boulder-carpenter-park,2023-07-24 15:15:00+00:00,3.956,1.0166666666666666
boulder-66558,BOULDER / CARPENTER PARK2,boulder-carpenter-park,2023-07-24 15:15:35+00:00,3.956,1.0163888888888888
boulder-136046,BOULDER / CARPENTER PARK2,boulder-carpenter-park,2023-07-24 16:42:00+00:00,23.784,4.133333333333334
boulder-66590,BOULDER / CARPENTER PARK2,boulder-carpenter-park,2023-07-24 16:42:58+00:00,23.784,4.118888888888889
boulder-136048,BOULDER / CARPENTER PARK1,boulder-carpenter-park,2023-07-24 16:50:00+00:00,0.0,0.016666666666666666
boulder-66592,BOULDER / CARPENTER PARK1,boulder-carpenter-park,2023-07-24 16:50:33+00:00,0.0,0.013055555555555556
boulder-136057,BOULDER / CARPENTER PARK2,boulder-carpenter-park,2023-07-24 18:24:00+00:00,0.0,0.016666666666666666
boulder-66601,BOULDER / CARPENTER PARK2,boulder-carpenter-park,2023-07-24 18:24:29+00:00,0.0,0.016666666666666666
boulder-136065,BOULDER / CARPENTER PARK1,boulder-carpenter-park,2023-07-24 20:12:00+00:00,30.26,5.2
boulder-66609,BOULDER / CARPENTER PARK1,boulder-carpenter-park,2023-07-24 20:12:38+00:00,30.26,5.1963888888888885
boulder-136072,BOULDER / CARPENTER PARK2,boulder-carpenter-park,2023-07-24 21:53:00+00:00,7.147,1.2333333333333334
boulder-66616,BOULDER / CARPENTER PARK2,boulder-carpenter-park,2023-07-24 21:53:36+00:00,7.147,1.2358333333333333
boulder-136074,BOULDER / CARPENTER PARK2,boulder-carpenter-park,2023-07-24 21:56:00+00:00,0.0,0.18333333333333332
boulder-66618,BOULDER / CARPENTER PARK2,boulder-carpenter-park,2023-07-24 21:56:01+00:00,0.0,0.19166666666666668
boulder-136075,BOULDER / CARPENTER PARK1,boulder-carpenter-park,2023-07-24 22:04:00+00:00,0.0,0.016666666666666666
boulder-66619,BOULDER / CARPENTER PARK1,boulder-carpenter-park,2023-07-24 22:04:48+00:00,0.0,0.013888888888888888
boulder-136076,BOULDER / CARPENTER PARK1,boulder-carpenter-park,2023-07-24 22:06:00+00:00,8.001,1.4
boulder-66620,BOULDER / CARPENTER PARK1,boulder-carpenter-park,2023-07-24 22:06:05+00:00,8.001,1.4075
boulder-136084,BOULDER / CARPENTER PARK1,boulder-carpenter-park,2023-07-24 23:35:00+00:00,10.118,1.7166666666666666
boulder-66817,BOULDER / CARPENTER PARK1,boulder-carpenter-park,2023-07-24 23:35:24+00:00,10.118,1.7213888888888889
boulder-136085,BOULDER / CARPENTER PARK2,boulder-carpenter-park,2023-07-24 23:39:00+00:00,4.492,1.3833333333333333
boulder-66868,BOULDER / CARPENTER PARK2,boulder-carpenter-park,2023-07-24 23:39:32+00:00,4.492,1.3902777777777777
boulder-136093,BOULDER / CARPENTER PARK2,boulder-carpenter-park,2023-07-25 01:15:00+00:00,3.196,1.0
boulder-66936,BOULDER / CARPENTER PARK2,boulder-carpenter-park,2023-07-25 01:15:04+00:00,3.196,1.005
boulder-136097,BOULDER / CARPENTER PARK1,boulder-carpenter-park,2023-07-25 02:07:00+00:00,0.0,0.016666666666666666
boulder-66997,BOULDER / CARPENTER PARK1,boulder-carpenter-park,2023-07-25 02:07:59+00:00,0.0,0.009444444444444445
boulder-136098,BOULDER / CARPENTER PARK1,boulder-carpenter-park,2023-07-25 02:08:00+00:00,0.0,0.016666666666666666
boulder-67003,BOULDER / CARPENTER PARK1,boulder-carpenter-park,2023-07-25 02:08:48+00:00,0.0,0.0075
boulder-136099,BOULDER / CARPENTER PARK1,boulder-carpenter-park,2023-07-25 02:09:00+00:00,12.314,2.15
boulder-67040,BOULDER / CARPENTER PARK1,boulder-carpenter-park,2023-07-25 02:09:24+00:00,12.314,2.148888888888889
boulder-136108,BOULDER / CARPENTER PARK1,boulder-carpenter-park,2023-07-25 12:02:00+00:00,5.788,1.0166666666666666
boulder-67090,BOULDER / CARPENTER PARK1,boulder-carpenter-park,2023-07-25 12:02:34+00:00,5.788,1.0144444444444445
boulder-136111,BOULDER / CARPENTER PARK1,boulder-carpenter-park,2023-07-25 12:30:00+00:00,0.0,1.0
boulder-67109,BOULDER / CARPENTER PARK1,boulder-carpenter-park,2023-07-25 12:30:55+00:00,0.0,0.9913888888888889
boulder-136137,BOULDER / CARPENTER PARK2,boulder-carpenter-park,2023-07-25 15:42:00+00:00,1.574,2.283333333333333
boulder-66911,BOULDER / CARPENTER PARK2,boulder-carpenter-park,2023-07-25 15:42:54+00:00,1.574,2.2819444444444446
boulder-136142,BOULDER / CARPENTER PARK1,boulder-carpenter-park,2023-07-25 16:21:00+00:00,18.457,4.533333333333333
boulder-66948,BOULDER / CARPENTER PARK1,boulder-carpenter-park,2023-07-25 16:21:30+00:00,18.457,4.528611111111111
boulder-136147,BOULDER / CARPENTER PARK1,boulder-carpenter-park,2023-07-25 18:15:00+00:00,23.073,4.016666666666667
boulder-67053,BOULDER / CARPENTER PARK1,boulder-carpenter-park,2023-07-25 18:15:51+00:00,23.073,4.008333333333334
boulder-136148,BOULDER / CARPENTER PARK2,boulder-carpenter-park,2023-07-25 18:19:00+00:00,0.0,0.03333333333333333
boulder-67057,BOULDER / CARPENTER PARK2,boulder-carpenter-park,2023-07-25 18:19:18+00:00,0.0,0.03305555555555555
boulder-136151,BOULDER / CARPENTER PARK2,boulder-carpenter-park,2023-07-25 18:45:00+00:00,10.852,2.0
boulder-67072,BOULDER / CARPENTER PARK2,boulder-carpenter-park,2023-07-25 18:45:48+00:00,10.852,1.9922222222222221
boulder-136154,BOULDER / CARPENTER PARK2,boulder-carpenter-park,2023-07-25 19:37:00+00:00,0.0,1.4166666666666667
boulder-67093,BOULDER / CARPENTER PARK2,boulder-carpenter-park,2023-07-25 19:37:00+00:00,0.0,1.4266666666666667
boulder-136160,BOULDER / CARPENTER PARK2,boulder-carpenter-park,2023-07-25 20:54:00+00:00,5.007,1.6333333333333333
boulder-67122,BOULDER / CARPENTER PARK2,boulder-carpenter-park,2023-07-25 20:54:00+00:00,5.007,1.6475
boulder-136164,BOULDER / CARPENTER PARK1,boulder-carpenter-park,2023-07-25 21:26:00+00:00,8.224,1.4666666666666666
boulder-67141,BOULDER / CARPENTER PARK1,boulder-carpenter-park,2023-07-25 21:26:59+00:00,8.224,1.4502777777777778
boulder-136167,BOULDER / CARPENTER PARK2,boulder-carpenter-park,2023-07-25 22:01:00+00:00,0.0,0.05
boulder-67161,BOULDER / CARPENTER PARK2,boulder-carpenter-park,2023-07-25 22:01:15+00:00,0.0,0.04861111111111111
boulder-136181,BOULDER / CARPENTER PARK2,boulder-carpenter-park,2023-07-26 00:06:00+00:00,0.0,0.0
boulder-66803,BOULDER / CARPENTER PARK2,boulder-carpenter-park,2023-07-26 00:06:18+00:00,0.0,0.011111111111111112
boulder-136184,BOULDER / CARPENTER PARK2,boulder-carpenter-park,2023-07-26 00:35:00+00:00,4.676,1.5166666666666666
boulder-66813,BOULDER / CARPENTER PARK2,boulder-carpenter-park,2023-07-26 00:35:23+00:00,4.676,1.5255555555555556
boulder-136196,BOULDER / CARPENTER PARK1,boulder-carpenter-park,2023-07-26 01:13:00+00:00,6.871,1.3
boulder-66833,BOULDER / CARPENTER PARK1,boulder-carpenter-park,2023-07-26 01:13:09+00:00,6.871,1.3108333333333333
boulder-136198,BOULDER / CARPENTER PARK1,boulder-carpenter-park,2023-07-26 01:32:00+00:00,3.653,0.6333333333333333
boulder-66835,BOULDER / CARPENTER PARK1,boulder-carpenter-park,2023-07-26 01:32:00+00:00,3.653,0.6405555555555555
boulder-136213,BOULDER / CARPENTER PARK2,boulder-carpenter-park,2023-07-26 11:51:00+00:00,7.139,1.2333333333333334
boulder-66851,BOULDER / CARPENTER PARK2,boulder-carpenter-park,2023-07-26 11:51:50+00:00,7.139,1.228611111111111
boulder-136215,BOULDER / CARPENTER PARK1,boulder-carpenter-park,2023-07-26 11:56:00+00:00,4.356,0.8
boulder-66853,BOULDER / CARPENTER PARK1,boulder-carpenter-park,2023-07-26 11:56:28+00:00,4.356,0.7972222222222223
boulder-136221,BOULDER / CARPENTER PARK1,boulder-carpenter-park,2023-07-26 13:10:00+00:00,13.91,4.9
boulder-66859,BOULDER / CARPENTER PARK1,boulder-carpenter-park,2023-07-26 13:10:46+00:00,13.91,4.8975
boulder-136223,BOULDER / CARPENTER PARK2,boulder-carpenter-park,2023-07-26 13:56:00+00:00,4.946,2.033333333333333
boulder-66861,BOULDER / CARPENTER PARK2,boulder-carpenter-park,2023-07-26 13:56:49+00:00,4.946,2.02
boulder-136233,BOULDER / CARPENTER PARK1,boulder-carpenter-park,2023-07-26 15:23:00+00:00,0.0,0.016666666666666666
boulder-66882,BOULDER / CARPENTER PARK1,boulder-carpenter-park,2023-07-26 15:23:34+00:00,0.0,0.022222222222222223
boulder-136242,BOULDER / CARPENTER PARK2,boulder-carpenter-park,2023-07-26 16:23:00+00:00,5.336,0.9
boulder-66942,BOULDER / CARPENTER PARK2,boulder-carpenter-park,2023-07-26 16:23:01+00:00,5.336,0.9005555555555556
boulder-136251,BOULDER / CARPENTER PARK2,boulder-carpenter-park,2023-07-26 18:14:00+00:00,6.687,1.3
boulder-67009,BOULDER / CARPENTER PARK2,boulder-carpenter-park,2023-07-26 18:14:24+00:00,6.687,1.3002777777777779
boulder-136257,BOULDER / CARPENTER PARK1,boulder-carpenter-park,2023-07-26 19:35:00+00:00,6.991,1.1833333333333333
boulder-67015,BOULDER / CARPENTER PARK1,boulder-carpenter-park,2023-07-26 19:35:34+00:00,6.991,1.1894444444444445
boulder-136267,BOULDER / CARPENTER PARK1,boulder-carpenter-park,2023-07-26 22:18:00+00:00,1.322,0.25
boulder-67025,BOULDER / CARPENTER PARK1,boulder-carpenter-park,2023-07-26 22:18:00+00:00,1.322,0.25166666666666665
boulder-136272,BOULDER / CARPENTER PARK2,boulder-carpenter-park,2023-07-26 22:57:00+00:00,7.305,1.9666666666666666
boulder-67030,BOULDER / CARPENTER PARK2,boulder-carpenter-park,2023-07-26 22:57:02+00:00,7.305,1.968888888888889
boulder-136273,BOULDER / CARPENTER PARK1,boulder-carpenter-park,2023-07-26 23:07:00+00:00,0.0,0.0
boulder-67031,BOULDER / CARPENTER PARK1,boulder-carpenter-park,2023-07-26 23:07:06+00:00,0.0,0.008888888888888889
boulder-136274,BOULDER / CARPENTER PARK2,boulder-carpenter-park,2023-07-26 23:08:00+00:00,0.0,0.016666666666666666
boulder-67032,BOULDER / CARPENTER PARK2,boulder-carpenter-park,2023-07-26 23:08:28+00:00,0.0,0.017222222222222222
boulder-136275,BOULDER / CARPENTER PARK2,boulder-carpenter-park,2023-07-26 23:09:00+00:00,0.0,0.016666666666666666
boulder-67033,BOULDER / CARPENTER PARK2,boulder-carpenter-park,2023-07-26 23:09:55+00:00,0.0,0.01138888888888889
boulder-135708,BOULDER / CARPENTER PARK2,boulder-carpenter-park,2023-07-27 00:23:00+00:00,0.0,0.03333333333333333
boulder-66914,BOULDER / CARPENTER PARK2,boulder-carpenter-park,2023-07-27 00:23:23+00:00,0.0,0.02722222222222222
boulder-135716,BOULDER / CARPENTER PARK1,boulder-carpenter-park,2023-07-27 00:27:00+00:00,11.476,2.0
boulder-66926,BOULDER / CARPENTER PARK1,boulder-carpenter-park,2023-07-27 00:27:35+00:00,11.476,2.0011111111111113
boulder-135732,BOULDER / CARPENTER PARK2,boulder-carpenter-park,2023-07-27 01:18:00+00:00,4.56,1.3166666666666667
boulder-67041,BOULDER / CARPENTER PARK2,boulder-carpenter-park,2023-07-27 01:18:57+00:00,4.56,1.301388888888889
boulder-135749,BOULDER / CARPENTER PARK1,boulder-carpenter-park,2023-07-27 03:37:00+00:00,37.551,6.366666666666666
boulder-67056,BOULDER / CARPENTER PARK1,boulder-carpenter-park,2023-07-27 03:37:26+00:00,37.551,6.3741666666666665
boulder-136301,BOULDER / CARPENTER PARK1,boulder-carpenter-park,2023-07-27 15:24:00+00:00,0.0,0.016666666666666666
boulder-67177,BOULDER / CARPENTER PARK1,boulder-carpenter-park,2023-07-27 15:24:34+00:00,0.0,0.015555555555555555
boulder-136302,BOULDER / CARPENTER PARK1,boulder-carpenter-park,2023-07-27 15:25:00+00:00,17.736,3.0166666666666666
boulder-67181,BOULDER / CARPENTER PARK1,boulder-carpenter-park,2023-07-27 15:25:41+00:00,17.736,3.0180555555555557
boulder-136307,BOULDER / CARPENTER PARK2,boulder-carpenter-park,2023-07-27 16:04:00+00:00,2.222,1.3
boulder-67192,BOULDER / CARPENTER PARK2,boulder-carpenter-park,2023-07-27 16:04:54+00:00,2.222,1.2855555555555556
boulder-136320,BOULDER / CARPENTER PARK1,boulder-carpenter-park,2023-07-27 17:58:00+00:00,0.0,1.0166666666666666
boulder-66897,BOULDER / CARPENTER PARK1,boulder-carpenter-park,2023-07-27 17:58:05+00:00,0.0,1.021388888888889
boulder-136326,BOULDER / CARPENTER PARK2,boulder-carpenter-park,2023-07-27 18:33:00+00:00,4.235,0.7333333333333333
boulder-66913,BOULDER / CARPENTER PARK2,boulder-carpenter-park,2023-07-27 18:33:41+00:00,4.235,0.73
boulder-136332,BOULDER / CARPENTER PARK1,boulder-carpenter-park,2023-07-27 18:41:00+00:00,11.442,2.0166666666666666
boulder-66927,BOULDER / CARPENTER PARK1,boulder-carpenter-park,2023-07-27 18:41:08+00:00,11.442,2.029166666666667
boulder-136335,BOULDER / CARPENTER PARK2,boulder-carpenter-park,2023-07-27 18:48:00+00:00,0.0,0.05
boulder-66933,BOULDER / CARPENTER PARK2,boulder-carpenter-park,2023-07-27 18:48:12+00:00,0.0,0.050277777777777775
boulder-136338,BOULDER / CARPENTER PARK2,boulder-carpenter-park,2023-07-27 18:51:00+00:00,0.0,0.0
boulder-66939,BOULDER / CARPENTER PARK2,boulder-carpenter-park,2023-07-27 18:51:23+00:00,0.0,0.006388888888888889
boulder-136356,BOULDER / CARPENTER PARK2,boulder-carpenter-park,2023-07-27 19:45:00+00:00,0.279,0.05
boulder-66956,BOULDER / CARPENTER PARK2,boulder-carpenter-park,2023-07-27 19:45:35+00:00,0.279,0.05444444444444444
boulder-136359,BOULDER / CARPENTER PARK2,boulder-carpenter-park,2023-07-27 20:03:00+00:00,15.266,2.6666666666666665
boulder-66957,BOULDER / CARPENTER PARK2,boulder-carpenter-park,2023-07-27 20:03:38+00:00,15.266,2.658888888888889
boulder-136370,BOULDER / CARPENTER PARK1,boulder-carpenter-park,2023-07-27 20:31:00+00:00,0.0,0.016666666666666666
boulder-66960,BOULDER / CARPENTER PARK1,boulder-carpenter-park,2023-07-27 20:31:27+00:00,0.0,0.024722222222222222
boulder-136373,BOULDER / CARPENTER PARK1,boulder-carpenter-park,2023-07-27 20:34:00+00:00,0.0,0.03333333333333333
boulder-66961,BOULDER / CARPENTER PARK1,boulder-carpenter-park,2023-07-27 20:34:57+00:00,0.0,0.03305555555555555
boulder-136376,BOULDER / CARPENTER PARK1,boulder-carpenter-park,2023-07-27 20:39:00+00:00,0.0,0.05
boulder-66962,BOULDER / CARPENTER PARK1,boulder-carpenter-park,2023-07-27 20:39:06+00:00,0.0,0.051944444444444446
boulder-136385,BOULDER / CARPENTER PARK1,boulder-carpenter-park,2023-07-27 20:47:00+00:00,46.789,8.0
boulder-66965,BOULDER / CARPENTER PARK1,boulder-carpenter-park,2023-07-27 20:47:12+00:00,46.789,7.998611111111111
boulder-136390,BOULDER / CARPENTER PARK2,boulder-carpenter-park,2023-07-27 21:00:00+00:00,0.0,0.03333333333333333
boulder-66967,BOULDER / CARPENTER PARK2,boulder-carpenter-park,2023-07-27 21:00:38+00:00,0.0,0.0325
boulder-136393,BOULDER / CARPENTER PARK2,boulder-carpenter-park,2023-07-27 21:03:00+00:00,0.0,0.03333333333333333
boulder-66968,BOULDER / CARPENTER PARK2,boulder-carpenter-park,2023-07-27 21:03:20+00:00,0.0,0.028888888888888888
boulder-136400,BOULDER / CARPENTER PARK2,boulder-carpenter-park,2023-07-27 21:05:00+00:00,0.0,0.08333333333333333
boulder-66970,BOULDER / CARPENTER PARK2,boulder-carpenter-park,2023-07-27 21:05:32+00:00,0.0,0.07583333333333334
boulder-136432,BOULDER / CARPENTER PARK2,boulder-carpenter-park,2023-07-27 23:12:00+00:00,3.923,0.65
boulder-66981,BOULDER / CARPENTER PARK2,boulder-carpenter-park,2023-07-27 23:12:02+00:00,3.923,0.6652777777777777
boulder-136465,BOULDER / CARPENTER PARK1,boulder-carpenter-park,2023-07-27 23:39:00+00:00,0.0,0.03333333333333333
boulder-66869,BOULDER / CARPENTER PARK1,boulder-carpenter-park,2023-07-27 23:39:34+00:00,0.0,0.03805555555555556
boulder-136471,BOULDER / CARPENTER PARK1,boulder-carpenter-park,2023-07-27 23:43:00+00:00,0.0,0.016666666666666666
boulder-66885,BOULDER / CARPENTER PARK1,boulder-carpenter-park,2023-07-27 23:43:18+00:00,0.0,0.015833333333333335
boulder-136519,BOULDER / CARPENTER PARK2,boulder-carpenter-park,2023-07-28 12:37:00+00:00,0.156,0.05
boulder-67050,BOULDER / CARPENTER PARK2,boulder-carpenter-park,2023-07-28 12:37:48+00:00,0.156,0.041666666666666664
boulder-136522,BOULDER / CARPENTER PARK2,boulder-carpenter-park,2023-07-28 12:41:00+00:00,29.071,6.633333333333334
boulder-67054,BOULDER / CARPENTER PARK2,boulder-carpenter-park,2023-07-28 12:41:06+00:00,29.071,6.633333333333334
boulder-136536,BOULDER / CARPENTER PARK1,boulder-carpenter-park,2023-07-28 13:45:00+00:00,0.0,0.016666666666666666
boulder-67081,BOULDER / CARPENTER PARK1,boulder-carpenter-park,2023-07-28 13:45:34+00:00,0.0,0.009444444444444445
boulder-136538,BOULDER / CARPENTER PARK1,boulder-carpenter-park,2023-07-28 13:46:00+00:00,0.0,0.0
boulder-67086,BOULDER / CARPENTER PARK1,boulder-carpenter-park,2023-07-28 13:46:26+00:00,0.0,0.008333333333333333
boulder-136541,BOULDER / CARPENTER PARK1,boulder-carpenter-park,2023-07-28 13:47:00+00:00,1.577,0.5
boulder-67091,BOULDER / CARPENTER PARK1,boulder-carpenter-park,2023-07-28 13:47:15+00:00,1.577,0.5027777777777778
boulder-136561,BOULDER / CARPENTER PARK1,boulder-carpenter-park,2023-07-28 15:29:00+00:00,7.63,1.35
boulder-67124,BOULDER / CARPENTER PARK1,boulder-carpenter-park,2023-07-28 15:29:11+00:00,7.63,1.3497222222222223
boulder-136573,BOULDER / CARPENTER PARK1,boulder-carpenter-park,2023-07-28 15:42:00+00:00,13.319,2.3
boulder-67147,BOULDER / CARPENTER PARK1,boulder-carpenter-park,2023-07-28 15:42:55+00:00,13.319,2.2944444444444443
boulder-136587,BOULDER / CARPENTER PARK2,boulder-carpenter-park,2023-07-28 16:49:00+00:00,0.0,3.066666666666667
boulder-67172,BOULDER / CARPENTER PARK2,boulder-carpenter-park,2023-07-28 16:49:45+00:00,0.0,3.055833333333333
boulder-136590,BOULDER / CARPENTER PARK1,boulder-carpenter-park,2023-07-28 17:05:00+00:00,0.0,0.03333333333333333
boulder-67176,BOULDER / CARPENTER PARK1,boulder-carpenter-park,2023-07-28 17:05:55+00:00,0.0,0.03027777777777778
boulder-136593,BOULDER / CARPENTER PARK1,boulder-carpenter-park,2023-07-28 17:08:00+00:00,0.0,0.9833333333333333
boulder-67180,BOULDER / CARPENTER PARK1,boulder-carpenter-park,2023-07-28 17:08:12+00:00,0.0,0.9958333333333333
boulder-136611,BOULDER / CARPENTER PARK1,boulder-carpenter-park,2023-07-28 18:08:00+00:00,10.979,3.0833333333333335
boulder-66812,BOULDER / CARPENTER PARK1,boulder-carpenter-park,2023-07-28 18:08:08+00:00,10.979,3.082222222222222
boulder-136637,BOULDER / CARPENTER PARK2,boulder-carpenter-park,2023-07-28 20:11:00+00:00,5.371,1.65
boulder-66918,BOULDER / CARPENTER PARK2,boulder-carpenter-park,2023-07-28 20:11:27+00:00,5.371,1.6588888888888889
boulder-136640,BOULDER / CARPENTER PARK2,boulder-carpenter-park,2023-07-28 20:28:00+00:00,0.0,0.016666666666666666
boulder-66925,BOULDER / CARPENTER PARK2,boulder-carpenter-park,2023-07-28 20:28:46+00:00,0.0,0.018055555555555554
boulder-136697,BOULDER / CARPENTER PARK2,boulder-carpenter-park,2023-07-28 23:26:00+00:00,5.83,1.0
boulder-67084,BOULDER / CARPENTER PARK2,boulder-carpenter-park,2023-07-28 23:26:20+00:00,5.83,0.9947222222222222
boulder-136722,BOULDER / CARPENTER PARK2,boulder-carpenter-park,2023-07-29 00:58:00+00:00,3.43,1.0833333333333333
boulder-67139,BOULDER / CARPENTER PARK2,boulder-carpenter-park,2023-07-29 00:58:29+00:00,3.43,1.0780555555555555
boulder-136727,BOULDER / CARPENTER PARK1,boulder-carpenter-park,2023-07-29 01:16:00+00:00,11.332,2.066666666666667
boulder-67148,BOULDER / CARPENTER PARK1,boulder-carpenter-park,2023-07-29 01:16:43+00:00,11.332,2.0652777777777778
boulder-136750,BOULDER / CARPENTER PARK1,boulder-carpenter-park,2023-07-29 03:28:00+00:00,1.182,0.5166666666666667
boulder-67274,BOULDER / CARPENTER PARK1,boulder-carpenter-park,2023-07-29 03:28:33+00:00,1.182,0.5177777777777778
boulder-136763,BOULDER / CARPENTER PARK1,boulder-carpenter-park,2023-07-29 12:13:00+00:00,5.121,0.9
boulder-67372,BOULDER / CARPENTER PARK1,boulder-carpenter-park,2023-07-29 12:13:45+00:00,5.121,0.8969444444444444
boulder-136793,BOULDER / CARPENTER PARK1,boulder-carpenter-park,2023-07-29 13:48:00+00:00,4.504,5.666666666666667
boulder-67451,BOULDER / CARPENTER PARK1,boulder-carpenter-park,2023-07-29 13:48:15+00:00,4.504,5.666666666666667
boulder-136799,BOULDER / CARPENTER PARK1,boulder-carpenter-park,2023-07-29 13:55:00+00:00,0.0,1.2666666666666666
boulder-67460,BOULDER / CARPENTER PARK1,boulder-carpenter-park,2023-07-29 13:55:14+00:00,0.0,1.2783333333333333
boulder-136824,BOULDER / CARPENTER PARK2,boulder-carpenter-park,2023-07-29 15:56:00+00:00,6.698,1.1333333333333333
boulder-67501,BOULDER / CARPENTER PARK2,boulder-carpenter-park,2023-07-29 15:56:37+00:00,6.698,1.1366666666666667
boulder-136838,BOULDER / CARPENTER PARK1,boulder-carpenter-park,2023-07-29 17:09:00+00:00,0.0,0.4
boulder-67550,BOULDER / CARPENTER PARK1,boulder-carpenter-park,2023-07-29 17:09:46+00:00,0.0,0.3977777777777778
boulder-136848,BOULDER / CARPENTER PARK1,boulder-carpenter-park,2023-07-29 17:40:00+00:00,0.0,2.816666666666667
boulder-67561,BOULDER / CARPENTER PARK1,boulder-carpenter-park,2023-07-29 17:40:00+00:00,0.0,2.8222222222222224
boulder-136868,BOULDER / CARPENTER PARK2,boulder-carpenter-park,2023-07-29 18:36:00+00:00,14.021,2.4
boulder-67213,BOULDER / CARPENTER PARK2,boulder-carpenter-park,2023-07-29 18:36:22+00:00,14.021,2.4047222222222224
boulder-136870,BOULDER / CARPENTER PARK2,boulder-carpenter-park,2023-07-29 18:49:00+00:00,0.0,0.0
boulder-67267,BOULDER / CARPENTER PARK2,boulder-carpenter-park,2023-07-29 18:49:00+00:00,0.0,0.014444444444444444
boulder-136872,BOULDER / CARPENTER PARK2,boulder-carpenter-park,2023-07-29 18:55:00+00:00,0.0,0.016666666666666666
boulder-67270,BOULDER / CARPENTER PARK2,boulder-carpenter-park,2023-07-29 18:55:07+00:00,0.0,0.015277777777777777
boulder-136890,BOULDER / CARPENTER PARK1,boulder-carpenter-park,2023-07-29 19:30:00+00:00,5.38,2.5
boulder-67359,BOULDER / CARPENTER PARK1,boulder-carpenter-park,2023-07-29 19:30:29+00:00,5.38,2.4941666666666666
boulder-136927,BOULDER / CARPENTER PARK1,boulder-carpenter-park,2023-07-29 20:40:00+00:00,0.0,0.016666666666666666
boulder-67446,BOULDER / CARPENTER PARK1,boulder-carpenter-park,2023-07-29 20:40:39+00:00,0.0,0.010833333333333334
boulder-136929,BOULDER / CARPENTER PARK1,boulder-carpenter-park,2023-07-29 20:48:00+00:00,0.0,0.03333333333333333
boulder-67450,BOULDER / CARPENTER PARK1,boulder-carpenter-park,2023-07-29 20:48:58+00:00,0.0,0.03333333333333333
boulder-136938,BOULDER / CARPENTER PARK2,boulder-carpenter-park,2023-07-29 21:03:00+00:00,24.877,4.166666666666667
boulder-67469,BOULDER / CARPENTER PARK2,boulder-carpenter-park,2023-07-29 21:03:06+00:00,24.877,4.176111111111111
boulder-136944,BOULDER / CARPENTER PARK1,boulder-carpenter-park,2023-07-29 21:54:00+00:00,34.617,6.066666666666666
boulder-67479,BOULDER / CARPENTER PARK1,boulder-carpenter-park,2023-07-29 21:54:53+00:00,34.617,6.064722222222223
boulder-136952,BOULDER / CARPENTER PARK1,boulder-carpenter-park,2023-07-29 22:32:00+00:00,2.703,0.48333333333333334
boulder-67499,BOULDER / CARPENTER PARK1,boulder-carpenter-park,2023-07-29 22:32:19+00:00,2.703,0.4825
boulder-136964,BOULDER / CARPENTER PARK1,boulder-carpenter-park,2023-07-29 23:48:00+00:00,4.561,2.05
boulder-67528,BOULDER / CARPENTER PARK1,boulder-carpenter-park,2023-07-29 23:48:53+00:00,4.561,2.047222222222222
boulder-136977,BOULDER / CARPENTER PARK1,boulder-carpenter-park,2023-07-30 01:52:00+00:00,0.114,0.06666666666666667
boulder-67559,BOULDER / CARPENTER PARK1,boulder-carpenter-park,2023-07-30 01:52:12+00:00,0.114,0.06722222222222222
boulder-136980,BOULDER / CARPENTER PARK1,boulder-carpenter-park,2023-07-30 01:56:00+00:00,0.026,0.03333333333333333
boulder-67563,BOULDER / CARPENTER PARK1,boulder-carpenter-park,2023-07-30 01:56:33+00:00,0.026,0.034166666666666665
boulder-137028,BOULDER / CARPENTER PARK1,boulder-carpenter-park,2023-07-30 14:52:00+00:00,0.0,1.2666666666666666
boulder-67354,BOULDER / CARPENTER PARK1,boulder-carpenter-park,2023-07-30 14:52:59+00:00,0.0,1.263611111111111
boulder-137035,BOULDER / CARPENTER PARK1,boulder-carpenter-park,2023-07-30 15:46:00+00:00,0.0,0.03333333333333333
boulder-67383,BOULDER / CARPENTER PARK1,boulder-carpenter-park,2023-07-30 15:46:02+00:00,0.0,0.03305555555555555
boulder-137037,BOULDER / CARPENTER PARK2,boulder-carpenter-park,2023-07-30 15:49:00+00:00,0.0,0.016666666666666666
boulder-67389,BOULDER / CARPENTER PARK2,boulder-carpenter-park,2023-07-30 15:49:16+00:00,0.0,0.017777777777777778
boulder-137040,BOULDER / CARPENTER PARK2,boulder-carpenter-park,2023-07-30 15:50:00+00:00,4.185,1.45
boulder-67428,BOULDER / CARPENTER PARK2,boulder-carpenter-park,2023-07-30 15:50:25+00:00,4.185,1.4569444444444444
boulder-137049,BOULDER / CARPENTER PARK1,boulder-carpenter-park,2023-07-30 15:57:00+00:00,27.245,6.233333333333333
boulder-67440,BOULDER / CARPENTER PARK1,boulder-carpenter-park,2023-07-30 15:57:18+00:00,27.245,6.2325
boulder-137065,BOULDER / CARPENTER PARK1,boulder-carpenter-park,2023-07-30 16:31:00+00:00,0.0,2.5833333333333335
boulder-67461,BOULDER / CARPENTER PARK1,boulder-carpenter-park,2023-07-30 16:31:13+00:00,0.0,2.5922222222222224
boulder-137116,BOULDER / CARPENTER PARK2,boulder-carpenter-park,2023-07-30 18:33:00+00:00,0.0,0.016666666666666666
boulder-67537,BOULDER / CARPENTER PARK2,boulder-carpenter-park,2023-07-30 18:33:37+00:00,0.0,0.014444444444444444
boulder-137118,BOULDER / CARPENTER PARK2,boulder-carpenter-park,2023-07-30 18:34:00+00:00,15.189,2.6166666666666667
boulder-67542,BOULDER / CARPENTER PARK2,boulder-carpenter-park,2023-07-30 18:34:53+00:00,15.189,2.6094444444444442
boulder-137148,BOULDER / CARPENTER PARK1,boulder-carpenter-park,2023-07-30 19:18:00+00:00,0.0,0.016666666666666666
boulder-67572,BOULDER / CARPENTER PARK1,boulder-carpenter-park,2023-07-30 19:18:21+00:00,0.0,0.01361111111111111
boulder-137166,BOULDER / CARPENTER PARK1,boulder-carpenter-park,2023-07-30 20:02:00+00:00,0.0,1.8333333333333333
boulder-67277,BOULDER / CARPENTER PARK1,boulder-carpenter-park,2023-07-30 20:02:57+00:00,0.0,1.8280555555555555
boulder-137193,BOULDER / CARPENTER PARK2,boulder-carpenter-park,2023-07-30 22:42:00+00:00,0.0,0.016666666666666666
boulder-67373,BOULDER / CARPENTER PARK2,boulder-carpenter-park,2023-07-30 22:42:24+00:00,0.0,0.010555555555555556
boulder-137195,BOULDER / CARPENTER PARK2,boulder-carpenter-park,2023-07-30 22:43:00+00:00,5.043,0.8666666666666667
boulder-67379,BOULDER / CARPENTER PARK2,boulder-carpenter-park,2023-07-30 22:43:11+00:00,5.043,0.8730555555555556
boulder-137203,BOULDER / CARPENTER PARK1,boulder-carpenter-park,2023-07-30 23:02:00+00:00,4.284,0.7666666666666667
boulder-67393,BOULDER / CARPENTER PARK1,boulder-carpenter-park,2023-07-30 23:02:46+00:00,4.284,0.7552777777777778
boulder-137215,BOULDER / CARPENTER PARK2,boulder-carpenter-park,2023-07-31 00:11:00+00:00,5.905,1.0
boulder-67399,BOULDER / CARPENTER PARK2,boulder-carpenter-park,2023-07-31 00:11:09+00:00,5.905,1.0016666666666667
boulder-137226,BOULDER / CARPENTER PARK1,boulder-carpenter-park,2023-07-31 02:29:00+00:00,42.364,7.533333333333333
boulder-67404,BOULDER / CARPENTER PARK1,boulder-carpenter-park,2023-07-31 02:29:19+00:00,42.364,7.533611111111111
boulder-137229,BOULDER / CARPENTER PARK2,boulder-carpenter-park,2023-07-31 11:55:00+00:00,6.689,1.15
boulder-67406,BOULDER / CARPENTER PARK2,boulder-carpenter-park,2023-07-31 11:55:51+00:00,6.689,1.1519444444444444
boulder-137231,BOULDER / CARPENTER PARK1,boulder-carpenter-park,2023-07-31 12:03:00+00:00,1.362,1.0833333333333333
boulder-67407,BOULDER / CARPENTER PARK1,boulder-carpenter-park,2023-07-31 12:03:22+00:00,1.362,1.0894444444444444
boulder-137248,BOULDER / CARPENTER PARK1,boulder-carpenter-park,2023-07-31 12:53:00+00:00,0.0,1.25
boulder-67416,BOULDER / CARPENTER PARK1,boulder-carpenter-park,2023-07-31 12:53:34+00:00,0.0,1.2566666666666666
boulder-137254,BOULDER / CARPENTER PARK2,boulder-carpenter-park,2023-07-31 13:23:00+00:00,5.712,1.1333333333333333
boulder-67418,BOULDER / CARPENTER PARK2,boulder-carpenter-park,2023-07-31 13:23:28+00:00,5.712,1.131388888888889
boulder-137269,BOULDER / CARPENTER PARK1,boulder-carpenter-park,2023-07-31 14:09:00+00:00,0.0,0.016666666666666666
boulder-67422,BOULDER / CARPENTER PARK1,boulder-carpenter-park,2023-07-31 14:09:45+00:00,0.0,0.008888888888888889
boulder-137275,BOULDER / CARPENTER PARK1,boulder-carpenter-park,2023-07-31 14:18:00+00:00,8.891,4.183333333333334
boulder-67424,BOULDER / CARPENTER PARK1,boulder-carpenter-park,2023-07-31 14:18:04+00:00,8.891,4.185833333333333
boulder-137286,BOULDER / CARPENTER PARK2,boulder-carpenter-park,2023-07-31 14:44:00+00:00,20.034,3.3833333333333333
boulder-67204,BOULDER / CARPENTER PARK2,boulder-carpenter-park,2023-07-31 14:44:29+00:00,20.034,3.3866666666666667
boulder-137287,BOULDER / CARPENTER PARK1,boulder-carpenter-park,2023-07-31 14:51:00+00:00,0.0,0.03333333333333333
boulder-67205,BOULDER / CARPENTER PARK1,boulder-carpenter-park,2023-07-31 14:51:20+00:00,0.0,0.03333333333333333
boulder-137305,BOULDER / CARPENTER PARK1,boulder-carpenter-park,2023-07-31 16:25:00+00:00,0.0,0.016666666666666666
boulder-67340,BOULDER / CARPENTER PARK1,boulder-carpenter-park,2023-07-31 16:25:09+00:00,0.0,0.023333333333333334
boulder-137317,BOULDER / CARPENTER PARK1,boulder-carpenter-park,2023-07-31 17:27:00+00:00,0.0,0.03333333333333333
boulder-67368,BOULDER / CARPENTER PARK1,boulder-carpenter-park,2023-07-31 17:27:48+00:00,0.0,0.03138888888888889
boulder-137319,BOULDER / CARPENTER PARK1,boulder-carpenter-park,2023-07-31 17:30:00+00:00,0.0,0.016666666666666666
boulder-67376,BOULDER / CARPENTER PARK1,boulder-carpenter-park,2023-07-31 17:30:00+00:00,0.0,0.017777777777777778
boulder-137321,BOULDER / CARPENTER PARK1,boulder-carpenter-park,2023-07-31 17:31:00+00:00,0.0,0.016666666666666666
boulder-67382,BOULDER / CARPENTER PARK1,boulder-carpenter-park,2023-07-31 17:31:44+00:00,0.0,0.010277777777777778
boulder-137325,BOULDER / CARPENTER PARK1,boulder-carpenter-park,2023-07-31 17:33:00+00:00,0.0,0.03333333333333333
boulder-67429,BOULDER / CARPENTER PARK1,boulder-carpenter-park,2023-07-31 17:33:05+00:00,0.0,0.034166666666666665
boulder-137329,BOULDER / CARPENTER PARK1,boulder-carpenter-park,2023-07-31 17:51:00+00:00,0.351,0.11666666666666667
boulder-67431,BOULDER / CARPENTER PARK1,boulder-carpenter-park,2023-07-31 17:51:01+00:00,0.351,0.11694444444444445
boulder-137330,BOULDER / CARPENTER PARK2,boulder-carpenter-park,2023-07-31 18:20:00+00:00,4.165,1.3666666666666667
boulder-67434,BOULDER / CARPENTER PARK2,boulder-carpenter-park,2023-07-31 18:20:48+00:00,4.165,1.3608333333333333
boulder-137343,BOULDER / CARPENTER PARK2,boulder-carpenter-park,2023-07-31 18:46:00+00:00,0.0,0.016666666666666666
boulder-67449,BOULDER / CARPENTER PARK2,boulder-carpenter-park,2023-07-31 18:46:26+00:00,0.0,0.02
boulder-137346,BOULDER / CARPENTER PARK1,boulder-carpenter-park,2023-07-31 18:48:00+00:00,11.942,2.8666666666666667
boulder-67453,BOULDER / CARPENTER PARK1,boulder-carpenter-park,2023-07-31 18:48:13+00:00,11.942,2.87
boulder-137352,BOULDER / CARPENTER PARK1,boulder-carpenter-park,2023-07-31 19:44:00+00:00,5.034,1.6166666666666667
boulder-67462,BOULDER / CARPENTER PARK1,boulder-carpenter-park,2023-07-31 19:44:52+00:00,5.034,1.6055555555555556
boulder-137355,BOULDER / CARPENTER PARK2,boulder-carpenter-park,2023-07-31 20:14:00+00:00,24.758,4.4
boulder-67466,BOULDER / CARPENTER PARK2,boulder-carpenter-park,2023-07-31 20:14:58+00:00,24.758,4.394722222222223
boulder-137375,BOULDER / CARPENTER PARK2,boulder-carpenter-park,2023-07-31 21:08:00+00:00,0.0,0.48333333333333334
boulder-67493,BOULDER / CARPENTER PARK2,boulder-carpenter-park,2023-07-31 21:08:05+00:00,0.0,0.4897222222222222
boulder-137378,BOULDER / CARPENTER PARK1,boulder-carpenter-park,2023-07-31 21:30:00+00:00,0.0,0.016666666666666666
boulder-67498,BOULDER / CARPENTER PARK1,boulder-carpenter-park,2023-07-31 21:30:23+00:00,0.0,0.019444444444444445
boulder-137381,BOULDER / CARPENTER PARK1,boulder-carpenter-park,2023-07-31 21:32:00+00:00,8.612,2.3666666666666667
boulder-67503,BOULDER / CARPENTER PARK1,boulder-carpenter-park,2023-07-31 21:32:23+00:00,8.612,2.365
boulder-137398,BOULDER / CARPENTER PARK1,boulder-carpenter-park,2023-07-31 22:53:00+00:00,7.294,2.716666666666667
boulder-67529,BOULDER / CARPENTER PARK1,boulder-carpenter-park,2023-07-31 22:53:18+00:00,7.294,2.723888888888889
boulder-137401,BOULDER / CARPENTER PARK2,boulder-carpenter-park,2023-07-31 23:15:00+00:00,0.0,0.016666666666666666
boulder-67533,BOULDER / CARPENTER PARK2,boulder-carpenter-park,2023-07-31 23:15:34+00:00,0.0,0.018333333333333333
boulder-137404,BOULDER / CARPENTER PARK2,boulder-carpenter-park,2023-07-31 23:16:00+00:00,0.0,0.016666666666666666
boulder-67539,BOULDER / CARPENTER PARK2,boulder-carpenter-park,2023-07-31 23:16:46+00:00,0.0,0.02
boulder-137407,BOULDER / CARPENTER PARK2,boulder-carpenter-park,2023-07-31 23:18:00+00:00,0.0,0.016666666666666666
boulder-67544,BOULDER / CARPENTER PARK2,boulder-carpenter-park,2023-07-31 23:18:07+00:00,0.0,0.017222222222222222
boulder-137409,BOULDER / CARPENTER PARK2,boulder-carpenter-park,2023-07-31 23:19:00+00:00,0.0,0.016666666666666666
boulder-67239,BOULDER / CARPENTER PARK2,boulder-carpenter-park,2023-07-31 23:19:58+00:00,0.0,0.01361111111111111
boulder-137465,BOULDER / CARPENTER PARK2,boulder-carpenter-park,2023-08-01 14:20:00+00:00,11.044,3.3833333333333333
boulder-67312,BOULDER / CARPENTER PARK2,boulder-carpenter-park,2023-08-01 14:20:12+00:00,11.044,3.387777777777778
boulder-137471,BOULDER / CARPENTER PARK1,boulder-carpenter-park,2023-08-01 14:38:00+00:00,15.531,2.6666666666666665
boulder-67315,BOULDER / CARPENTER PARK1,boulder-carpenter-park,2023-08-01 14:38:14+00:00,15.531,2.6708333333333334
boulder-137473,BOULDER / CARPENTER PARK1,boulder-carpenter-park,2023-08-01 14:59:00+00:00,7.431,3.433333333333333
boulder-67317,BOULDER / CARPENTER PARK1,boulder-carpenter-park,2023-08-01 14:59:05+00:00,7.431,3.4405555555555556
boulder-137482,BOULDER / CARPENTER PARK2,boulder-carpenter-park,2023-08-01 15:31:00+00:00,0.0,1.15
boulder-67322,BOULDER / CARPENTER PARK2,boulder-carpenter-park,2023-08-01 15:31:26+00:00,0.0,1.1494444444444445
boulder-137499,BOULDER / CARPENTER PARK1,boulder-carpenter-park,2023-08-01 17:40:00+00:00,1.865,0.35
boulder-67330,BOULDER / CARPENTER PARK1,boulder-carpenter-park,2023-08-01 17:40:41+00:00,1.865,0.3436111111111111
boulder-137511,BOULDER / CARPENTER PARK1,boulder-carpenter-park,2023-08-01 18:17:00+00:00,12.533,2.8
boulder-67335,BOULDER / CARPENTER PARK1,boulder-carpenter-park,2023-08-01 18:17:45+00:00,12.533,2.787777777777778
boulder-137512,BOULDER / CARPENTER PARK1,boulder-carpenter-park,2023-08-01 18:39:00+00:00,48.033,8.616666666666667
boulder-67336,BOULDER / CARPENTER PARK1,boulder-carpenter-park,2023-08-01 18:39:50+00:00,48.033,8.609444444444444
boulder-138298,BOULDER / CARPENTER PARK2,boulder-carpenter-park,2023-08-02 11:58:00+00:00,1.749,1.1833333333333333
boulder-138302,BOULDER / CARPENTER PARK1,boulder-carpenter-park,2023-08-02 11:58:00+00:00,0.0,0.0
boulder-67244,BOULDER / CARPENTER PARK2,boulder-carpenter-park,2023-08-02 11:58:10+00:00,1.749,1.1875
boulder-67245,BOULDER / CARPENTER PARK1,boulder-carpenter-park,2023-08-02 11:58:17+00:00,0.0,0.01138888888888889
boulder-138306,BOULDER / CARPENTER PARK1,boulder-carpenter-park,2023-08-02 11:59:00+00:00,6.292,1.0833333333333333
boulder-67246,BOULDER / CARPENTER PARK1,boulder-carpenter-park,2023-08-02 11:59:02+00:00,6.292,1.0911111111111111
boulder-138792,BOULDER / CARPENTER PARK2,boulder-carpenter-park,2023-08-02 12:44:00+00:00,0.0,0.016666666666666666
boulder-67252,BOULDER / CARPENTER PARK2,boulder-carpenter-park,2023-08-02 12:44:53+00:00,0.0,0.015277777777777777
boulder-138809,BOULDER / CARPENTER PARK2,boulder-carpenter-park,2023-08-02 14:04:00+00:00,6.836,1.1833333333333333
boulder-67258,BOULDER / CARPENTER PARK2,boulder-carpenter-park,2023-08-02 14:04:33+00:00,6.836,1.1872222222222222
boulder-138815,BOULDER / CARPENTER PARK1,boulder-carpenter-park,2023-08-02 14:33:00+00:00,19.754,3.7
boulder-67261,BOULDER / CARPENTER PARK1,boulder-carpenter-park,2023-08-02 14:33:36+00:00,19.754,3.6902777777777778
boulder-138847,BOULDER / CARPENTER PARK1,boulder-carpenter-park,2023-08-02 15:30:00+00:00,7.801,5.0
boulder-67362,BOULDER / CARPENTER PARK1,boulder-carpenter-park,2023-08-02 15:30:29+00:00,7.801,4.997777777777777
boulder-139316,BOULDER / CARPENTER PARK2,boulder-carpenter-park,2023-08-02 16:58:00+00:00,11.288,3.4833333333333334
boulder-67427,BOULDER / CARPENTER PARK2,boulder-carpenter-park,2023-08-02 16:58:06+00:00,11.288,3.4944444444444445
boulder-139340,BOULDER / CARPENTER PARK1,boulder-carpenter-park,2023-08-02 19:50:00+00:00,7.553,2.2
boulder-67511,BOULDER / CARPENTER PARK1,boulder-carpenter-park,2023-08-02 19:50:21+00:00,7.553,2.209722222222222
boulder-139346,BOULDER / CARPENTER PARK2,boulder-carpenter-park,2023-08-02 20:32:00+00:00,0.115,0.03333333333333333
boulder-67525,BOULDER / CARPENTER PARK2,boulder-carpenter-park,2023-08-02 20:32:38+00:00,0.115,0.03805555555555556
boulder-139348,BOULDER / CARPENTER PARK2,boulder-carpenter-park,2023-08-02 20:35:00+00:00,19.038,3.4
boulder-67530,BOULDER / CARPENTER PARK2,boulder-carpenter-park,2023-08-02 20:35:54+00:00,19.038,3.39
boulder-139350,BOULDER / CARPENTER PARK1,boulder-carpenter-park,2023-08-02 20:36:00+00:00,3.082,1.2166666666666666
boulder-67534,BOULDER / CARPENTER PARK1,boulder-carpenter-park,2023-08-02 20:36:45+00:00,3.082,1.2091666666666667
boulder-139356,BOULDER / CARPENTER PARK2,boulder-carpenter-park,2023-08-02 21:09:00+00:00,0.0,2.75
boulder-67549,BOULDER / CARPENTER PARK2,boulder-carpenter-park,2023-08-02 21:09:30+00:00,0.0,2.755
boulder-139404,BOULDER / CARPENTER PARK1,boulder-carpenter-park,2023-08-02 22:40:00+00:00,1.384,4.5
boulder-67591,BOULDER / CARPENTER PARK1,boulder-carpenter-park,2023-08-02 22:40:15+00:00,1.384,4.496666666666667
boulder-139434,BOULDER / CARPENTER PARK1,boulder-carpenter-park,2023-08-02 23:06:00+00:00,3.699,1.1833333333333333
boulder-67595,BOULDER / CARPENTER PARK1,boulder-carpenter-park,2023-08-02 23:06:29+00:00,3.699,1.1819444444444445
boulder-139463,BOULDER / CARPENTER PARK1,boulder-carpenter-park,2023-08-03 01:00:00+00:00,0.491,0.08333333333333333
boulder-67704,BOULDER / CARPENTER PARK1,boulder-carpenter-park,2023-08-03 01:00:06+00:00,0.491,0.09527777777777778
boulder-139465,BOULDER / CARPENTER PARK1,boulder-carpenter-park,2023-08-03 01:07:00+00:00,0.0,0.016666666666666666
boulder-67753,BOULDER / CARPENTER PARK1,boulder-carpenter-park,2023-08-03 01:07:08+00:00,0.0,0.015277777777777777
boulder-139467,BOULDER / CARPENTER PARK1,boulder-carpenter-park,2023-08-03 01:08:00+00:00,0.0,0.016666666666666666
boulder-67765,BOULDER / CARPENTER PARK1,boulder-carpenter-park,2023-08-03 01:08:14+00:00,0.0,0.018055555555555554
boulder-139469,BOULDER / CARPENTER PARK1,boulder-carpenter-park,2023-08-03 01:09:00+00:00,12.012,2.066666666666667
boulder-67771,BOULDER / CARPENTER PARK1,boulder-carpenter-park,2023-08-03 01:09:35+00:00,12.012,2.0725
boulder-139475,BOULDER / CARPENTER PARK2,boulder-carpenter-park,2023-08-03 01:16:00+00:00,6.446,1.0833333333333333
boulder-67826,BOULDER / CARPENTER PARK2,boulder-carpenter-park,2023-08-03 01:16:24+00:00,6.446,1.0822222222222222
boulder-139491,BOULDER / CARPENTER PARK1,boulder-carpenter-park,2023-08-03 07:22:00+00:00,35.899,6.083333333333333
boulder-67856,BOULDER / CARPENTER PARK1,boulder-carpenter-park,2023-08-03 07:22:31+00:00,35.899,6.078888888888889
boulder-139544,BOULDER / CARPENTER PARK2,boulder-carpenter-park,2023-08-03 15:23:00+00:00,7.216,1.2666666666666666
boulder-67998,BOULDER / CARPENTER PARK2,boulder-carpenter-park,2023-08-03 15:23:48+00:00,7.216,1.2533333333333334
boulder-139557,BOULDER / CARPENTER PARK1,boulder-carpenter-park,2023-08-03 16:26:00+00:00,20.155,3.5166666666666666
boulder-67618,BOULDER / CARPENTER PARK1,boulder-carpenter-park,2023-08-03 16:26:49+00:00,20.155,3.5077777777777777
boulder-139559,BOULDER / CARPENTER PARK1,boulder-carpenter-park,2023-08-03 16:37:00+00:00,0.0,0.03333333333333333
boulder-67622,BOULDER / CARPENTER PARK1,boulder-carpenter-park,2023-08-03 16:37:34+00:00,0.0,0.03333333333333333
boulder-139560,BOULDER / CARPENTER PARK2,boulder-carpenter-park,2023-08-03 16:39:00+00:00,2.935,1.8833333333333333
boulder-67677,BOULDER / CARPENTER PARK2,boulder-carpenter-park,2023-08-03 16:39:56+00:00,2.935,1.8741666666666668
boulder-139562,BOULDER / CARPENTER PARK1,boulder-carpenter-park,2023-08-03 16:40:00+00:00,0.0,0.03333333333333333
boulder-67681,BOULDER / CARPENTER PARK1,boulder-carpenter-park,2023-08-03 16:40:03+00:00,0.0,0.03305555555555555
boulder-139582,BOULDER / CARPENTER PARK2,boulder-carpenter-park,2023-08-03 18:30:00+00:00,0.0,0.03333333333333333
boulder-67829,BOULDER / CARPENTER PARK2,boulder-carpenter-park,2023-08-03 18:30:06+00:00,0.0,0.0375
boulder-139584,BOULDER / CARPENTER PARK2,boulder-carpenter-park,2023-08-03 18:34:00+00:00,3.539,0.6
boulder-67834,BOULDER / CARPENTER PARK2,boulder-carpenter-park,2023-08-03 18:34:17+00:00,3.539,0.6072222222222222
boulder-139592,BOULDER / CARPENTER PARK2,boulder-carpenter-park,2023-08-03 19:28:00+00:00,2.229,0.75
boulder-67854,BOULDER / CARPENTER PARK2,boulder-carpenter-park,2023-08-03 19:28:59+00:00,2.229,0.7416666666666667
boulder-139594,BOULDER / CARPENTER PARK2,boulder-carpenter-park,2023-08-03 19:40:00+00:00,0.0,0.3
boulder-67859,BOULDER / CARPENTER PARK2,boulder-carpenter-park,2023-08-03 19:40:04+00:00,0.0,0.31277777777777777
boulder-139598,BOULDER / CARPENTER PARK1,boulder-carpenter-park,2023-08-03 20:00:00+00:00,0.0,0.03333333333333333
boulder-67873,BOULDER / CARPENTER PARK1,boulder-carpenter-park,2023-08-03 20:00:55+00:00,0.0,0.03333333333333333
boulder-139612,BOULDER / CARPENTER PARK1,boulder-carpenter-park,2023-08-03 21:00:00+00:00,9.753,2.05
boulder-67907,BOULDER / CARPENTER PARK1,boulder-carpenter-park,2023-08-03 21:00:06+00:00,9.753,2.060277777777778
boulder-139647,BOULDER / CARPENTER PARK2,boulder-carpenter-park,2023-08-03 23:36:00+00:00,8.806,1.4666666666666666
boulder-67986,BOULDER / CARPENTER PARK2,boulder-carpenter-park,2023-08-03 23:36:50+00:00,8.806,1.4672222222222222
boulder-139649,BOULDER / CARPENTER PARK1,boulder-carpenter-park,2023-08-03 23:38:00+00:00,1.498,0.4666666666666667
boulder-67988,BOULDER / CARPENTER PARK1,boulder-carpenter-park,2023-08-03 23:38:36+00:00,1.498,0.4638888888888889
boulder-139662,BOULDER / CARPENTER PARK1,boulder-carpenter-park,2023-08-04 00:01:00+00:00,0.0,1.5666666666666667
boulder-67609,BOULDER / CARPENTER PARK1,boulder-carpenter-park,2023-08-04 00:01:19+00:00,0.0,1.5644444444444445
boulder-139684,BOULDER / CARPENTER PARK2,boulder-carpenter-park,2023-08-04 01:09:00+00:00,7.905,1.35
boulder-67633,BOULDER / CARPENTER PARK2,boulder-carpenter-park,2023-08-04 01:09:18+00:00,7.905,1.3494444444444444
boulder-139712,BOULDER / CARPENTER PARK2,boulder-carpenter-park,2023-08-04 11:57:00+00:00,6.459,1.1166666666666667
boulder-67647,BOULDER / CARPENTER PARK2,boulder-carpenter-park,2023-08-04 11:57:00+00:00,6.459,1.1208333333333333
boulder-139716,BOULDER / CARPENTER PARK1,boulder-carpenter-park,2023-08-04 12:47:00+00:00,4.316,1.3666666666666667
boulder-67650,BOULDER / CARPENTER PARK1,boulder-carpenter-park,2023-08-04 12:47:40+00:00,4.316,1.3625
boulder-139728,BOULDER / CARPENTER PARK2,boulder-carpenter-park,2023-08-04 14:01:00+00:00,7.073,1.2166666666666666
boulder-67656,BOULDER / CARPENTER PARK2,boulder-carpenter-park,2023-08-04 14:01:13+00:00,7.073,1.2227777777777777
boulder-139744,BOULDER / CARPENTER PARK1,boulder-carpenter-park,2023-08-04 14:37:00+00:00,16.029,3.3
boulder-67662,BOULDER / CARPENTER PARK1,boulder-carpenter-park,2023-08-04 14:37:00+00:00,16.029,3.3069444444444445
boulder-139757,BOULDER / CARPENTER PARK1,boulder-carpenter-park,2023-08-04 15:02:00+00:00,0.0,0.03333333333333333
boulder-67668,BOULDER / CARPENTER PARK1,boulder-carpenter-park,2023-08-04 15:02:52+00:00,0.0,0.021944444444444444
boulder-139764,BOULDER / CARPENTER PARK2,boulder-carpenter-park,2023-08-04 15:20:00+00:00,15.349,2.6333333333333333
boulder-67679,BOULDER / CARPENTER PARK2,boulder-carpenter-park,2023-08-04 15:20:41+00:00,15.349,2.6266666666666665
boulder-139768,BOULDER / CARPENTER PARK1,boulder-carpenter-park,2023-08-04 16:12:00+00:00,14.061,6.633333333333334
boulder-67687,BOULDER / CARPENTER PARK1,boulder-carpenter-park,2023-08-04 16:12:57+00:00,14.061,6.6322222222222225
boulder-139786,BOULDER / CARPENTER PARK1,boulder-carpenter-park,2023-08-04 17:58:00+00:00,5.292,1.4166666666666667
boulder-67824,BOULDER / CARPENTER PARK1,boulder-carpenter-park,2023-08-04 17:58:27+00:00,5.292,1.4183333333333332
boulder-139800,BOULDER / CARPENTER PARK2,boulder-carpenter-park,2023-08-04 18:32:00+00:00,0.0,0.016666666666666666
boulder-67857,BOULDER / CARPENTER PARK2,boulder-carpenter-park,2023-08-04 18:32:33+00:00,0.0,0.011944444444444445
boulder-139802,BOULDER / CARPENTER PARK2,boulder-carpenter-park,2023-08-04 18:33:00+00:00,0.048,0.016666666666666666
boulder-67862,BOULDER / CARPENTER PARK2,boulder-carpenter-park,2023-08-04 18:33:27+00:00,0.048,0.023055555555555555
boulder-139815,BOULDER / CARPENTER PARK1,boulder-carpenter-park,2023-08-04 19:39:00+00:00,29.131,5.0
boulder-67893,BOULDER / CARPENTER PARK1,boulder-carpenter-park,2023-08-04 19:39:08+00:00,29.131,5.0
boulder-139830,BOULDER / CARPENTER PARK2,boulder-carpenter-park,2023-08-04 21:00:00+00:00,4.735,0.8166666666666667
boulder-67934,BOULDER / CARPENTER PARK2,boulder-carpenter-park,2023-08-04 21:00:36+00:00,4.735,0.8119444444444445
boulder-139886,BOULDER / CARPENTER PARK2,boulder-carpenter-park,2023-08-05 02:45:00+00:00,36.888,6.466666666666667
boulder-67678,BOULDER / CARPENTER PARK2,boulder-carpenter-park,2023-08-05 02:45:26+00:00,36.888,6.472222222222222
boulder-139898,BOULDER / CARPENTER PARK1,boulder-carpenter-park,2023-08-05 13:47:00+00:00,4.948,2.783333333333333
boulder-67755,BOULDER / CARPENTER PARK1,boulder-carpenter-park,2023-08-05 13:47:02+00:00,4.948,2.792777777777778
boulder-139927,BOULDER / CARPENTER PARK2,boulder-carpenter-park,2023-08-05 16:31:00+00:00,0.0,0.03333333333333333
boulder-67872,BOULDER / CARPENTER PARK2,boulder-carpenter-park,2023-08-05 16:31:01+00:00,0.0,0.03666666666666667
boulder-139931,BOULDER / CARPENTER PARK2,boulder-carpenter-park,2023-08-05 16:33:00+00:00,17.194,3.2
boulder-67882,BOULDER / CARPENTER PARK2,boulder-carpenter-park,2023-08-05 16:33:25+00:00,17.194,3.2069444444444444
boulder-139938,BOULDER / CARPENTER PARK1,boulder-carpenter-park,2023-08-05 16:51:00+00:00,3.37,1.8666666666666667
boulder-67906,BOULDER / CARPENTER PARK1,boulder-carpenter-park,2023-08-05 16:51:16+00:00,3.37,1.8672222222222221
boulder-139942,BOULDER / CARPENTER PARK1,boulder-carpenter-park,2023-08-05 16:59:00+00:00,6.273,2.45
boulder-67915,BOULDER / CARPENTER PARK1,boulder-carpenter-park,2023-08-05 16:59:45+00:00,6.273,2.450277777777778
boulder-139964,BOULDER / CARPENTER PARK1,boulder-carpenter-park,2023-08-05 19:02:00+00:00,4.622,0.7833333333333333
boulder-67968,BOULDER / CARPENTER PARK1,boulder-carpenter-park,2023-08-05 19:02:22+00:00,4.622,0.7891666666666667
boulder-139985,BOULDER / CARPENTER PARK1,boulder-carpenter-park,2023-08-05 20:10:00+00:00,0.0,0.0
boulder-139987,BOULDER / CARPENTER PARK1,boulder-carpenter-park,2023-08-05 20:10:00+00:00,0.0,0.03333333333333333
boulder-139989,BOULDER / CARPENTER PARK1,boulder-carpenter-park,2023-08-05 20:10:00+00:00,0.0,0.0
boulder-67757,BOULDER / CARPENTER PARK1,boulder-carpenter-park,2023-08-05 20:10:26+00:00,0.0,0.004722222222222222
boulder-67762,BOULDER / CARPENTER PARK1,boulder-carpenter-park,2023-08-05 20:10:54+00:00,0.0,0.034166666666666665
boulder-67768,BOULDER / CARPENTER PARK1,boulder-carpenter-park,2023-08-05 20:10:54+00:00,0.0,0.0002777777777777778
boulder-139991,BOULDER / CARPENTER PARK2,boulder-carpenter-park,2023-08-05 20:15:00+00:00,0.0,0.016666666666666666
boulder-67774,BOULDER / CARPENTER PARK2,boulder-carpenter-park,2023-08-05 20:15:27+00:00,0.0,0.013888888888888888
boulder-139993,BOULDER / CARPENTER PARK2,boulder-carpenter-park,2023-08-05 20:16:00+00:00,11.22,2.5166666666666666
boulder-67780,BOULDER / CARPENTER PARK2,boulder-carpenter-park,2023-08-05 20:16:24+00:00,11.22,2.5219444444444443
boulder-139999,BOULDER / CARPENTER PARK1,boulder-carpenter-park,2023-08-05 20:36:00+00:00,0.0,0.016666666666666666
boulder-67835,BOULDER / CARPENTER PARK1,boulder-carpenter-park,2023-08-05 20:36:58+00:00,0.0,0.014444444444444444
boulder-140001,BOULDER / CARPENTER PARK1,boulder-carpenter-park,2023-08-05 20:37:00+00:00,5.98,1.0333333333333334
boulder-67841,BOULDER / CARPENTER PARK1,boulder-carpenter-park,2023-08-05 20:37:59+00:00,5.98,1.0266666666666666
boulder-140007,BOULDER / CARPENTER PARK1,boulder-carpenter-park,2023-08-05 21:21:00+00:00,5.993,2.3
boulder-67860,BOULDER / CARPENTER PARK1,boulder-carpenter-park,2023-08-05 21:21:15+00:00,5.993,2.3088888888888888
boulder-140009,BOULDER / CARPENTER PARK2,boulder-carpenter-park,2023-08-05 21:47:00+00:00,0.0,1.9333333333333333
boulder-67865,BOULDER / CARPENTER PARK2,boulder-carpenter-park,2023-08-05 21:47:58+00:00,0.0,1.9211111111111112
boulder-140011,BOULDER / CARPENTER PARK1,boulder-carpenter-park,2023-08-05 21:50:00+00:00,1.052,2.4833333333333334
boulder-67869,BOULDER / CARPENTER PARK1,boulder-carpenter-park,2023-08-05 21:50:34+00:00,1.052,2.484166666666667
boulder-140034,BOULDER / CARPENTER PARK1,boulder-carpenter-park,2023-08-05 23:44:00+00:00,0.0,0.03333333333333333
boulder-67917,BOULDER / CARPENTER PARK1,boulder-carpenter-park,2023-08-05 23:44:58+00:00,0.0,0.023055555555555555
boulder-140036,BOULDER / CARPENTER PARK1,boulder-carpenter-park,2023-08-05 23:47:00+00:00,3.849,0.7
boulder-67922,BOULDER / CARPENTER PARK1,boulder-carpenter-park,2023-08-05 23:47:07+00:00,3.849,0.7086111111111111
boulder-140045,BOULDER / CARPENTER PARK2,boulder-carpenter-park,2023-08-06 00:49:00+00:00,8.897,1.7833333333333334
boulder-67941,BOULDER / CARPENTER PARK2,boulder-carpenter-park,2023-08-06 00:49:15+00:00,8.897,1.7825
boulder-140051,BOULDER / CARPENTER PARK1,boulder-carpenter-park,2023-08-06 01:21:00+00:00,5.275,1.4666666666666666
boulder-67956,BOULDER / CARPENTER PARK1,boulder-carpenter-park,2023-08-06 01:21:58+00:00,5.275,1.4613888888888888
boulder-140053,BOULDER / CARPENTER PARK1,boulder-carpenter-park,2023-08-06 01:31:00+00:00,0.0,0.03333333333333333
boulder-67966,BOULDER / CARPENTER PARK1,boulder-carpenter-park,2023-08-06 01:31:48+00:00,0.0,0.03333333333333333
boulder-140055,BOULDER / CARPENTER PARK1,boulder-carpenter-park,2023-08-06 01:34:00+00:00,22.171,6.516666666666667
boulder-67971,BOULDER / CARPENTER PARK1,boulder-carpenter-park,2023-08-06 01:34:53+00:00,22.171,6.504722222222222
boulder-140064,BOULDER / CARPENTER PARK1,boulder-carpenter-park,2023-08-06 03:58:00+00:00,52.527,8.933333333333334
boulder-67989,BOULDER / CARPENTER PARK1,boulder-carpenter-park,2023-08-06 03:58:29+00:00,52.527,8.940277777777778
boulder-140076,BOULDER / CARPENTER PARK2,boulder-carpenter-park,2023-08-06 12:57:00+00:00,17.886,3.7
boulder-67996,BOULDER / CARPENTER PARK2,boulder-carpenter-park,2023-08-06 12:57:49+00:00,17.886,3.701388888888889
boulder-140094,BOULDER / CARPENTER PARK1,boulder-carpenter-park,2023-08-06 14:49:00+00:00,0.0,0.016666666666666666
boulder-67699,BOULDER / CARPENTER PARK1,boulder-carpenter-park,2023-08-06 14:49:58+00:00,0.0,0.009722222222222222
boulder-140098,BOULDER / CARPENTER PARK1,boulder-carpenter-park,2023-08-06 15:25:00+00:00,0.036,0.016666666666666666
boulder-67707,BOULDER / CARPENTER PARK1,boulder-carpenter-park,2023-08-06 15:25:52+00:00,0.036,0.013333333333333334
boulder-140100,BOULDER / CARPENTER PARK1,boulder-carpenter-park,2023-08-06 15:27:00+00:00,17.148,3.7
boulder-67708,BOULDER / CARPENTER PARK1,boulder-carpenter-park,2023-08-06 15:27:02+00:00,17.148,3.710277777777778
boulder-140119,BOULDER / CARPENTER PARK2,boulder-carpenter-park,2023-08-06 19:58:00+00:00,3.325,0.5833333333333334
boulder-67724,BOULDER / CARPENTER PARK2,boulder-carpenter-park,2023-08-06 19:58:50+00:00,3.325,0.5819444444444445
boulder-140120,BOULDER / CARPENTER PARK1,boulder-carpenter-park,2023-08-06 20:06:00+00:00,3.04,0.9666666666666667
boulder-67725,BOULDER / CARPENTER PARK1,boulder-carpenter-park,2023-08-06 20:06:10+00:00,3.04,0.9658333333333333
boulder-140122,BOULDER / CARPENTER PARK1,boulder-carpenter-park,2023-08-06 20:32:00+00:00,41.325,7.033333333333333
boulder-67727,BOULDER / CARPENTER PARK1,boulder-carpenter-park,2023-08-06 20:32:44+00:00,41.325,7.035
boulder-140124,BOULDER / CARPENTER PARK2,boulder-carpenter-park,2023-08-06 21:16:00+00:00,3.799,0.7
boulder-67729,BOULDER / CARPENTER PARK2,boulder-carpenter-park,2023-08-06 21:16:26+00:00,3.799,0.6947222222222222
boulder-140127,BOULDER / CARPENTER PARK1,boulder-carpenter-park,2023-08-06 21:54:00+00:00,0.0,0.03333333333333333
boulder-67732,BOULDER / CARPENTER PARK1,boulder-carpenter-park,2023-08-06 21:54:58+00:00,0.0,0.02361111111111111
boulder-140141,BOULDER / CARPENTER PARK2,boulder-carpenter-park,2023-08-07 00:39:00+00:00,14.751,3.0833333333333335
boulder-67746,BOULDER / CARPENTER PARK2,boulder-carpenter-park,2023-08-07 00:39:06+00:00,14.751,3.0866666666666664
boulder-140145,BOULDER / CARPENTER PARK2,boulder-carpenter-park,2023-08-07 11:56:00+00:00,6.872,1.1666666666666667
boulder-67649,BOULDER / CARPENTER PARK2,boulder-carpenter-park,2023-08-07 11:56:00+00:00,6.872,1.175
boulder-140148,BOULDER / CARPENTER PARK1,boulder-carpenter-park,2023-08-07 12:50:00+00:00,0.0,0.016666666666666666
boulder-67689,BOULDER / CARPENTER PARK1,boulder-carpenter-park,2023-08-07 12:50:30+00:00,0.0,0.009722222222222222
boulder-140149,BOULDER / CARPENTER PARK1,boulder-carpenter-park,2023-08-07 12:51:00+00:00,3.998,1.25
boulder-67694,BOULDER / CARPENTER PARK1,boulder-carpenter-park,2023-08-07 12:51:28+00:00,3.998,1.2558333333333334
boulder-140156,BOULDER / CARPENTER PARK1,boulder-carpenter-park,2023-08-07 14:15:00+00:00,0.0,0.03333333333333333
boulder-67784,BOULDER / CARPENTER PARK1,boulder-carpenter-park,2023-08-07 14:15:14+00:00,0.0,0.03305555555555555
boulder-140157,BOULDER / CARPENTER PARK2,boulder-carpenter-park,2023-08-07 14:17:00+00:00,1.252,0.4
boulder-67785,BOULDER / CARPENTER PARK2,boulder-carpenter-park,2023-08-07 14:17:40+00:00,1.252,0.4027777777777778
boulder-140159,BOULDER / CARPENTER PARK1,boulder-carpenter-park,2023-08-07 14:25:00+00:00,0.0,0.016666666666666666
boulder-140160,BOULDER / CARPENTER PARK1,boulder-carpenter-park,2023-08-07 14:25:00+00:00,5.667,0.9833333333333333
boulder-67787,BOULDER / CARPENTER PARK1,boulder-carpenter-park,2023-08-07 14:25:27+00:00,0.0,0.01861111111111111
boulder-67788,BOULDER / CARPENTER PARK1,boulder-carpenter-park,2023-08-07 14:25:59+00:00,5.667,0.9738888888888889
boulder-140169,BOULDER / CARPENTER PARK2,boulder-carpenter-park,2023-08-07 15:08:00+00:00,17.854,3.1666666666666665
boulder-67797,BOULDER / CARPENTER PARK2,boulder-carpenter-park,2023-08-07 15:08:27+00:00,17.854,3.1675
boulder-140171,BOULDER / CARPENTER PARK1,boulder-carpenter-park,2023-08-07 15:35:00+00:00,2.182,0.38333333333333336
boulder-67799,BOULDER / CARPENTER PARK1,boulder-carpenter-park,2023-08-07 15:35:50+00:00,2.182,0.37416666666666665
boulder-140179,BOULDER / CARPENTER PARK1,boulder-carpenter-park,2023-08-07 17:30:00+00:00,0.0,0.016666666666666666
boulder-67807,BOULDER / CARPENTER PARK1,boulder-carpenter-park,2023-08-07 17:30:03+00:00,0.0,0.02277777777777778
boulder-140180,BOULDER / CARPENTER PARK1,boulder-carpenter-park,2023-08-07 17:32:00+00:00,9.822,1.7166666666666666
boulder-67808,BOULDER / CARPENTER PARK1,boulder-carpenter-park,2023-08-07 17:32:30+00:00,9.822,1.7116666666666667
boulder-140181,BOULDER / CARPENTER PARK1,boulder-carpenter-park,2023-08-07 17:36:00+00:00,1.484,0.4666666666666667
boulder-67809,BOULDER / CARPENTER PARK1,boulder-carpenter-park,2023-08-07 17:36:09+00:00,1.484,0.47805555555555557
boulder-140187,BOULDER / CARPENTER PARK2,boulder-carpenter-park,2023-08-07 18:23:00+00:00,0.0,0.0
boulder-67815,BOULDER / CARPENTER PARK2,boulder-carpenter-park,2023-08-07 18:23:00+00:00,0.0,0.01638888888888889
boulder-140188,BOULDER / CARPENTER PARK2,boulder-carpenter-park,2023-08-07 18:24:00+00:00,7.672,3.4
boulder-67816,BOULDER / CARPENTER PARK2,boulder-carpenter-park,2023-08-07 18:24:07+00:00,7.672,3.402222222222222
boulder-140190,BOULDER / CARPENTER PARK1,boulder-carpenter-park,2023-08-07 18:37:00+00:00,0.0,0.03333333333333333
boulder-67818,BOULDER / CARPENTER PARK1,boulder-carpenter-park,2023-08-07 18:37:21+00:00,0.0,0.03361111111111111
boulder-140193,BOULDER / CARPENTER PARK1,boulder-carpenter-park,2023-08-07 19:27:00+00:00,2.317,0.4
boulder-67821,BOULDER / CARPENTER PARK1,boulder-carpenter-park,2023-08-07 19:27:01+00:00,2.317,0.4058333333333333
boulder-138211,BOULDER / CARPENTER PARK1,boulder-carpenter-park,2023-08-07 21:25:00+00:00,12.467,6.633333333333334
boulder-68005,BOULDER / CARPENTER PARK1,boulder-carpenter-park,2023-08-07 21:25:26+00:00,12.467,6.635
boulder-138227,BOULDER / CARPENTER PARK1,boulder-carpenter-park,2023-08-07 21:45:00+00:00,0.0,0.05
boulder-68009,BOULDER / CARPENTER PARK1,boulder-carpenter-park,2023-08-07 21:45:50+00:00,0.0,0.04583333333333333
boulder-138228,BOULDER / CARPENTER PARK2,boulder-carpenter-park,2023-08-07 21:47:00+00:00,0.0,0.016666666666666666
boulder-68010,BOULDER / CARPENTER PARK2,boulder-carpenter-park,2023-08-07 21:47:14+00:00,0.0,0.013055555555555556
boulder-138229,BOULDER / CARPENTER PARK2,boulder-carpenter-park,2023-08-07 21:48:00+00:00,14.967,3.2666666666666666
boulder-138230,BOULDER / CARPENTER PARK1,boulder-carpenter-park,2023-08-07 21:48:00+00:00,0.0,0.016666666666666666
boulder-68011,BOULDER / CARPENTER PARK2,boulder-carpenter-park,2023-08-07 21:48:20+00:00,14.967,3.2713888888888887
boulder-68012,BOULDER / CARPENTER PARK1,boulder-carpenter-park,2023-08-07 21:48:50+00:00,0.0,0.017222222222222222
boulder-138231,BOULDER / CARPENTER PARK1,boulder-carpenter-park,2023-08-07 21:50:00+00:00,0.0,0.0
boulder-68013,BOULDER / CARPENTER PARK1,boulder-carpenter-park,2023-08-07 21:50:23+00:00,0.0,0.006388888888888889
boulder-138246,BOULDER / CARPENTER PARK1,boulder-carpenter-park,2023-08-07 23:18:00+00:00,5.693,1.0
boulder-68017,BOULDER / CARPENTER PARK1,boulder-carpenter-park,2023-08-07 23:18:24+00:00,5.693,0.9997222222222222
boulder-138251,BOULDER / CARPENTER PARK2,boulder-carpenter-park,2023-08-07 23:34:00+00:00,0.0,0.13333333333333333
boulder-68018,BOULDER / CARPENTER PARK2,boulder-carpenter-park,2023-08-07 23:34:14+00:00,0.0,0.1322222222222222
boulder-138284,BOULDER / CARPENTER PARK1,boulder-carpenter-park,2023-08-08 01:19:00+00:00,3.209,1.0166666666666666
boulder-68028,BOULDER / CARPENTER PARK1,boulder-carpenter-park,2023-08-08 01:19:23+00:00,3.209,1.0144444444444445
boulder-138289,BOULDER / CARPENTER PARK2,boulder-carpenter-park,2023-08-08 01:25:00+00:00,2.364,0.4166666666666667
boulder-68029,BOULDER / CARPENTER PARK2,boulder-carpenter-park,2023-08-08 01:25:42+00:00,2.364,0.415
boulder-138320,BOULDER / CARPENTER PARK1,boulder-carpenter-park,2023-08-08 12:54:00+00:00,8.96,1.5333333333333334
boulder-68038,BOULDER / CARPENTER PARK1,boulder-carpenter-park,2023-08-08 12:54:54+00:00,8.96,1.5330555555555556
boulder-138322,BOULDER / CARPENTER PARK1,boulder-carpenter-park,2023-08-08 12:58:00+00:00,0.373,1.4333333333333333
boulder-68040,BOULDER / CARPENTER PARK1,boulder-carpenter-park,2023-08-08 12:58:26+00:00,0.373,1.4341666666666666
boulder-138333,BOULDER / CARPENTER PARK2,boulder-carpenter-park,2023-08-08 14:26:00+00:00,6.863,1.1833333333333333
boulder-68051,BOULDER / CARPENTER PARK2,boulder-carpenter-park,2023-08-08 14:26:39+00:00,6.863,1.183888888888889
boulder-138345,BOULDER / CARPENTER PARK2,boulder-carpenter-park,2023-08-08 16:05:00+00:00,4.446,1.4
boulder-68153,BOULDER / CARPENTER PARK2,boulder-carpenter-park,2023-08-08 16:05:15+00:00,4.446,1.4011111111111112
boulder-138361,BOULDER / CARPENTER PARK2,boulder-carpenter-park,2023-08-08 18:39:00+00:00,0.0,0.03333333333333333
boulder-68241,BOULDER / CARPENTER PARK2,boulder-carpenter-park,2023-08-08 18:39:57+00:00,0.0,0.02361111111111111
boulder-138362,BOULDER / CARPENTER PARK2,boulder-carpenter-park,2023-08-08 18:42:00+00:00,13.938,4.983333333333333
boulder-68246,BOULDER / CARPENTER PARK2,boulder-carpenter-park,2023-08-08 18:42:26+00:00,13.938,4.977777777777778
boulder-138365,BOULDER / CARPENTER PARK1,boulder-carpenter-park,2023-08-08 19:19:00+00:00,4.94,0.8666666666666667
boulder-68264,BOULDER / CARPENTER PARK1,boulder-carpenter-park,2023-08-08 19:19:52+00:00,4.94,0.8561111111111112
boulder-138376,BOULDER / CARPENTER PARK1,boulder-carpenter-park,2023-08-08 22:30:00+00:00,0.0,0.03333333333333333
boulder-68327,BOULDER / CARPENTER PARK1,boulder-carpenter-park,2023-08-08 22:30:11+00:00,0.0,0.03333333333333333
boulder-138383,BOULDER / CARPENTER PARK2,boulder-carpenter-park,2023-08-08 23:53:00+00:00,9.278,1.5666666666666667
boulder-68367,BOULDER / CARPENTER PARK2,boulder-carpenter-park,2023-08-08 23:53:04+00:00,9.278,1.5675
boulder-138385,BOULDER / CARPENTER PARK1,boulder-carpenter-park,2023-08-08 23:57:00+00:00,0.0,0.03333333333333333
boulder-68379,BOULDER / CARPENTER PARK1,boulder-carpenter-park,2023-08-08 23:57:29+00:00,0.0,0.027777777777777776
boulder-138387,BOULDER / CARPENTER PARK1,boulder-carpenter-park,2023-08-08 23:59:00+00:00,9.541,1.65
boulder-68060,BOULDER / CARPENTER PARK1,boulder-carpenter-park,2023-08-08 23:59:26+00:00,9.541,1.6516666666666666
boulder-138392,BOULDER / CARPENTER PARK1,boulder-carpenter-park,2023-08-09 00:10:00+00:00,2.65,0.4666666666666667
boulder-68094,BOULDER / CARPENTER PARK1,boulder-carpenter-park,2023-08-09 00:10:28+00:00,2.65,0.45944444444444443
boulder-138402,BOULDER / CARPENTER PARK2,boulder-carpenter-park,2023-08-09 11:56:00+00:00,6.809,1.1666666666666667
boulder-68191,BOULDER / CARPENTER PARK2,boulder-carpenter-park,2023-08-09 11:56:34+00:00,6.809,1.1691666666666667
boulder-138416,BOULDER / CARPENTER PARK2,boulder-carpenter-park,2023-08-09 14:47:00+00:00,6.458,1.0833333333333333
boulder-68268,BOULDER / CARPENTER PARK2,boulder-carpenter-park,2023-08-09 14:47:22+00:00,6.458,1.0805555555555555
boulder-138426,BOULDER / CARPENTER PARK2,boulder-carpenter-park,2023-08-09 17:05:00+00:00,3.434,2.3666666666666667
boulder-68326,BOULDER / CARPENTER PARK2,boulder-carpenter-park,2023-08-09 17:05:09+00:00,3.434,2.37
boulder-138428,BOULDER / CARPENTER PARK1,boulder-carpenter-park,2023-08-09 17:11:00+00:00,1.223,0.23333333333333334
boulder-68337,BOULDER / CARPENTER PARK1,boulder-carpenter-park,2023-08-09 17:11:59+00:00,1.223,0.2222222222222222
boulder-138432,BOULDER / CARPENTER PARK1,boulder-carpenter-park,2023-08-09 17:47:00+00:00,7.486,1.3833333333333333
boulder-68360,BOULDER / CARPENTER PARK1,boulder-carpenter-park,2023-08-09 17:47:02+00:00,7.486,1.3833333333333333
boulder-138434,BOULDER / CARPENTER PARK1,boulder-carpenter-park,2023-08-09 17:57:00+00:00,5.096,4.083333333333333
boulder-68371,BOULDER / CARPENTER PARK1,boulder-carpenter-park,2023-08-09 17:57:34+00:00,5.096,4.0777777777777775
boulder-138438,BOULDER / CARPENTER PARK1,boulder-carpenter-park,2023-08-09 19:25:00+00:00,8.476,1.4833333333333334
boulder-68065,BOULDER / CARPENTER PARK1,boulder-carpenter-park,2023-08-09 19:25:14+00:00,8.476,1.4925
boulder-138444,BOULDER / CARPENTER PARK2,boulder-carpenter-park,2023-08-09 20:37:00+00:00,10.379,1.7666666666666666
boulder-68146,BOULDER / CARPENTER PARK2,boulder-carpenter-park,2023-08-09 20:37:06+00:00,10.379,1.7666666666666666
boulder-138449,BOULDER / CARPENTER PARK1,boulder-carpenter-park,2023-08-09 21:19:00+00:00,4.568,0.8
boulder-68179,BOULDER / CARPENTER PARK1,boulder-carpenter-park,2023-08-09 21:19:48+00:00,4.568,0.7919444444444445
boulder-138477,BOULDER / CARPENTER PARK2,boulder-carpenter-park,2023-08-10 00:38:00+00:00,0.0,0.0
boulder-68353,BOULDER / CARPENTER PARK2,boulder-carpenter-park,2023-08-10 00:38:28+00:00,0.0,0.006666666666666667
boulder-138478,BOULDER / CARPENTER PARK2,boulder-carpenter-park,2023-08-10 00:39:00+00:00,0.177,0.21666666666666667
boulder-68368,BOULDER / CARPENTER PARK2,boulder-carpenter-park,2023-08-10 00:39:31+00:00,0.177,0.21805555555555556
boulder-138481,BOULDER / CARPENTER PARK2,boulder-carpenter-park,2023-08-10 00:54:00+00:00,0.255,0.31666666666666665
boulder-68383,BOULDER / CARPENTER PARK2,boulder-carpenter-park,2023-08-10 00:54:41+00:00,0.255,0.3113888888888889
boulder-138484,BOULDER / CARPENTER PARK1,boulder-carpenter-park,2023-08-10 01:08:00+00:00,3.621,1.15
boulder-68392,BOULDER / CARPENTER PARK1,boulder-carpenter-park,2023-08-10 01:08:58+00:00,3.621,1.1436111111111111
boulder-138488,BOULDER / CARPENTER PARK2,boulder-carpenter-park,2023-08-10 03:09:00+00:00,11.538,2.2333333333333334
boulder-68069,BOULDER / CARPENTER PARK2,boulder-carpenter-park,2023-08-10 03:09:02+00:00,11.538,2.2355555555555555
boulder-138503,BOULDER / CARPENTER PARK2,boulder-carpenter-park,2023-08-10 13:46:00+00:00,6.081,1.05
boulder-68113,BOULDER / CARPENTER PARK2,boulder-carpenter-park,2023-08-10 13:46:46+00:00,6.081,1.0469444444444445
boulder-138507,BOULDER / CARPENTER PARK1,boulder-carpenter-park,2023-08-10 14:27:00+00:00,0.0,0.016666666666666666
boulder-68117,BOULDER / CARPENTER PARK1,boulder-carpenter-park,2023-08-10 14:27:41+00:00,0.0,0.010555555555555556
boulder-138508,BOULDER / CARPENTER PARK1,boulder-carpenter-park,2023-08-10 14:28:00+00:00,6.479,1.1
boulder-68118,BOULDER / CARPENTER PARK1,boulder-carpenter-park,2023-08-10 14:28:27+00:00,6.479,1.1055555555555556
boulder-138512,BOULDER / CARPENTER PARK1,boulder-carpenter-park,2023-08-10 14:55:00+00:00,7.029,3.3
boulder-68122,BOULDER / CARPENTER PARK1,boulder-carpenter-park,2023-08-10 14:55:53+00:00,7.029,3.2952777777777778
boulder-138525,BOULDER / CARPENTER PARK1,boulder-carpenter-park,2023-08-10 16:50:00+00:00,7.017,1.25
boulder-68135,BOULDER / CARPENTER PARK1,boulder-carpenter-park,2023-08-10 16:50:40+00:00,7.017,1.2447222222222223
boulder-138530,BOULDER / CARPENTER PARK2,boulder-carpenter-park,2023-08-10 17:20:00+00:00,7.428,2.433333333333333
boulder-68140,BOULDER / CARPENTER PARK2,boulder-carpenter-park,2023-08-10 17:20:13+00:00,7.428,2.4386111111111113
boulder-138533,BOULDER / CARPENTER PARK1,boulder-carpenter-park,2023-08-10 18:06:00+00:00,0.033,0.03333333333333333
boulder-68143,BOULDER / CARPENTER PARK1,boulder-carpenter-park,2023-08-10 18:06:49+00:00,0.033,0.021666666666666667
boulder-138534,BOULDER / CARPENTER PARK1,boulder-carpenter-park,2023-08-10 18:08:00+00:00,3.436,0.6166666666666667
boulder-68144,BOULDER / CARPENTER PARK1,boulder-carpenter-park,2023-08-10 18:08:37+00:00,3.436,0.6066666666666667
boulder-138544,BOULDER / CARPENTER PARK1,boulder-carpenter-park,2023-08-10 19:20:00+00:00,4.168,0.7166666666666667
boulder-68156,BOULDER / CARPENTER PARK1,boulder-carpenter-park,2023-08-10 19:20:07+00:00,4.168,0.7255555555555555
boulder-138547,BOULDER / CARPENTER PARK1,boulder-carpenter-park,2023-08-10 20:12:00+00:00,16.229,2.7666666666666666
boulder-68174,BOULDER / CARPENTER PARK1,boulder-carpenter-park,2023-08-10 20:12:57+00:00,16.229,2.756388888888889
boulder-138553,BOULDER / CARPENTER PARK2,boulder-carpenter-park,2023-08-10 21:16:00+00:00,5.059,0.9166666666666666
boulder-68219,BOULDER / CARPENTER PARK2,boulder-carpenter-park,2023-08-10 21:16:41+00:00,5.059,0.9122222222222223
boulder-138577,BOULDER / CARPENTER PARK2,boulder-carpenter-park,2023-08-11 00:46:00+00:00,8.909,1.5
boulder-68370,BOULDER / CARPENTER PARK2,boulder-carpenter-park,2023-08-11 00:46:34+00:00,8.909,1.5047222222222223
boulder-138583,BOULDER / CARPENTER PARK1,boulder-carpenter-park,2023-08-11 01:23:00+00:00,3.265,1.0333333333333334
boulder-68398,BOULDER / CARPENTER PARK1,boulder-carpenter-park,2023-08-11 01:23:21+00:00,3.265,1.0375
boulder-138589,BOULDER / CARPENTER PARK1,boulder-carpenter-park,2023-08-11 02:12:00+00:00,2.518,0.7
boulder-68077,BOULDER / CARPENTER PARK1,boulder-carpenter-park,2023-08-11 02:12:40+00:00,2.518,0.7008333333333333
boulder-138590,BOULDER / CARPENTER PARK2,boulder-carpenter-park,2023-08-11 02:55:00+00:00,0.0,0.016666666666666666
boulder-68083,BOULDER / CARPENTER PARK2,boulder-carpenter-park,2023-08-11 02:55:31+00:00,0.0,0.009722222222222222
boulder-138591,BOULDER / CARPENTER PARK2,boulder-carpenter-park,2023-08-11 02:56:00+00:00,5.413,1.4666666666666666
boulder-68091,BOULDER / CARPENTER PARK2,boulder-carpenter-park,2023-08-11 02:56:09+00:00,5.413,1.478611111111111
boulder-138594,BOULDER / CARPENTER PARK2,boulder-carpenter-park,2023-08-11 11:58:00+00:00,6.414,1.1166666666666667
boulder-68159,BOULDER / CARPENTER PARK2,boulder-carpenter-park,2023-08-11 11:58:54+00:00,6.414,1.1033333333333333
boulder-138599,BOULDER / CARPENTER PARK1,boulder-carpenter-park,2023-08-11 13:14:00+00:00,7.559,1.35
boulder-68194,BOULDER / CARPENTER PARK1,boulder-carpenter-park,2023-08-11 13:14:47+00:00,7.559,1.3375
boulder-138600,BOULDER / CARPENTER PARK2,boulder-carpenter-park,2023-08-11 13:15:00+00:00,5.588,1.3
boulder-68199,BOULDER / CARPENTER PARK2,boulder-carpenter-park,2023-08-11 13:15:13+00:00,5.588,1.3002777777777779
boulder-138603,BOULDER / CARPENTER PARK1,boulder-carpenter-park,2023-08-11 13:53:00+00:00,19.56,4.033333333333333
boulder-68218,BOULDER / CARPENTER PARK1,boulder-carpenter-park,2023-08-11 13:53:21+00:00,19.56,4.03
boulder-138604,BOULDER / CARPENTER PARK2,boulder-carpenter-park,2023-08-11 14:07:00+00:00,0.0,0.03333333333333333
boulder-68223,BOULDER / CARPENTER PARK2,boulder-carpenter-park,2023-08-11 14:07:48+00:00,0.0,0.022222222222222223
boulder-138616,BOULDER / CARPENTER PARK1,boulder-carpenter-park,2023-08-11 17:12:00+00:00,0.0,1.8333333333333333
boulder-68294,BOULDER / CARPENTER PARK1,boulder-carpenter-park,2023-08-11 17:12:24+00:00,0.0,1.8427777777777778
boulder-138620,BOULDER / CARPENTER PARK2,boulder-carpenter-park,2023-08-11 17:35:00+00:00,10.811,3.35
boulder-68316,BOULDER / CARPENTER PARK2,boulder-carpenter-park,2023-08-11 17:35:42+00:00,10.811,3.3533333333333335
boulder-138624,BOULDER / CARPENTER PARK1,boulder-carpenter-park,2023-08-11 18:33:00+00:00,7.148,3.816666666666667
boulder-68340,BOULDER / CARPENTER PARK1,boulder-carpenter-park,2023-08-11 18:33:00+00:00,7.148,3.8202777777777777
boulder-138628,BOULDER / CARPENTER PARK1,boulder-carpenter-park,2023-08-11 19:13:00+00:00,0.0,0.4166666666666667
boulder-68362,BOULDER / CARPENTER PARK1,boulder-carpenter-park,2023-08-11 19:13:42+00:00,0.0,0.4197222222222222
boulder-138631,BOULDER / CARPENTER PARK1,boulder-carpenter-park,2023-08-11 20:00:00+00:00,0.216,0.05
boulder-68381,BOULDER / CARPENTER PARK1,boulder-carpenter-park,2023-08-11 20:00:08+00:00,0.216,0.05333333333333334
boulder-138632,BOULDER / CARPENTER PARK1,boulder-carpenter-park,2023-08-11 20:04:00+00:00,4.06,0.7166666666666667
boulder-68384,BOULDER / CARPENTER PARK1,boulder-carpenter-park,2023-08-11 20:04:22+00:00,4.06,0.7261111111111112
boulder-138633,BOULDER / CARPENTER PARK1,boulder-carpenter-park,2023-08-11 20:57:00+00:00,0.0,0.016666666666666666
boulder-68387,BOULDER / CARPENTER PARK1,boulder-carpenter-park,2023-08-11 20:57:01+00:00,0.0,0.02361111111111111
boulder-138634,BOULDER / CARPENTER PARK1,boulder-carpenter-park,2023-08-11 20:59:00+00:00,0.0,0.016666666666666666
boulder-68391,BOULDER / CARPENTER PARK1,boulder-carpenter-park,2023-08-11 20:59:41+00:00,0.0,0.017222222222222222
boulder-138643,BOULDER / CARPENTER PARK1,boulder-carpenter-park,2023-08-11 22:25:00+00:00,0.0,0.03333333333333333
boulder-68151,BOULDER / CARPENTER PARK1,boulder-carpenter-park,2023-08-11 22:25:07+00:00,0.0,0.03333333333333333
boulder-138644,BOULDER / CARPENTER PARK1,boulder-carpenter-park,2023-08-11 22:28:00+00:00,12.658,2.216666666666667
boulder-68157,BOULDER / CARPENTER PARK1,boulder-carpenter-park,2023-08-11 22:28:00+00:00,12.658,2.225277777777778
boulder-138656,BOULDER / CARPENTER PARK1,boulder-carpenter-park,2023-08-12 00:30:00+00:00,0.0,0.03333333333333333
boulder-68230,BOULDER / CARPENTER PARK1,boulder-carpenter-park,2023-08-12 00:30:31+00:00,0.0,0.03333333333333333
boulder-138658,BOULDER / CARPENTER PARK2,boulder-carpenter-park,2023-08-12 00:37:00+00:00,6.47,1.1166666666666667
boulder-68242,BOULDER / CARPENTER PARK2,boulder-carpenter-park,2023-08-12 00:37:51+00:00,6.47,1.1025
boulder-138666,BOULDER / CARPENTER PARK2,boulder-carpenter-park,2023-08-12 02:25:00+00:00,24.153,7.333333333333333
boulder-68288,BOULDER / CARPENTER PARK2,boulder-carpenter-park,2023-08-12 02:25:36+00:00,24.153,7.326388888888889
boulder-138667,BOULDER / CARPENTER PARK1,boulder-carpenter-park,2023-08-12 02:35:00+00:00,2.118,0.5833333333333334
boulder-68293,BOULDER / CARPENTER PARK1,boulder-carpenter-park,2023-08-12 02:35:40+00:00,2.118,0.5858333333333333
boulder-138669,BOULDER / CARPENTER PARK1,boulder-carpenter-park,2023-08-12 03:46:00+00:00,0.0,0.0
boulder-138670,BOULDER / CARPENTER PARK1,boulder-carpenter-park,2023-08-12 03:46:00+00:00,36.84,6.25
boulder-68306,BOULDER / CARPENTER PARK1,boulder-carpenter-park,2023-08-12 03:46:00+00:00,0.0,0.0011111111111111111
boulder-68312,BOULDER / CARPENTER PARK1,boulder-carpenter-park,2023-08-12 03:46:17+00:00,36.84,6.2491666666666665
boulder-138675,BOULDER / CARPENTER PARK1,boulder-carpenter-park,2023-08-12 13:34:00+00:00,9.453,1.7666666666666666
boulder-68339,BOULDER / CARPENTER PARK1,boulder-carpenter-park,2023-08-12 13:34:51+00:00,9.453,1.7661111111111112
boulder-138676,BOULDER / CARPENTER PARK1,boulder-carpenter-park,2023-08-12 13:48:00+00:00,4.791,2.8
boulder-68346,BOULDER / CARPENTER PARK1,boulder-carpenter-park,2023-08-12 13:48:47+00:00,4.791,2.801388888888889
boulder-138678,BOULDER / CARPENTER PARK2,boulder-carpenter-park,2023-08-12 13:53:00+00:00,7.301,1.25
boulder-68358,BOULDER / CARPENTER PARK2,boulder-carpenter-park,2023-08-12 13:53:03+00:00,7.301,1.2591666666666668
boulder-138688,BOULDER / CARPENTER PARK2,boulder-carpenter-park,2023-08-12 15:57:00+00:00,18.229,3.0833333333333335
boulder-68461,BOULDER / CARPENTER PARK2,boulder-carpenter-park,2023-08-12 15:57:25+00:00,18.229,3.082777777777778
boulder-138695,BOULDER / CARPENTER PARK1,boulder-carpenter-park,2023-08-12 16:49:00+00:00,13.797,2.45
boulder-68546,BOULDER / CARPENTER PARK1,boulder-carpenter-park,2023-08-12 16:49:02+00:00,13.797,2.4530555555555558
boulder-138699,BOULDER / CARPENTER PARK2,boulder-carpenter-park,2023-08-12 17:45:00+00:00,0.0,0.05
boulder-68571,BOULDER / CARPENTER PARK2,boulder-carpenter-park,2023-08-12 17:45:44+00:00,0.0,0.03972222222222222
boulder-138700,BOULDER / CARPENTER PARK1,boulder-carpenter-park,2023-08-12 17:47:00+00:00,0.009,0.016666666666666666
boulder-68610,BOULDER / CARPENTER PARK1,boulder-carpenter-park,2023-08-12 17:47:42+00:00,0.009,0.010555555555555556
boulder-138701,BOULDER / CARPENTER PARK1,boulder-carpenter-park,2023-08-12 17:49:00+00:00,27.025,7.433333333333334
boulder-68614,BOULDER / CARPENTER PARK1,boulder-carpenter-park,2023-08-12 17:49:24+00:00,27.025,7.433333333333334
boulder-138708,BOULDER / CARPENTER PARK2,boulder-carpenter-park,2023-08-12 19:02:00+00:00,0.025,0.016666666666666666
boulder-68683,BOULDER / CARPENTER PARK2,boulder-carpenter-park,2023-08-12 19:02:28+00:00,0.025,0.011666666666666667
boulder-138710,BOULDER / CARPENTER PARK2,boulder-carpenter-park,2023-08-12 19:09:00+00:00,17.509,2.95
boulder-68691,BOULDER / CARPENTER PARK2,boulder-carpenter-park,2023-08-12 19:09:32+00:00,17.509,2.9569444444444444
boulder-138714,BOULDER / CARPENTER PARK1,boulder-carpenter-park,2023-08-12 20:38:00+00:00,0.0,0.03333333333333333
boulder-68724,BOULDER / CARPENTER PARK1,boulder-carpenter-park,2023-08-12 20:38:33+00:00,0.0,0.03305555555555555
boulder-138719,BOULDER / CARPENTER PARK2,boulder-carpenter-park,2023-08-12 22:35:00+00:00,11.005,1.9
boulder-68737,BOULDER / CARPENTER PARK2,boulder-carpenter-park,2023-08-12 22:35:03+00:00,11.005,1.9136111111111112
boulder-138722,BOULDER / CARPENTER PARK1,boulder-carpenter-park,2023-08-12 23:00:00+00:00,9.18,1.5666666666666667
boulder-68773,BOULDER / CARPENTER PARK1,boulder-carpenter-park,2023-08-12 23:00:55+00:00,9.18,1.5666666666666667
boulder-138729,BOULDER / CARPENTER PARK2,boulder-carpenter-park,2023-08-13 00:38:00+00:00,0.0,0.03333333333333333
boulder-68785,BOULDER / CARPENTER PARK2,boulder-carpenter-park,2023-08-13 00:38:28+00:00,0.0,0.03305555555555555
boulder-68787,BOULDER / CARPENTER PARK2,boulder-carpenter-park,2023-08-13 00:38:29+00:00,0.0,0.03305555555555555
boulder-138731,BOULDER / CARPENTER PARK2,boulder-carpenter-park,2023-08-13 00:40:00+00:00,0.0,0.03333333333333333
boulder-68789,BOULDER / CARPENTER PARK2,boulder-carpenter-park,2023-08-13 00:40:48+00:00,0.0,0.03333333333333333
boulder-138732,BOULDER / CARPENTER PARK2,boulder-carpenter-park,2023-08-13 00:43:00+00:00,0.0,0.05
boulder-68791,BOULDER / CARPENTER PARK2,boulder-carpenter-park,2023-08-13 00:43:48+00:00,0.0,0.04527777777777778
boulder-138733,BOULDER / CARPENTER PARK2,boulder-carpenter-park,2023-08-13 00:47:00+00:00,1.807,0.3333333333333333
boulder-68794,BOULDER / CARPENTER PARK2,boulder-carpenter-park,2023-08-13 00:47:33+00:00,1.807,0.3375
boulder-138735,BOULDER / CARPENTER PARK1,boulder-carpenter-park,2023-08-13 01:05:00+00:00,0.0,0.0
boulder-68798,BOULDER / CARPENTER PARK1,boulder-carpenter-park,2023-08-13 01:05:04+00:00,0.0,0.010277777777777778
boulder-138736,BOULDER / CARPENTER PARK2,boulder-carpenter-park,2023-08-13 01:08:00+00:00,1.628,0.3
boulder-68457,BOULDER / CARPENTER PARK2,boulder-carpenter-park,2023-08-13 01:08:15+00:00,1.628,0.30527777777777776
boulder-138739,BOULDER / CARPENTER PARK1,boulder-carpenter-park,2023-08-13 01:43:00+00:00,5.222,1.4333333333333333
boulder-68537,BOULDER / CARPENTER PARK1,boulder-carpenter-park,2023-08-13 01:43:22+00:00,5.222,1.4297222222222221
boulder-138740,BOULDER / CARPENTER PARK2,boulder-carpenter-park,2023-08-13 04:06:00+00:00,19.131,6.433333333333334
boulder-68543,BOULDER / CARPENTER PARK2,boulder-carpenter-park,2023-08-13 04:06:18+00:00,19.131,6.4430555555555555
boulder-138749,BOULDER / CARPENTER PARK2,boulder-carpenter-park,2023-08-13 14:09:00+00:00,10.432,1.8
boulder-68621,BOULDER / CARPENTER PARK2,boulder-carpenter-park,2023-08-13 14:09:40+00:00,10.432,1.795
boulder-138752,BOULDER / CARPENTER PARK1,boulder-carpenter-park,2023-08-13 15:01:00+00:00,14.567,2.4833333333333334
boulder-68636,BOULDER / CARPENTER PARK1,boulder-carpenter-park,2023-08-13 15:01:30+00:00,14.567,2.48
boulder-138760,BOULDER / CARPENTER PARK2,boulder-carpenter-park,2023-08-13 16:05:00+00:00,5.954,1.8166666666666667
boulder-68692,BOULDER / CARPENTER PARK2,boulder-carpenter-park,2023-08-13 16:05:04+00:00,5.954,1.8258333333333334
boulder-138779,BOULDER / CARPENTER PARK1,boulder-carpenter-park,2023-08-13 19:46:00+00:00,0.0,0.03333333333333333
boulder-138780,BOULDER / CARPENTER PARK2,boulder-carpenter-park,2023-08-13 19:46:00+00:00,0.0,0.016666666666666666
boulder-68714,BOULDER / CARPENTER PARK1,boulder-carpenter-park,2023-08-13 19:46:42+00:00,0.0,0.03333333333333333
boulder-68715,BOULDER / CARPENTER PARK2,boulder-carpenter-park,2023-08-13 19:46:52+00:00,0.0,0.01861111111111111
boulder-138781,BOULDER / CARPENTER PARK2,boulder-carpenter-park,2023-08-13 19:48:00+00:00,11.577,1.9833333333333334
boulder-68716,BOULDER / CARPENTER PARK2,boulder-carpenter-park,2023-08-13 19:48:19+00:00,11.577,1.9802777777777778
boulder-138221,BOULDER / CARPENTER PARK2,boulder-carpenter-park,2023-08-13 21:57:00+00:00,7.874,2.2
boulder-68640,BOULDER / CARPENTER PARK2,boulder-carpenter-park,2023-08-13 21:57:59+00:00,7.874,2.1977777777777776
boulder-138295,BOULDER / CARPENTER PARK2,boulder-carpenter-park,2023-08-14 01:25:00+00:00,0.0,0.0
boulder-68750,BOULDER / CARPENTER PARK2,boulder-carpenter-park,2023-08-14 01:25:46+00:00,0.0,0.002777777777777778
boulder-138297,BOULDER / CARPENTER PARK1,boulder-carpenter-park,2023-08-14 01:31:00+00:00,0.0,0.016666666666666666
boulder-68751,BOULDER / CARPENTER PARK1,boulder-carpenter-park,2023-08-14 01:31:39+00:00,0.0,0.010833333333333334
boulder-138300,BOULDER / CARPENTER PARK2,boulder-carpenter-park,2023-08-14 01:33:00+00:00,0.0,0.016666666666666666
boulder-68752,BOULDER / CARPENTER PARK2,boulder-carpenter-park,2023-08-14 01:33:28+00:00,0.0,0.014444444444444444
boulder-138304,BOULDER / CARPENTER PARK1,boulder-carpenter-park,2023-08-14 01:40:00+00:00,0.0,0.016666666666666666
boulder-68753,BOULDER / CARPENTER PARK1,boulder-carpenter-park,2023-08-14 01:40:56+00:00,0.0,0.0125
boulder-138312,BOULDER / CARPENTER PARK1,boulder-carpenter-park,2023-08-14 01:42:00+00:00,2.918,0.7833333333333333
boulder-68755,BOULDER / CARPENTER PARK1,boulder-carpenter-park,2023-08-14 01:42:09+00:00,2.918,0.7927777777777778
boulder-138316,BOULDER / CARPENTER PARK1,boulder-carpenter-park,2023-08-14 01:45:00+00:00,11.394,1.95
boulder-68756,BOULDER / CARPENTER PARK1,boulder-carpenter-park,2023-08-14 01:45:26+00:00,11.394,1.9538888888888888
boulder-138786,BOULDER / CARPENTER PARK2,boulder-carpenter-park,2023-08-14 04:09:00+00:00,25.988,7.766666666666667
boulder-68757,BOULDER / CARPENTER PARK2,boulder-carpenter-park,2023-08-14 04:09:14+00:00,25.988,7.777222222222222
boulder-138787,BOULDER / CARPENTER PARK1,boulder-carpenter-park,2023-08-14 11:54:00+00:00,0.0,0.016666666666666666
boulder-68758,BOULDER / CARPENTER PARK1,boulder-carpenter-park,2023-08-14 11:54:48+00:00,0.0,0.014166666666666666
boulder-138789,BOULDER / CARPENTER PARK2,boulder-carpenter-park,2023-08-14 11:57:00+00:00,6.507,1.1166666666666667
boulder-68759,BOULDER / CARPENTER PARK2,boulder-carpenter-park,2023-08-14 11:57:38+00:00,6.507,1.1175
boulder-138802,BOULDER / CARPENTER PARK1,boulder-carpenter-park,2023-08-14 12:47:00+00:00,4.552,1.4333333333333333
boulder-68764,BOULDER / CARPENTER PARK1,boulder-carpenter-park,2023-08-14 12:47:58+00:00,4.552,1.4294444444444445
boulder-138806,BOULDER / CARPENTER PARK2,boulder-carpenter-park,2023-08-14 13:37:00+00:00,13.469,6.25
boulder-68766,BOULDER / CARPENTER PARK2,boulder-carpenter-park,2023-08-14 13:37:54+00:00,13.469,6.237777777777778
boulder-138843,BOULDER / CARPENTER PARK1,boulder-carpenter-park,2023-08-14 15:53:00+00:00,0.0,0.0
boulder-68484,BOULDER / CARPENTER PARK1,boulder-carpenter-park,2023-08-14 15:53:02+00:00,0.0,0.012777777777777779
boulder-138854,BOULDER / CARPENTER PARK1,boulder-carpenter-park,2023-08-14 16:19:00+00:00,7.029,1.2333333333333334
boulder-68489,BOULDER / CARPENTER PARK1,boulder-carpenter-park,2023-08-14 16:19:18+00:00,7.029,1.2383333333333333
boulder-138864,BOULDER / CARPENTER PARK1,boulder-carpenter-park,2023-08-14 17:50:00+00:00,0.0,0.03333333333333333
boulder-68499,BOULDER / CARPENTER PARK1,boulder-carpenter-park,2023-08-14 17:50:51+00:00,0.0,0.02277777777777778
boulder-138865,BOULDER / CARPENTER PARK1,boulder-carpenter-park,2023-08-14 18:05:00+00:00,0.0,0.0
boulder-68500,BOULDER / CARPENTER PARK1,boulder-carpenter-park,2023-08-14 18:05:16+00:00,0.0,0.010833333333333334
boulder-138866,BOULDER / CARPENTER PARK1,boulder-carpenter-park,2023-08-14 18:06:00+00:00,3.293,0.5833333333333334
boulder-68501,BOULDER / CARPENTER PARK1,boulder-carpenter-park,2023-08-14 18:06:29+00:00,3.293,0.5861111111111111
boulder-138871,BOULDER / CARPENTER PARK1,boulder-carpenter-park,2023-08-14 18:52:00+00:00,7.835,1.3333333333333333
boulder-68506,BOULDER / CARPENTER PARK1,boulder-carpenter-park,2023-08-14 18:52:02+00:00,7.835,1.3455555555555556
boulder-138875,BOULDER / CARPENTER PARK1,boulder-carpenter-park,2023-08-14 19:34:00+00:00,4.296,0.7666666666666667
boulder-68510,BOULDER / CARPENTER PARK1,boulder-carpenter-park,2023-08-14 19:34:48+00:00,4.296,0.7613888888888889
boulder-138880,BOULDER / CARPENTER PARK1,boulder-carpenter-park,2023-08-14 21:04:00+00:00,5.312,0.9333333333333333
boulder-68515,BOULDER / CARPENTER PARK1,boulder-carpenter-park,2023-08-14 21:04:56+00:00,5.312,0.9266666666666666
boulder-138883,BOULDER / CARPENTER PARK2,boulder-carpenter-park,2023-08-14 21:45:00+00:00,0.0,2.15
boulder-68518,BOULDER / CARPENTER PARK2,boulder-carpenter-park,2023-08-14 21:45:30+00:00,0.0,2.1433333333333335
boulder-138887,BOULDER / CARPENTER PARK2,boulder-carpenter-park,2023-08-14 22:49:00+00:00,6.319,1.9
boulder-68522,BOULDER / CARPENTER PARK2,boulder-carpenter-park,2023-08-14 22:49:29+00:00,6.319,1.9069444444444446
boulder-138897,BOULDER / CARPENTER PARK2,boulder-carpenter-park,2023-08-15 01:14:00+00:00,8.513,1.8833333333333333
boulder-68535,BOULDER / CARPENTER PARK2,boulder-carpenter-park,2023-08-15 01:14:23+00:00,8.513,1.8925
boulder-138901,BOULDER / CARPENTER PARK1,boulder-carpenter-park,2023-08-15 05:19:00+00:00,39.332,8.95
boulder-68550,BOULDER / CARPENTER PARK1,boulder-carpenter-park,2023-08-15 05:19:34+00:00,39.332,8.956666666666667
boulder-138906,BOULDER / CARPENTER PARK2,boulder-carpenter-park,2023-08-15 12:24:00+00:00,3.703,0.6333333333333333
boulder-68574,BOULDER / CARPENTER PARK2,boulder-carpenter-park,2023-08-15 12:24:50+00:00,3.703,0.6247222222222222
boulder-138909,BOULDER / CARPENTER PARK1,boulder-carpenter-park,2023-08-15 14:09:00+00:00,0.0,0.03333333333333333
boulder-68577,BOULDER / CARPENTER PARK1,boulder-carpenter-park,2023-08-15 14:09:23+00:00,0.0,0.03333333333333333
boulder-138913,BOULDER / CARPENTER PARK2,boulder-carpenter-park,2023-08-15 14:31:00+00:00,16.586,3.25
boulder-68581,BOULDER / CARPENTER PARK2,boulder-carpenter-park,2023-08-15 14:31:00+00:00,16.586,3.2644444444444445
boulder-138922,BOULDER / CARPENTER PARK1,boulder-carpenter-park,2023-08-15 16:52:00+00:00,0.0,3.4
boulder-68590,BOULDER / CARPENTER PARK1,boulder-carpenter-park,2023-08-15 16:52:01+00:00,0.0,3.408611111111111
boulder-138924,BOULDER / CARPENTER PARK1,boulder-carpenter-park,2023-08-15 17:00:00+00:00,0.0,0.8
boulder-68592,BOULDER / CARPENTER PARK1,boulder-carpenter-park,2023-08-15 17:00:02+00:00,0.0,0.8041666666666667
boulder-138929,BOULDER / CARPENTER PARK2,boulder-carpenter-park,2023-08-15 17:40:00+00:00,0.0,0.08333333333333333
boulder-68598,BOULDER / CARPENTER PARK2,boulder-carpenter-park,2023-08-15 17:40:43+00:00,0.0,0.08694444444444445
boulder-138931,BOULDER / CARPENTER PARK2,boulder-carpenter-park,2023-08-15 17:46:00+00:00,0.0,0.03333333333333333
boulder-68600,BOULDER / CARPENTER PARK2,boulder-carpenter-park,2023-08-15 17:46:18+00:00,0.0,0.03305555555555555
boulder-138932,BOULDER / CARPENTER PARK2,boulder-carpenter-park,2023-08-15 17:48:00+00:00,2.415,0.45
boulder-68601,BOULDER / CARPENTER PARK2,boulder-carpenter-park,2023-08-15 17:48:39+00:00,2.415,0.45
boulder-138939,BOULDER / CARPENTER PARK2,boulder-carpenter-park,2023-08-15 19:05:00+00:00,0.0,0.03333333333333333
boulder-68401,BOULDER / CARPENTER PARK2,boulder-carpenter-park,2023-08-15 19:05:02+00:00,0.0,0.03333333333333333
boulder-138940,BOULDER / CARPENTER PARK2,boulder-carpenter-park,2023-08-15 19:07:00+00:00,0.0,0.9
boulder-68402,BOULDER / CARPENTER PARK2,boulder-carpenter-park,2023-08-15 19:07:24+00:00,0.0,0.8994444444444445
boulder-138943,BOULDER / CARPENTER PARK2,boulder-carpenter-park,2023-08-15 20:01:00+00:00,0.0,0.03333333333333333
boulder-68405,BOULDER / CARPENTER PARK2,boulder-carpenter-park,2023-08-15 20:01:48+00:00,0.0,0.03638888888888889
boulder-138944,BOULDER / CARPENTER PARK2,boulder-carpenter-park,2023-08-15 20:03:00+00:00,3.43,0.7833333333333333
boulder-68406,BOULDER / CARPENTER PARK2,boulder-carpenter-park,2023-08-15 20:03:39+00:00,3.43,0.7730555555555556
boulder-138946,BOULDER / CARPENTER PARK1,boulder-carpenter-park,2023-08-15 20:53:00+00:00,0.0,0.03333333333333333
boulder-68408,BOULDER / CARPENTER PARK1,boulder-carpenter-park,2023-08-15 20:53:40+00:00,0.0,0.03333333333333333
boulder-138947,BOULDER / CARPENTER PARK1,boulder-carpenter-park,2023-08-15 21:07:00+00:00,0.694,0.23333333333333334
boulder-68409,BOULDER / CARPENTER PARK1,boulder-carpenter-park,2023-08-15 21:07:25+00:00,0.694,0.23027777777777778
boulder-138949,BOULDER / CARPENTER PARK2,boulder-carpenter-park,2023-08-15 21:21:00+00:00,42.698,7.25
boulder-68411,BOULDER / CARPENTER PARK2,boulder-carpenter-park,2023-08-15 21:21:39+00:00,42.698,7.2508333333333335
boulder-138954,BOULDER / CARPENTER PARK1,boulder-carpenter-park,2023-08-15 22:23:00+00:00,3.402,1.0833333333333333
boulder-68416,BOULDER / CARPENTER PARK1,boulder-carpenter-park,2023-08-15 22:23:11+00:00,3.402,1.0847222222222221
boulder-138966,BOULDER / CARPENTER PARK1,boulder-carpenter-park,2023-08-16 00:36:00+00:00,2.156,1.3333333333333333
boulder-68431,BOULDER / CARPENTER PARK1,boulder-carpenter-park,2023-08-16 00:36:42+00:00,2.156,1.3272222222222223
boulder-138976,BOULDER / CARPENTER PARK1,boulder-carpenter-park,2023-08-16 02:21:00+00:00,4.107,0.7166666666666667
boulder-68441,BOULDER / CARPENTER PARK1,boulder-carpenter-park,2023-08-16 02:21:51+00:00,4.107,0.7166666666666667
boulder-138977,BOULDER / CARPENTER PARK1,boulder-carpenter-park,2023-08-16 02:25:00+00:00,12.554,5.833333333333333
boulder-68442,BOULDER / CARPENTER PARK1,boulder-carpenter-park,2023-08-16 02:25:38+00:00,12.554,5.8372222222222225
boulder-138980,BOULDER / CARPENTER PARK1,boulder-carpenter-park,2023-08-16 06:33:00+00:00,0.574,0.13333333333333333
boulder-68445,BOULDER / CARPENTER PARK1,boulder-carpenter-park,2023-08-16 06:33:51+00:00,0.574,0.11916666666666667
boulder-138981,BOULDER / CARPENTER PARK1,boulder-carpenter-park,2023-08-16 06:44:00+00:00,46.321,7.833333333333333
boulder-68446,BOULDER / CARPENTER PARK1,boulder-carpenter-park,2023-08-16 06:44:16+00:00,46.321,7.843055555555556
boulder-138983,BOULDER / CARPENTER PARK2,boulder-carpenter-park,2023-08-16 11:55:00+00:00,5.535,0.95
boulder-68448,BOULDER / CARPENTER PARK2,boulder-carpenter-park,2023-08-16 11:55:08+00:00,5.535,0.9552777777777778
boulder-138994,BOULDER / CARPENTER PARK2,boulder-carpenter-park,2023-08-16 13:48:00+00:00,5.426,1.0
boulder-68538,BOULDER / CARPENTER PARK2,boulder-carpenter-park,2023-08-16 13:48:53+00:00,5.426,0.9944444444444445
boulder-139002,BOULDER / CARPENTER PARK1,boulder-carpenter-park,2023-08-16 14:25:00+00:00,0.0,0.03333333333333333
boulder-68609,BOULDER / CARPENTER PARK1,boulder-carpenter-park,2023-08-16 14:25:34+00:00,0.0,0.03333333333333333
boulder-139004,BOULDER / CARPENTER PARK1,boulder-carpenter-park,2023-08-16 14:28:00+00:00,4.48,0.7833333333333333
boulder-68618,BOULDER / CARPENTER PARK1,boulder-carpenter-park,2023-08-16 14:28:43+00:00,4.48,0.7844444444444445
boulder-139013,BOULDER / CARPENTER PARK2,boulder-carpenter-park,2023-08-16 15:29:00+00:00,13.882,2.466666666666667
boulder-68650,BOULDER / CARPENTER PARK2,boulder-carpenter-park,2023-08-16 15:29:36+00:00,13.882,2.4702777777777776
boulder-139021,BOULDER / CARPENTER PARK1,boulder-carpenter-park,2023-08-16 16:26:00+00:00,0.0,0.016666666666666666
boulder-68658,BOULDER / CARPENTER PARK1,boulder-carpenter-park,2023-08-16 16:26:54+00:00,0.0,0.01638888888888889
boulder-139022,BOULDER / CARPENTER PARK1,boulder-carpenter-park,2023-08-16 16:28:00+00:00,8.179,3.066666666666667
boulder-68659,BOULDER / CARPENTER PARK1,boulder-carpenter-park,2023-08-16 16:28:00+00:00,8.179,3.0830555555555557
boulder-139029,BOULDER / CARPENTER PARK2,boulder-carpenter-park,2023-08-16 18:04:00+00:00,0.307,0.06666666666666667
boulder-68666,BOULDER / CARPENTER PARK2,boulder-carpenter-park,2023-08-16 18:04:41+00:00,0.307,0.06333333333333334
boulder-139045,BOULDER / CARPENTER PARK2,boulder-carpenter-park,2023-08-16 21:23:00+00:00,3.397,0.6
boulder-68532,BOULDER / CARPENTER PARK2,boulder-carpenter-park,2023-08-16 21:23:50+00:00,3.397,0.5861111111111111
boulder-139050,BOULDER / CARPENTER PARK2,boulder-carpenter-park,2023-08-16 22:12:00+00:00,0.0,0.03333333333333333
boulder-68555,BOULDER / CARPENTER PARK2,boulder-carpenter-park,2023-08-16 22:12:43+00:00,0.0,0.03333333333333333
boulder-139055,BOULDER / CARPENTER PARK1,boulder-carpenter-park,2023-08-16 23:35:00+00:00,0.0,0.03333333333333333
boulder-68612,BOULDER / CARPENTER PARK1,boulder-carpenter-park,2023-08-16 23:35:20+00:00,0.0,0.029722222222222223
boulder-139056,BOULDER / CARPENTER PARK1,boulder-carpenter-park,2023-08-16 23:37:00+00:00,10.128,1.7166666666666666
boulder-68617,BOULDER / CARPENTER PARK1,boulder-carpenter-park,2023-08-16 23:37:17+00:00,10.128,1.7194444444444446
boulder-139067,BOULDER / CARPENTER PARK1,boulder-carpenter-park,2023-08-17 03:04:00+00:00,42.121,7.733333333333333
boulder-68694,BOULDER / CARPENTER PARK1,boulder-carpenter-park,2023-08-17 03:04:15+00:00,42.121,7.736944444444444
boulder-139071,BOULDER / CARPENTER PARK2,boulder-carpenter-park,2023-08-17 09:07:00+00:00,9.329,2.55
boulder-68733,BOULDER / CARPENTER PARK2,boulder-carpenter-park,2023-08-17 09:07:41+00:00,9.329,2.55
boulder-139092,BOULDER / CARPENTER PARK2,boulder-carpenter-park,2023-08-17 14:28:00+00:00,1.042,2.3
boulder-68823,BOULDER / CARPENTER PARK2,boulder-carpenter-park,2023-08-17 14:28:43+00:00,1.042,2.303888888888889
boulder-139097,BOULDER / CARPENTER PARK1,boulder-carpenter-park,2023-08-17 15:15:00+00:00,6.87,1.1833333333333333
boulder-68896,BOULDER / CARPENTER PARK1,boulder-carpenter-park,2023-08-17 15:15:03+00:00,6.87,1.1905555555555556
boulder-139100,BOULDER / CARPENTER PARK1,boulder-carpenter-park,2023-08-17 15:45:00+00:00,9.053,1.65
boulder-68907,BOULDER / CARPENTER PARK1,boulder-carpenter-park,2023-08-17 15:45:43+00:00,9.053,1.6516666666666666
boulder-139102,BOULDER / CARPENTER PARK2,boulder-carpenter-park,2023-08-17 15:57:00+00:00,0.0,0.03333333333333333
boulder-68917,BOULDER / CARPENTER PARK2,boulder-carpenter-park,2023-08-17 15:57:41+00:00,0.0,0.03666666666666667
boulder-139118,BOULDER / CARPENTER PARK1,boulder-carpenter-park,2023-08-17 18:02:00+00:00,38.093,6.516666666666667
boulder-69014,BOULDER / CARPENTER PARK1,boulder-carpenter-park,2023-08-17 18:02:26+00:00,38.093,6.523055555555556
boulder-139122,BOULDER / CARPENTER PARK2,boulder-carpenter-park,2023-08-17 18:19:00+00:00,0.0,0.016666666666666666
boulder-69053,BOULDER / CARPENTER PARK2,boulder-carpenter-park,2023-08-17 18:19:07+00:00,0.0,0.020833333333333332
boulder-139123,BOULDER / CARPENTER PARK2,boulder-carpenter-park,2023-08-17 18:20:00+00:00,5.024,1.1166666666666667
boulder-69058,BOULDER / CARPENTER PARK2,boulder-carpenter-park,2023-08-17 18:20:29+00:00,5.024,1.1233333333333333
boulder-139137,BOULDER / CARPENTER PARK2,boulder-carpenter-park,2023-08-17 20:42:00+00:00,14.667,2.466666666666667
boulder-69157,BOULDER / CARPENTER PARK2,boulder-carpenter-park,2023-08-17 20:42:00+00:00,14.667,2.4816666666666665
boulder-139141,BOULDER / CARPENTER PARK1,boulder-carpenter-park,2023-08-17 20:55:00+00:00,0.0,0.016666666666666666
boulder-69052,BOULDER / CARPENTER PARK1,boulder-carpenter-park,2023-08-17 20:55:41+00:00,0.0,0.011666666666666667
boulder-139142,BOULDER / CARPENTER PARK1,boulder-carpenter-park,2023-08-17 20:56:00+00:00,4.279,0.7666666666666667
boulder-69057,BOULDER / CARPENTER PARK1,boulder-carpenter-park,2023-08-17 20:56:32+00:00,4.279,0.7638888888888888
boulder-139161,BOULDER / CARPENTER PARK2,boulder-carpenter-park,2023-08-17 23:43:00+00:00,0.0,0.016666666666666666
boulder-69170,BOULDER / CARPENTER PARK2,boulder-carpenter-park,2023-08-17 23:43:59+00:00,0.0,0.01
boulder-139162,BOULDER / CARPENTER PARK2,boulder-carpenter-park,2023-08-17 23:44:00+00:00,1.071,0.35
boulder-69172,BOULDER / CARPENTER PARK2,boulder-carpenter-park,2023-08-17 23:44:42+00:00,1.071,0.3413888888888889
boulder-139165,BOULDER / CARPENTER PARK1,boulder-carpenter-park,2023-08-18 00:04:00+00:00,8.335,1.7333333333333334
boulder-69177,BOULDER / CARPENTER PARK1,boulder-carpenter-park,2023-08-18 00:04:57+00:00,8.335,1.7319444444444445
boulder-139166,BOULDER / CARPENTER PARK2,boulder-carpenter-park,2023-08-18 00:09:00+00:00,3.366,0.5666666666666667
boulder-69178,BOULDER / CARPENTER PARK2,boulder-carpenter-park,2023-08-18 00:09:14+00:00,3.366,0.5680555555555555
boulder-139168,BOULDER / CARPENTER PARK2,boulder-carpenter-park,2023-08-18 00:24:00+00:00,0.0,0.016666666666666666
boulder-69180,BOULDER / CARPENTER PARK2,boulder-carpenter-park,2023-08-18 00:24:54+00:00,0.0,0.01
boulder-139175,BOULDER / CARPENTER PARK2,boulder-carpenter-park,2023-08-18 01:18:00+00:00,32.297,9.6
boulder-69187,BOULDER / CARPENTER PARK2,boulder-carpenter-park,2023-08-18 01:18:44+00:00,32.297,9.591111111111111
boulder-139180,BOULDER / CARPENTER PARK1,boulder-carpenter-park,2023-08-18 03:19:00+00:00,0.0,0.03333333333333333
boulder-69192,BOULDER / CARPENTER PARK1,boulder-carpenter-park,2023-08-18 03:19:23+00:00,0.0,0.04111111111111111
boulder-139181,BOULDER / CARPENTER PARK1,boulder-carpenter-park,2023-08-18 03:24:00+00:00,0.662,0.2
boulder-69193,BOULDER / CARPENTER PARK1,boulder-carpenter-park,2023-08-18 03:24:01+00:00,0.662,0.205
boulder-139185,BOULDER / CARPENTER PARK2,boulder-carpenter-park,2023-08-18 11:55:00+00:00,5.733,1.0166666666666666
boulder-69197,BOULDER / CARPENTER PARK2,boulder-carpenter-park,2023-08-18 11:55:26+00:00,5.733,1.0158333333333334
boulder-139186,BOULDER / CARPENTER PARK1,boulder-carpenter-park,2023-08-18 11:56:00+00:00,0.934,1.5166666666666666
boulder-69198,BOULDER / CARPENTER PARK1,boulder-carpenter-park,2023-08-18 11:56:11+00:00,0.934,1.5280555555555555
boulder-139192,BOULDER / CARPENTER PARK2,boulder-carpenter-park,2023-08-18 13:41:00+00:00,0.0,0.016666666666666666
boulder-68804,BOULDER / CARPENTER PARK2,boulder-carpenter-park,2023-08-18 13:41:52+00:00,0.0,0.011666666666666667
boulder-139193,BOULDER / CARPENTER PARK2,boulder-carpenter-park,2023-08-18 13:43:00+00:00,0.0,0.016666666666666666
boulder-68805,BOULDER / CARPENTER PARK2,boulder-carpenter-park,2023-08-18 13:43:14+00:00,0.0,0.018055555555555554
boulder-139194,BOULDER / CARPENTER PARK2,boulder-carpenter-park,2023-08-18 13:44:00+00:00,6.523,1.1333333333333333
boulder-139195,BOULDER / CARPENTER PARK1,boulder-carpenter-park,2023-08-18 13:44:00+00:00,0.0,0.016666666666666666
boulder-68806,BOULDER / CARPENTER PARK2,boulder-carpenter-park,2023-08-18 13:44:23+00:00,6.523,1.133888888888889
boulder-68807,BOULDER / CARPENTER PARK1,boulder-carpenter-park,2023-08-18 13:44:33+00:00,0.0,0.009166666666666667
boulder-139196,BOULDER / CARPENTER PARK1,boulder-carpenter-park,2023-08-18 13:46:00+00:00,7.252,1.2666666666666666
boulder-68808,BOULDER / CARPENTER PARK1,boulder-carpenter-park,2023-08-18 13:46:40+00:00,7.252,1.261388888888889
boulder-139197,BOULDER / CARPENTER PARK1,boulder-carpenter-park,2023-08-18 13:57:00+00:00,7.342,6.383333333333334
boulder-68810,BOULDER / CARPENTER PARK1,boulder-carpenter-park,2023-08-18 13:57:15+00:00,7.342,6.395555555555555
boulder-139203,BOULDER / CARPENTER PARK2,boulder-carpenter-park,2023-08-18 14:20:00+00:00,10.871,3.316666666666667
boulder-68826,BOULDER / CARPENTER PARK2,boulder-carpenter-park,2023-08-18 14:20:18+00:00,10.871,3.3194444444444446
boulder-139215,BOULDER / CARPENTER PARK1,boulder-carpenter-park,2023-08-18 16:35:00+00:00,14.387,2.45
boulder-68933,BOULDER / CARPENTER PARK1,boulder-carpenter-park,2023-08-18 16:35:42+00:00,14.387,2.4466666666666668
boulder-139233,BOULDER / CARPENTER PARK2,boulder-carpenter-park,2023-08-18 18:36:00+00:00,8.013,1.35
boulder-69114,BOULDER / CARPENTER PARK2,boulder-carpenter-park,2023-08-18 18:36:03+00:00,8.013,1.3594444444444445
boulder-139240,BOULDER / CARPENTER PARK1,boulder-carpenter-park,2023-08-18 19:29:00+00:00,6.623,1.15
boulder-68821,BOULDER / CARPENTER PARK1,boulder-carpenter-park,2023-08-18 19:29:45+00:00,6.623,1.1502777777777777
boulder-139248,BOULDER / CARPENTER PARK1,boulder-carpenter-park,2023-08-18 20:55:00+00:00,30.223,5.15
boulder-68836,BOULDER / CARPENTER PARK1,boulder-carpenter-park,2023-08-18 20:55:57+00:00,30.223,5.143055555555556
boulder-139256,BOULDER / CARPENTER PARK1,boulder-carpenter-park,2023-08-18 22:44:00+00:00,7.829,1.35
boulder-68844,BOULDER / CARPENTER PARK1,boulder-carpenter-park,2023-08-18 22:44:18+00:00,7.829,1.3475
boulder-139261,BOULDER / CARPENTER PARK2,boulder-carpenter-park,2023-08-18 23:38:00+00:00,1.602,0.5166666666666667
boulder-68849,BOULDER / CARPENTER PARK2,boulder-carpenter-park,2023-08-18 23:38:22+00:00,1.602,0.5108333333333334
boulder-139270,BOULDER / CARPENTER PARK1,boulder-carpenter-park,2023-08-19 00:13:00+00:00,0.0,1.75
boulder-68859,BOULDER / CARPENTER PARK1,boulder-carpenter-park,2023-08-19 00:13:50+00:00,0.0,1.7375
boulder-139272,BOULDER / CARPENTER PARK2,boulder-carpenter-park,2023-08-19 00:55:00+00:00,8.873,1.5
boulder-68861,BOULDER / CARPENTER PARK2,boulder-carpenter-park,2023-08-19 00:55:22+00:00,8.873,1.5005555555555556
boulder-139278,BOULDER / CARPENTER PARK2,boulder-carpenter-park,2023-08-19 02:56:00+00:00,25.127,4.4
boulder-68867,BOULDER / CARPENTER PARK2,boulder-carpenter-park,2023-08-19 02:56:20+00:00,25.127,4.4061111111111115
boulder-139280,BOULDER / CARPENTER PARK1,boulder-carpenter-park,2023-08-19 05:59:00+00:00,42.102,8.983333333333333
boulder-68869,BOULDER / CARPENTER PARK1,boulder-carpenter-park,2023-08-19 05:59:19+00:00,42.102,8.990833333333333
boulder-139287,BOULDER / CARPENTER PARK2,boulder-carpenter-park,2023-08-19 13:53:00+00:00,10.414,1.7833333333333334
boulder-68876,BOULDER / CARPENTER PARK2,boulder-carpenter-park,2023-08-19 13:53:13+00:00,10.414,1.7905555555555555
boulder-138305,BOULDER / CARPENTER PARK1,boulder-carpenter-park,2023-08-19 16:30:00+00:00,3.6,1.8
boulder-68944,BOULDER / CARPENTER PARK1,boulder-carpenter-park,2023-08-19 16:30:35+00:00,3.6,1.7980555555555555
boulder-138803,BOULDER / CARPENTER PARK1,boulder-carpenter-park,2023-08-19 17:27:00+00:00,0.0,1.6666666666666667
boulder-69006,BOULDER / CARPENTER PARK1,boulder-carpenter-park,2023-08-19 17:27:52+00:00,0.0,1.6605555555555556
boulder-138836,BOULDER / CARPENTER PARK2,boulder-carpenter-park,2023-08-19 18:09:00+00:00,0.0,0.03333333333333333
boulder-69021,BOULDER / CARPENTER PARK2,boulder-carpenter-park,2023-08-19 18:09:57+00:00,0.0,0.03305555555555555
boulder-139291,BOULDER / CARPENTER PARK1,boulder-carpenter-park,2023-08-19 19:07:00+00:00,6.444,1.1
boulder-69029,BOULDER / CARPENTER PARK1,boulder-carpenter-park,2023-08-19 19:07:55+00:00,6.444,1.1
boulder-139293,BOULDER / CARPENTER PARK1,boulder-carpenter-park,2023-08-19 19:33:00+00:00,0.0,3.85
boulder-69031,BOULDER / CARPENTER PARK1,boulder-carpenter-park,2023-08-19 19:33:05+00:00,0.0,3.8561111111111113
boulder-139304,BOULDER / CARPENTER PARK1,boulder-carpenter-park,2023-08-19 22:29:00+00:00,4.583,1.5333333333333334
boulder-68882,BOULDER / CARPENTER PARK1,boulder-carpenter-park,2023-08-19 22:29:17+00:00,4.583,1.528888888888889
boulder-139339,BOULDER / CARPENTER PARK2,boulder-carpenter-park,2023-08-20 13:57:00+00:00,6.528,1.1166666666666667
boulder-68974,BOULDER / CARPENTER PARK2,boulder-carpenter-park,2023-08-20 13:57:12+00:00,6.528,1.1252777777777778
boulder-139341,BOULDER / CARPENTER PARK1,boulder-carpenter-park,2023-08-20 13:58:00+00:00,13.529,2.533333333333333
boulder-68975,BOULDER / CARPENTER PARK1,boulder-carpenter-park,2023-08-20 13:58:29+00:00,13.529,2.5297222222222224
boulder-139360,BOULDER / CARPENTER PARK1,boulder-carpenter-park,2023-08-20 15:59:00+00:00,0.0,0.016666666666666666
boulder-68986,BOULDER / CARPENTER PARK1,boulder-carpenter-park,2023-08-20 15:59:02+00:00,0.0,0.019444444444444445
boulder-139362,BOULDER / CARPENTER PARK2,boulder-carpenter-park,2023-08-20 16:01:00+00:00,7.267,2.5166666666666666
boulder-68988,BOULDER / CARPENTER PARK2,boulder-carpenter-park,2023-08-20 16:01:05+00:00,7.267,2.5241666666666664
boulder-139364,BOULDER / CARPENTER PARK2,boulder-carpenter-park,2023-08-20 16:06:00+00:00,0.0,0.06666666666666667
boulder-68990,BOULDER / CARPENTER PARK2,boulder-carpenter-park,2023-08-20 16:06:36+00:00,0.0,0.059444444444444446
boulder-139369,BOULDER / CARPENTER PARK1,boulder-carpenter-park,2023-08-20 16:31:00+00:00,0.0,2.066666666666667
boulder-68995,BOULDER / CARPENTER PARK1,boulder-carpenter-park,2023-08-20 16:31:20+00:00,0.0,2.0658333333333334
boulder-139372,BOULDER / CARPENTER PARK1,boulder-carpenter-park,2023-08-20 16:50:00+00:00,0.0,0.03333333333333333
boulder-68998,BOULDER / CARPENTER PARK1,boulder-carpenter-park,2023-08-20 16:50:01+00:00,0.0,0.03333333333333333
boulder-139373,BOULDER / CARPENTER PARK1,boulder-carpenter-park,2023-08-20 16:52:00+00:00,0.0,0.03333333333333333
boulder-68999,BOULDER / CARPENTER PARK1,boulder-carpenter-park,2023-08-20 16:52:29+00:00,0.0,0.03333333333333333
boulder-139374,BOULDER / CARPENTER PARK1,boulder-carpenter-park,2023-08-20 16:54:00+00:00,0.0,0.03333333333333333
boulder-69000,BOULDER / CARPENTER PARK1,boulder-carpenter-park,2023-08-20 16:54:54+00:00,0.0,0.03333333333333333
boulder-139375,BOULDER / CARPENTER PARK2,boulder-carpenter-park,2023-08-20 17:01:00+00:00,0.0,0.05
boulder-69001,BOULDER / CARPENTER PARK2,boulder-carpenter-park,2023-08-20 17:01:42+00:00,0.0,0.0425
boulder-139376,BOULDER / CARPENTER PARK2,boulder-carpenter-park,2023-08-20 17:04:00+00:00,0.0,1.9
boulder-68815,BOULDER / CARPENTER PARK2,boulder-carpenter-park,2023-08-20 17:04:41+00:00,0.0,1.8902777777777777
boulder-139398,BOULDER / CARPENTER PARK2,boulder-carpenter-park,2023-08-20 18:47:00+00:00,1.159,1.05
boulder-68950,BOULDER / CARPENTER PARK2,boulder-carpenter-park,2023-08-20 18:47:21+00:00,1.159,1.0486111111111112
boulder-139400,BOULDER / CARPENTER PARK1,boulder-carpenter-park,2023-08-20 18:58:00+00:00,0.0,0.03333333333333333
boulder-139402,BOULDER / CARPENTER PARK2,boulder-carpenter-park,2023-08-20 18:58:00+00:00,0.0,0.03333333333333333
boulder-68954,BOULDER / CARPENTER PARK1,boulder-carpenter-park,2023-08-20 18:58:52+00:00,0.0,0.03305555555555555
boulder-68959,BOULDER / CARPENTER PARK2,boulder-carpenter-park,2023-08-20 18:58:53+00:00,0.0,0.0275
boulder-139403,BOULDER / CARPENTER PARK2,boulder-carpenter-park,2023-08-20 19:00:00+00:00,0.0,0.6666666666666666
boulder-68964,BOULDER / CARPENTER PARK2,boulder-carpenter-park,2023-08-20 19:00:57+00:00,0.0,0.6527777777777778
boulder-139405,BOULDER / CARPENTER PARK1,boulder-carpenter-park,2023-08-20 19:01:00+00:00,0.0,0.03333333333333333
boulder-68969,BOULDER / CARPENTER PARK1,boulder-carpenter-park,2023-08-20 19:01:01+00:00,0.0,0.03333333333333333
boulder-139410,BOULDER / CARPENTER PARK2,boulder-carpenter-park,2023-08-20 19:49:00+00:00,0.0,0.016666666666666666
boulder-69051,BOULDER / CARPENTER PARK2,boulder-carpenter-park,2023-08-20 19:49:30+00:00,0.0,0.01138888888888889
boulder-139411,BOULDER / CARPENTER PARK2,boulder-carpenter-park,2023-08-20 19:50:00+00:00,8.477,1.4666666666666666
boulder-69056,BOULDER / CARPENTER PARK2,boulder-carpenter-park,2023-08-20 19:50:23+00:00,8.477,1.475
boulder-139423,BOULDER / CARPENTER PARK1,boulder-carpenter-park,2023-08-20 22:19:00+00:00,0.0,0.016666666666666666
boulder-69141,BOULDER / CARPENTER PARK1,boulder-carpenter-park,2023-08-20 22:19:29+00:00,0.0,0.014166666666666666
boulder-139428,BOULDER / CARPENTER PARK2,boulder-carpenter-park,2023-08-20 22:44:00+00:00,7.303,1.25
boulder-69155,BOULDER / CARPENTER PARK2,boulder-carpenter-park,2023-08-20 22:44:05+00:00,7.303,1.2594444444444444
boulder-139435,BOULDER / CARPENTER PARK1,boulder-carpenter-park,2023-08-20 23:07:00+00:00,0.478,0.1
boulder-69167,BOULDER / CARPENTER PARK1,boulder-carpenter-park,2023-08-20 23:07:17+00:00,0.478,0.10916666666666666
boulder-139441,BOULDER / CARPENTER PARK1,boulder-carpenter-park,2023-08-20 23:33:00+00:00,9.047,1.5333333333333334
boulder-69173,BOULDER / CARPENTER PARK1,boulder-carpenter-park,2023-08-20 23:33:00+00:00,9.047,1.5441666666666667
boulder-139458,BOULDER / CARPENTER PARK1,boulder-carpenter-park,2023-08-21 03:47:00+00:00,38.393,6.566666666666666
boulder-69063,BOULDER / CARPENTER PARK1,boulder-carpenter-park,2023-08-21 03:47:50+00:00,38.393,6.5575
boulder-139466,BOULDER / CARPENTER PARK2,boulder-carpenter-park,2023-08-21 11:57:00+00:00,5.142,0.8833333333333333
boulder-69068,BOULDER / CARPENTER PARK2,boulder-carpenter-park,2023-08-21 11:57:38+00:00,5.142,0.8866666666666667
boulder-139476,BOULDER / CARPENTER PARK1,boulder-carpenter-park,2023-08-21 12:52:00+00:00,2.699,1.5333333333333334
boulder-69073,BOULDER / CARPENTER PARK1,boulder-carpenter-park,2023-08-21 12:52:59+00:00,2.699,1.521111111111111
boulder-139492,BOULDER / CARPENTER PARK2,boulder-carpenter-park,2023-08-21 13:46:00+00:00,8.114,1.4
boulder-69081,BOULDER / CARPENTER PARK2,boulder-carpenter-park,2023-08-21 13:46:30+00:00,8.114,1.4027777777777777
boulder-139517,BOULDER / CARPENTER PARK1,boulder-carpenter-park,2023-08-21 15:36:00+00:00,5.457,1.0
boulder-69094,BOULDER / CARPENTER PARK1,boulder-carpenter-park,2023-08-21 15:36:35+00:00,5.457,0.9927777777777778
boulder-139518,BOULDER / CARPENTER PARK2,boulder-carpenter-park,2023-08-21 15:41:00+00:00,9.135,5.8
boulder-69095,BOULDER / CARPENTER PARK2,boulder-carpenter-park,2023-08-21 15:41:25+00:00,9.135,5.797777777777778
boulder-139530,BOULDER / CARPENTER PARK1,boulder-carpenter-park,2023-08-21 15:59:00+00:00,9.359,3.066666666666667
boulder-69101,BOULDER / CARPENTER PARK1,boulder-carpenter-park,2023-08-21 15:59:06+00:00,9.359,3.0791666666666666
boulder-139543,BOULDER / CARPENTER PARK1,boulder-carpenter-park,2023-08-21 17:00:00+00:00,30.782,5.25
boulder-69206,BOULDER / CARPENTER PARK1,boulder-carpenter-park,2023-08-21 17:00:43+00:00,30.782,5.240833333333334
boulder-139570,BOULDER / CARPENTER PARK1,boulder-carpenter-park,2023-08-21 19:13:00+00:00,4.182,0.7166666666666667
boulder-69363,BOULDER / CARPENTER PARK1,boulder-carpenter-park,2023-08-21 19:13:13+00:00,4.182,0.7280555555555556
boulder-139574,BOULDER / CARPENTER PARK2,boulder-carpenter-park,2023-08-21 19:23:00+00:00,0.0,0.03333333333333333
boulder-69365,BOULDER / CARPENTER PARK2,boulder-carpenter-park,2023-08-21 19:23:32+00:00,0.0,0.024444444444444446
boulder-139576,BOULDER / CARPENTER PARK2,boulder-carpenter-park,2023-08-21 19:25:00+00:00,0.0,0.016666666666666666
boulder-69366,BOULDER / CARPENTER PARK2,boulder-carpenter-park,2023-08-21 19:25:36+00:00,0.0,0.010277777777777778
boulder-139583,BOULDER / CARPENTER PARK1,boulder-carpenter-park,2023-08-21 20:13:00+00:00,4.317,1.7333333333333334
boulder-69370,BOULDER / CARPENTER PARK1,boulder-carpenter-park,2023-08-21 20:13:56+00:00,4.317,1.7227777777777777
boulder-139585,BOULDER / CARPENTER PARK2,boulder-carpenter-park,2023-08-21 21:15:00+00:00,0.0,0.23333333333333334
boulder-69371,BOULDER / CARPENTER PARK2,boulder-carpenter-park,2023-08-21 21:15:25+00:00,0.0,0.24055555555555555
boulder-139589,BOULDER / CARPENTER PARK2,boulder-carpenter-park,2023-08-21 21:29:00+00:00,2.332,2.3
boulder-69373,BOULDER / CARPENTER PARK2,boulder-carpenter-park,2023-08-21 21:29:59+00:00,2.332,2.2919444444444443
boulder-139607,BOULDER / CARPENTER PARK2,boulder-carpenter-park,2023-08-21 22:38:00+00:00,0.0,0.03333333333333333
boulder-69382,BOULDER / CARPENTER PARK2,boulder-carpenter-park,2023-08-21 22:38:11+00:00,0.0,0.04
boulder-139633,BOULDER / CARPENTER PARK1,boulder-carpenter-park,2023-08-22 00:37:00+00:00,7.6,1.3166666666666667
boulder-69395,BOULDER / CARPENTER PARK1,boulder-carpenter-park,2023-08-22 00:37:17+00:00,7.6,1.3205555555555555
boulder-139635,BOULDER / CARPENTER PARK2,boulder-carpenter-park,2023-08-22 00:53:00+00:00,8.513,1.45
boulder-69396,BOULDER / CARPENTER PARK2,boulder-carpenter-park,2023-08-22 00:53:11+00:00,8.513,1.4469444444444444
boulder-139643,BOULDER / CARPENTER PARK1,boulder-carpenter-park,2023-08-22 01:45:00+00:00,0.0,0.3333333333333333
boulder-69223,BOULDER / CARPENTER PARK1,boulder-carpenter-park,2023-08-22 01:45:41+00:00,0.0,0.3302777777777778
boulder-139648,BOULDER / CARPENTER PARK1,boulder-carpenter-park,2023-08-22 02:05:00+00:00,1.289,0.25
boulder-69329,BOULDER / CARPENTER PARK1,boulder-carpenter-park,2023-08-22 02:05:48+00:00,1.289,0.24166666666666667
boulder-139650,BOULDER / CARPENTER PARK2,boulder-carpenter-park,2023-08-22 02:26:00+00:00,20.383,8.183333333333334
boulder-69335,BOULDER / CARPENTER PARK2,boulder-carpenter-park,2023-08-22 02:26:56+00:00,20.383,8.180555555555555
boulder-139655,BOULDER / CARPENTER PARK2,boulder-carpenter-park,2023-08-22 12:05:00+00:00,3.837,0.6666666666666666
boulder-69349,BOULDER / CARPENTER PARK2,boulder-carpenter-park,2023-08-22 12:05:47+00:00,3.837,0.6580555555555555
boulder-139675,BOULDER / CARPENTER PARK2,boulder-carpenter-park,2023-08-22 13:54:00+00:00,0.0,0.016666666666666666
boulder-69432,BOULDER / CARPENTER PARK2,boulder-carpenter-park,2023-08-22 13:54:19+00:00,0.0,0.018055555555555554
boulder-139677,BOULDER / CARPENTER PARK2,boulder-carpenter-park,2023-08-22 13:55:00+00:00,44.131,8.033333333333333
boulder-69437,BOULDER / CARPENTER PARK2,boulder-carpenter-park,2023-08-22 13:55:36+00:00,44.131,8.034722222222221
boulder-139688,BOULDER / CARPENTER PARK1,boulder-carpenter-park,2023-08-22 14:32:00+00:00,36.258,6.283333333333333
boulder-69476,BOULDER / CARPENTER PARK1,boulder-carpenter-park,2023-08-22 14:32:07+00:00,36.258,6.283888888888889
boulder-139709,BOULDER / CARPENTER PARK1,boulder-carpenter-park,2023-08-22 15:29:00+00:00,5.732,1.75
boulder-69531,BOULDER / CARPENTER PARK1,boulder-carpenter-park,2023-08-22 15:29:19+00:00,5.732,1.7508333333333332
boulder-139725,BOULDER / CARPENTER PARK2,boulder-carpenter-park,2023-08-22 16:22:00+00:00,0.0,0.016666666666666666
boulder-69585,BOULDER / CARPENTER PARK2,boulder-carpenter-park,2023-08-22 16:22:10+00:00,0.0,0.016666666666666666
boulder-139740,BOULDER / CARPENTER PARK1,boulder-carpenter-park,2023-08-22 18:27:00+00:00,2.444,0.7666666666666667
boulder-69276,BOULDER / CARPENTER PARK1,boulder-carpenter-park,2023-08-22 18:27:36+00:00,2.444,0.7572222222222222
boulder-139750,BOULDER / CARPENTER PARK2,boulder-carpenter-park,2023-08-22 18:45:00+00:00,0.0,0.06666666666666667
boulder-69286,BOULDER / CARPENTER PARK2,boulder-carpenter-park,2023-08-22 18:45:16+00:00,0.0,0.06333333333333334
boulder-139752,BOULDER / CARPENTER PARK2,boulder-carpenter-park,2023-08-22 18:49:00+00:00,0.0,0.016666666666666666
boulder-69287,BOULDER / CARPENTER PARK2,boulder-carpenter-park,2023-08-22 18:49:41+00:00,0.0,0.014444444444444444
boulder-139759,BOULDER / CARPENTER PARK1,boulder-carpenter-park,2023-08-22 19:26:00+00:00,3.956,1.2666666666666666
boulder-69291,BOULDER / CARPENTER PARK1,boulder-carpenter-park,2023-08-22 19:26:37+00:00,3.956,1.2583333333333333
boulder-139767,BOULDER / CARPENTER PARK1,boulder-carpenter-park,2023-08-22 21:31:00+00:00,0.497,0.08333333333333333
boulder-69295,BOULDER / CARPENTER PARK1,boulder-carpenter-park,2023-08-22 21:31:09+00:00,0.497,0.09555555555555556
boulder-139787,BOULDER / CARPENTER PARK1,boulder-carpenter-park,2023-08-22 23:07:00+00:00,26.299,6.866666666666666
boulder-69306,BOULDER / CARPENTER PARK1,boulder-carpenter-park,2023-08-22 23:07:16+00:00,26.299,6.8630555555555555
boulder-139797,BOULDER / CARPENTER PARK2,boulder-carpenter-park,2023-08-22 23:23:00+00:00,0.0,0.03333333333333333
boulder-69311,BOULDER / CARPENTER PARK2,boulder-carpenter-park,2023-08-22 23:23:27+00:00,0.0,0.03166666666666667
boulder-139799,BOULDER / CARPENTER PARK2,boulder-carpenter-park,2023-08-22 23:25:00+00:00,4.709,0.8166666666666667
boulder-69312,BOULDER / CARPENTER PARK2,boulder-carpenter-park,2023-08-22 23:25:59+00:00,4.709,0.8011111111111111
boulder-139810,BOULDER / CARPENTER PARK2,boulder-carpenter-park,2023-08-23 00:15:00+00:00,0.0,0.016666666666666666
boulder-69317,BOULDER / CARPENTER PARK2,boulder-carpenter-park,2023-08-23 00:15:25+00:00,0.0,0.015555555555555555
boulder-139812,BOULDER / CARPENTER PARK2,boulder-carpenter-park,2023-08-23 00:16:00+00:00,4.231,0.75
boulder-69318,BOULDER / CARPENTER PARK2,boulder-carpenter-park,2023-08-23 00:16:58+00:00,4.231,0.7369444444444444
boulder-139819,BOULDER / CARPENTER PARK2,boulder-carpenter-park,2023-08-23 00:36:00+00:00,0.0,0.03333333333333333
boulder-69321,BOULDER / CARPENTER PARK2,boulder-carpenter-park,2023-08-23 00:36:09+00:00,0.0,0.034166666666666665
boulder-139823,BOULDER / CARPENTER PARK1,boulder-carpenter-park,2023-08-23 00:40:00+00:00,0.0,0.03333333333333333
boulder-69324,BOULDER / CARPENTER PARK1,boulder-carpenter-park,2023-08-23 00:40:37+00:00,0.0,0.03388888888888889
boulder-139825,BOULDER / CARPENTER PARK1,boulder-carpenter-park,2023-08-23 00:46:00+00:00,12.358,2.15
boulder-69325,BOULDER / CARPENTER PARK1,boulder-carpenter-park,2023-08-23 00:46:55+00:00,12.358,2.143611111111111
boulder-139838,BOULDER / CARPENTER PARK2,boulder-carpenter-park,2023-08-23 04:49:00+00:00,0.0,0.0
boulder-69227,BOULDER / CARPENTER PARK2,boulder-carpenter-park,2023-08-23 04:49:16+00:00,0.0,0.010277777777777778
boulder-139840,BOULDER / CARPENTER PARK2,boulder-carpenter-park,2023-08-23 04:50:00+00:00,54.772,10.383333333333333
boulder-69275,BOULDER / CARPENTER PARK2,boulder-carpenter-park,2023-08-23 04:50:08+00:00,54.772,10.391944444444444
boulder-139844,BOULDER / CARPENTER PARK1,boulder-carpenter-park,2023-08-23 11:54:00+00:00,6.315,1.2833333333333334
boulder-69334,BOULDER / CARPENTER PARK1,boulder-carpenter-park,2023-08-23 11:54:10+00:00,6.315,1.288888888888889
boulder-139845,BOULDER / CARPENTER PARK1,boulder-carpenter-park,2023-08-23 11:56:00+00:00,0.0,0.9666666666666667
boulder-69338,BOULDER / CARPENTER PARK1,boulder-carpenter-park,2023-08-23 11:56:37+00:00,0.0,0.9591666666666666
boulder-139853,BOULDER / CARPENTER PARK1,boulder-carpenter-park,2023-08-23 12:56:00+00:00,0.0,0.016666666666666666
boulder-69409,BOULDER / CARPENTER PARK1,boulder-carpenter-park,2023-08-23 12:56:05+00:00,0.0,0.028055555555555556
boulder-139854,BOULDER / CARPENTER PARK1,boulder-carpenter-park,2023-08-23 12:57:00+00:00,0.0,1.2833333333333334
boulder-69414,BOULDER / CARPENTER PARK1,boulder-carpenter-park,2023-08-23 12:57:52+00:00,0.0,1.2769444444444444
boulder-139872,BOULDER / CARPENTER PARK1,boulder-carpenter-park,2023-08-23 14:14:00+00:00,0.063,0.03333333333333333
boulder-69466,BOULDER / CARPENTER PARK1,boulder-carpenter-park,2023-08-23 14:14:59+00:00,0.063,0.029444444444444443
boulder-139895,BOULDER / CARPENTER PARK1,boulder-carpenter-park,2023-08-23 15:52:00+00:00,0.0,1.4
boulder-69523,BOULDER / CARPENTER PARK1,boulder-carpenter-park,2023-08-23 15:52:43+00:00,0.0,1.388611111111111
boulder-139905,BOULDER / CARPENTER PARK2,boulder-carpenter-park,2023-08-23 16:14:00+00:00,0.0,0.016666666666666666
boulder-69563,BOULDER / CARPENTER PARK2,boulder-carpenter-park,2023-08-23 16:14:33+00:00,0.0,0.010555555555555556
boulder-139907,BOULDER / CARPENTER PARK2,boulder-carpenter-park,2023-08-23 16:15:00+00:00,18.22,3.1166666666666667
boulder-69566,BOULDER / CARPENTER PARK2,boulder-carpenter-park,2023-08-23 16:15:17+00:00,18.22,3.1233333333333335
boulder-139913,BOULDER / CARPENTER PARK1,boulder-carpenter-park,2023-08-23 16:27:00+00:00,10.35,1.7666666666666666
boulder-69576,BOULDER / CARPENTER PARK1,boulder-carpenter-park,2023-08-23 16:27:42+00:00,10.35,1.7691666666666668
boulder-139940,BOULDER / CARPENTER PARK2,boulder-carpenter-park,2023-08-23 18:49:00+00:00,10.859,3.316666666666667
boulder-69231,BOULDER / CARPENTER PARK2,boulder-carpenter-park,2023-08-23 18:49:43+00:00,10.859,3.3205555555555555
boulder-139941,BOULDER / CARPENTER PARK1,boulder-carpenter-park,2023-08-23 18:56:00+00:00,1.819,0.3333333333333333
boulder-69232,BOULDER / CARPENTER PARK1,boulder-carpenter-park,2023-08-23 18:56:48+00:00,1.819,0.32666666666666666
boulder-139971,BOULDER / CARPENTER PARK1,boulder-carpenter-park,2023-08-23 22:37:00+00:00,0.531,0.08333333333333333
boulder-69248,BOULDER / CARPENTER PARK1,boulder-carpenter-park,2023-08-23 22:37:07+00:00,0.531,0.09361111111111112
boulder-140010,BOULDER / CARPENTER PARK2,boulder-carpenter-park,2023-08-24 01:29:00+00:00,7.728,2.4
boulder-69268,BOULDER / CARPENTER PARK2,boulder-carpenter-park,2023-08-24 01:29:52+00:00,7.728,2.3969444444444443
boulder-140046,BOULDER / CARPENTER PARK2,boulder-carpenter-park,2023-08-24 14:13:00+00:00,6.025,1.0166666666666666
boulder-69453,BOULDER / CARPENTER PARK2,boulder-carpenter-park,2023-08-24 14:13:03+00:00,6.025,1.0191666666666668
boulder-140085,BOULDER / CARPENTER PARK1,boulder-carpenter-park,2023-08-24 16:23:00+00:00,27.063,4.766666666666667
boulder-69536,BOULDER / CARPENTER PARK1,boulder-carpenter-park,2023-08-24 16:23:55+00:00,27.063,4.751944444444445
boulder-140087,BOULDER / CARPENTER PARK1,boulder-carpenter-park,2023-08-24 16:32:00+00:00,1.566,0.5166666666666667
boulder-69538,BOULDER / CARPENTER PARK1,boulder-carpenter-park,2023-08-24 16:32:02+00:00,1.566,0.5211111111111111
boulder-140088,BOULDER / CARPENTER PARK2,boulder-carpenter-park,2023-08-24 16:42:00+00:00,7.772,1.3166666666666667
boulder-69539,BOULDER / CARPENTER PARK2,boulder-carpenter-park,2023-08-24 16:42:40+00:00,7.772,1.3197222222222222
boulder-140092,BOULDER / CARPENTER PARK1,boulder-carpenter-park,2023-08-24 17:13:00+00:00,2.989,0.5166666666666667
boulder-69542,BOULDER / CARPENTER PARK1,boulder-carpenter-park,2023-08-24 17:13:23+00:00,2.989,0.5233333333333333
boulder-140099,BOULDER / CARPENTER PARK1,boulder-carpenter-park,2023-08-24 18:01:00+00:00,7.667,1.75
boulder-69546,BOULDER / CARPENTER PARK1,boulder-carpenter-park,2023-08-24 18:01:00+00:00,7.667,1.7525
boulder-140105,BOULDER / CARPENTER PARK2,boulder-carpenter-park,2023-08-24 18:02:00+00:00,15.654,3.05
boulder-69549,BOULDER / CARPENTER PARK2,boulder-carpenter-park,2023-08-24 18:02:44+00:00,15.654,3.051388888888889
boulder-137698,BOULDER / CARPENTER PARK2,boulder-carpenter-park,2023-08-24 19:03:00+00:00,0.0,0.016666666666666666
boulder-69272,BOULDER / CARPENTER PARK2,boulder-carpenter-park,2023-08-24 19:03:07+00:00,0.0,0.018333333333333333
boulder-137699,BOULDER / CARPENTER PARK2,boulder-carpenter-park,2023-08-24 19:04:00+00:00,0.0,0.016666666666666666
boulder-69279,BOULDER / CARPENTER PARK2,boulder-carpenter-park,2023-08-24 19:04:27+00:00,0.0,0.01888888888888889
boulder-137710,BOULDER / CARPENTER PARK1,boulder-carpenter-park,2023-08-24 20:11:00+00:00,3.202,1.0166666666666666
boulder-69406,BOULDER / CARPENTER PARK1,boulder-carpenter-park,2023-08-24 20:11:10+00:00,3.202,1.021388888888889
boulder-137714,BOULDER / CARPENTER PARK2,boulder-carpenter-park,2023-08-24 21:03:00+00:00,0.0,0.03333333333333333
boulder-69425,BOULDER / CARPENTER PARK2,boulder-carpenter-park,2023-08-24 21:03:02+00:00,0.0,0.04666666666666667
boulder-137715,BOULDER / CARPENTER PARK2,boulder-carpenter-park,2023-08-24 21:06:00+00:00,0.419,0.08333333333333333
boulder-69430,BOULDER / CARPENTER PARK2,boulder-carpenter-park,2023-08-24 21:06:02+00:00,0.419,0.08277777777777778
boulder-137718,BOULDER / CARPENTER PARK2,boulder-carpenter-park,2023-08-24 21:34:00+00:00,0.0,0.26666666666666666
boulder-69444,BOULDER / CARPENTER PARK2,boulder-carpenter-park,2023-08-24 21:34:53+00:00,0.0,0.26722222222222225
boulder-137722,BOULDER / CARPENTER PARK2,boulder-carpenter-park,2023-08-24 21:51:00+00:00,0.0,0.016666666666666666
boulder-69469,BOULDER / CARPENTER PARK2,boulder-carpenter-park,2023-08-24 21:51:28+00:00,0.0,0.02277777777777778
boulder-137723,BOULDER / CARPENTER PARK2,boulder-carpenter-park,2023-08-24 21:53:00+00:00,0.0,0.016666666666666666
boulder-69474,BOULDER / CARPENTER PARK2,boulder-carpenter-park,2023-08-24 21:53:02+00:00,0.0,0.01611111111111111
boulder-137724,BOULDER / CARPENTER PARK1,boulder-carpenter-park,2023-08-24 21:55:00+00:00,0.0,0.016666666666666666
boulder-69479,BOULDER / CARPENTER PARK1,boulder-carpenter-park,2023-08-24 21:55:09+00:00,0.0,0.014722222222222222
boulder-137725,BOULDER / CARPENTER PARK1,boulder-carpenter-park,2023-08-24 21:56:00+00:00,0.0,0.016666666666666666
boulder-69484,BOULDER / CARPENTER PARK1,boulder-carpenter-park,2023-08-24 21:56:42+00:00,0.0,0.013055555555555556
boulder-137726,BOULDER / CARPENTER PARK1,boulder-carpenter-park,2023-08-24 21:57:00+00:00,0.0,0.016666666666666666
boulder-69488,BOULDER / CARPENTER PARK1,boulder-carpenter-park,2023-08-24 21:57:52+00:00,0.0,0.010277777777777778
boulder-137727,BOULDER / CARPENTER PARK1,boulder-carpenter-park,2023-08-24 21:58:00+00:00,7.89,1.3833333333333333
boulder-69490,BOULDER / CARPENTER PARK1,boulder-carpenter-park,2023-08-24 21:58:56+00:00,7.89,1.3769444444444445
boulder-137731,BOULDER / CARPENTER PARK1,boulder-carpenter-park,2023-08-24 22:24:00+00:00,6.027,1.0666666666666667
boulder-69509,BOULDER / CARPENTER PARK1,boulder-carpenter-park,2023-08-24 22:24:56+00:00,6.027,1.0552777777777778
boulder-137736,BOULDER / CARPENTER PARK2,boulder-carpenter-park,2023-08-24 23:07:00+00:00,0.0,0.0
boulder-69550,BOULDER / CARPENTER PARK2,boulder-carpenter-park,2023-08-24 23:07:06+00:00,0.0,0.014722222222222222
boulder-137738,BOULDER / CARPENTER PARK2,boulder-carpenter-park,2023-08-24 23:08:00+00:00,4.413,1.35
boulder-69554,BOULDER / CARPENTER PARK2,boulder-carpenter-park,2023-08-24 23:08:04+00:00,4.413,1.3605555555555555
boulder-137747,BOULDER / CARPENTER PARK1,boulder-carpenter-park,2023-08-25 00:51:00+00:00,0.0,0.03333333333333333
boulder-69589,BOULDER / CARPENTER PARK1,boulder-carpenter-park,2023-08-25 00:51:55+00:00,0.0,0.021111111111111112
boulder-137748,BOULDER / CARPENTER PARK1,boulder-carpenter-park,2023-08-25 00:53:00+00:00,4.644,0.8
boulder-69591,BOULDER / CARPENTER PARK1,boulder-carpenter-park,2023-08-25 00:53:30+00:00,4.644,0.8038888888888889
boulder-137749,BOULDER / CARPENTER PARK1,boulder-carpenter-park,2023-08-25 00:56:00+00:00,3.382,0.6333333333333333
boulder-69217,BOULDER / CARPENTER PARK1,boulder-carpenter-park,2023-08-25 00:56:56+00:00,3.382,0.6319444444444444
boulder-137752,BOULDER / CARPENTER PARK2,boulder-carpenter-park,2023-08-25 01:03:00+00:00,1.976,0.65
boulder-69304,BOULDER / CARPENTER PARK2,boulder-carpenter-park,2023-08-25 01:03:28+00:00,1.976,0.6577777777777778
boulder-137760,BOULDER / CARPENTER PARK2,boulder-carpenter-park,2023-08-25 11:55:00+00:00,0.0,0.03333333333333333
boulder-69410,BOULDER / CARPENTER PARK2,boulder-carpenter-park,2023-08-25 11:55:51+00:00,0.0,0.01972222222222222
boulder-137762,BOULDER / CARPENTER PARK1,boulder-carpenter-park,2023-08-25 12:50:00+00:00,4.076,1.2833333333333334
boulder-69417,BOULDER / CARPENTER PARK1,boulder-carpenter-park,2023-08-25 12:50:55+00:00,4.076,1.2794444444444444
boulder-137765,BOULDER / CARPENTER PARK1,boulder-carpenter-park,2023-08-25 13:03:00+00:00,0.0,0.016666666666666666
boulder-69431,BOULDER / CARPENTER PARK1,boulder-carpenter-park,2023-08-25 13:03:12+00:00,0.0,0.029444444444444443
boulder-137766,BOULDER / CARPENTER PARK2,boulder-carpenter-park,2023-08-25 13:04:00+00:00,0.0,0.0
boulder-69436,BOULDER / CARPENTER PARK2,boulder-carpenter-park,2023-08-25 13:04:03+00:00,0.0,0.005277777777777778
boulder-137771,BOULDER / CARPENTER PARK1,boulder-carpenter-park,2023-08-25 13:56:00+00:00,5.863,1.0333333333333334
boulder-69464,BOULDER / CARPENTER PARK1,boulder-carpenter-park,2023-08-25 13:56:58+00:00,5.863,1.0233333333333334
boulder-137782,BOULDER / CARPENTER PARK2,boulder-carpenter-park,2023-08-25 14:51:00+00:00,5.573,2.316666666666667
boulder-69525,BOULDER / CARPENTER PARK2,boulder-carpenter-park,2023-08-25 14:51:20+00:00,5.573,2.3130555555555556
boulder-137790,BOULDER / CARPENTER PARK1,boulder-carpenter-park,2023-08-25 15:53:00+00:00,12.166,2.0833333333333335
boulder-69575,BOULDER / CARPENTER PARK1,boulder-carpenter-park,2023-08-25 15:53:42+00:00,12.166,2.0780555555555558
boulder-137804,BOULDER / CARPENTER PARK2,boulder-carpenter-park,2023-08-25 17:39:00+00:00,10.435,1.7666666666666666
boulder-69669,BOULDER / CARPENTER PARK2,boulder-carpenter-park,2023-08-25 17:39:51+00:00,10.435,1.753611111111111
boulder-137816,BOULDER / CARPENTER PARK2,boulder-carpenter-park,2023-08-25 21:14:00+00:00,0.0,0.0
boulder-137817,BOULDER / CARPENTER PARK2,boulder-carpenter-park,2023-08-25 21:14:00+00:00,6.781,1.55
boulder-69681,BOULDER / CARPENTER PARK2,boulder-carpenter-park,2023-08-25 21:14:09+00:00,0.0,0.008333333333333333
boulder-69682,BOULDER / CARPENTER PARK2,boulder-carpenter-park,2023-08-25 21:14:53+00:00,6.781,1.551111111111111
boulder-137823,BOULDER / CARPENTER PARK2,boulder-carpenter-park,2023-08-25 22:46:00+00:00,0.0,0.016666666666666666
boulder-69688,BOULDER / CARPENTER PARK2,boulder-carpenter-park,2023-08-25 22:46:40+00:00,0.0,0.018055555555555554
boulder-137824,BOULDER / CARPENTER PARK2,boulder-carpenter-park,2023-08-25 22:47:00+00:00,10.311,1.7666666666666666
boulder-69690,BOULDER / CARPENTER PARK2,boulder-carpenter-park,2023-08-25 22:47:50+00:00,10.311,1.7569444444444444
boulder-137845,BOULDER / CARPENTER PARK1,boulder-carpenter-park,2023-08-26 06:33:00+00:00,45.881,7.75
boulder-69711,BOULDER / CARPENTER PARK1,boulder-carpenter-park,2023-08-26 06:33:59+00:00,45.881,7.745833333333334
boulder-137856,BOULDER / CARPENTER PARK1,boulder-carpenter-park,2023-08-26 13:50:00+00:00,4.766,4.4
boulder-69742,BOULDER / CARPENTER PARK1,boulder-carpenter-park,2023-08-26 13:50:00+00:00,4.766,4.413611111111111
boulder-137859,BOULDER / CARPENTER PARK2,boulder-carpenter-park,2023-08-26 14:24:00+00:00,0.0,0.016666666666666666
boulder-69745,BOULDER / CARPENTER PARK2,boulder-carpenter-park,2023-08-26 14:24:49+00:00,0.0,0.013888888888888888
boulder-137860,BOULDER / CARPENTER PARK2,boulder-carpenter-park,2023-08-26 14:26:00+00:00,1.413,0.9
boulder-69746,BOULDER / CARPENTER PARK2,boulder-carpenter-park,2023-08-26 14:26:05+00:00,1.413,0.9088888888888889
boulder-137866,BOULDER / CARPENTER PARK2,boulder-carpenter-park,2023-08-26 15:43:00+00:00,0.0,0.016666666666666666
boulder-69752,BOULDER / CARPENTER PARK2,boulder-carpenter-park,2023-08-26 15:43:53+00:00,0.0,0.013055555555555556
boulder-137868,BOULDER / CARPENTER PARK2,boulder-carpenter-park,2023-08-26 15:45:00+00:00,13.577,6.766666666666667
boulder-69754,BOULDER / CARPENTER PARK2,boulder-carpenter-park,2023-08-26 15:45:01+00:00,13.577,6.780277777777778
boulder-137877,BOULDER / CARPENTER PARK1,boulder-carpenter-park,2023-08-26 16:17:00+00:00,21.36,3.6666666666666665
boulder-69763,BOULDER / CARPENTER PARK1,boulder-carpenter-park,2023-08-26 16:17:17+00:00,21.36,3.6725
boulder-137885,BOULDER / CARPENTER PARK2,boulder-carpenter-park,2023-08-26 17:13:00+00:00,0.0,0.05
boulder-69771,BOULDER / CARPENTER PARK2,boulder-carpenter-park,2023-08-26 17:13:48+00:00,0.0,0.04
boulder-137887,BOULDER / CARPENTER PARK2,boulder-carpenter-park,2023-08-26 17:17:00+00:00,0.0,0.016666666666666666
boulder-69773,BOULDER / CARPENTER PARK2,boulder-carpenter-park,2023-08-26 17:17:37+00:00,0.0,0.015277777777777777
boulder-137903,BOULDER / CARPENTER PARK1,boulder-carpenter-park,2023-08-26 19:28:00+00:00,13.373,2.3333333333333335
boulder-69726,BOULDER / CARPENTER PARK1,boulder-carpenter-park,2023-08-26 19:28:48+00:00,13.373,2.3205555555555555
boulder-137909,BOULDER / CARPENTER PARK1,boulder-carpenter-park,2023-08-26 20:26:00+00:00,4.98,0.8833333333333333
boulder-69844,BOULDER / CARPENTER PARK1,boulder-carpenter-park,2023-08-26 20:26:38+00:00,4.98,0.8872222222222222
boulder-137911,BOULDER / CARPENTER PARK1,boulder-carpenter-park,2023-08-26 21:41:00+00:00,0.0,0.03333333333333333
boulder-69851,BOULDER / CARPENTER PARK1,boulder-carpenter-park,2023-08-26 21:41:17+00:00,0.0,0.028888888888888888
boulder-137912,BOULDER / CARPENTER PARK2,boulder-carpenter-park,2023-08-26 21:45:00+00:00,0.0,0.03333333333333333
boulder-69854,BOULDER / CARPENTER PARK2,boulder-carpenter-park,2023-08-26 21:45:19+00:00,0.0,0.042777777777777776
boulder-137913,BOULDER / CARPENTER PARK1,boulder-carpenter-park,2023-08-26 21:46:00+00:00,21.793,3.716666666666667
boulder-69858,BOULDER / CARPENTER PARK1,boulder-carpenter-park,2023-08-26 21:46:53+00:00,21.793,3.7080555555555557
boulder-137914,BOULDER / CARPENTER PARK1,boulder-carpenter-park,2023-08-26 21:49:00+00:00,5.664,1.0
boulder-69861,BOULDER / CARPENTER PARK1,boulder-carpenter-park,2023-08-26 21:49:43+00:00,5.664,0.9977777777777778
boulder-137922,BOULDER / CARPENTER PARK1,boulder-carpenter-park,2023-08-27 00:38:00+00:00,12.036,2.1
boulder-69895,BOULDER / CARPENTER PARK1,boulder-carpenter-park,2023-08-27 00:38:34+00:00,12.036,2.1008333333333336
boulder-137924,BOULDER / CARPENTER PARK2,boulder-carpenter-park,2023-08-27 00:47:00+00:00,0.0,0.03333333333333333
boulder-69903,BOULDER / CARPENTER PARK2,boulder-carpenter-park,2023-08-27 00:47:39+00:00,0.0,0.024444444444444446
boulder-137928,BOULDER / CARPENTER PARK2,boulder-carpenter-park,2023-08-27 07:13:00+00:00,0.27,0.05
boulder-69934,BOULDER / CARPENTER PARK2,boulder-carpenter-park,2023-08-27 07:13:04+00:00,0.27,0.050555555555555555
boulder-137938,BOULDER / CARPENTER PARK2,boulder-carpenter-park,2023-08-27 13:56:00+00:00,13.2,2.2666666666666666
boulder-69966,BOULDER / CARPENTER PARK2,boulder-carpenter-park,2023-08-27 13:56:34+00:00,13.2,2.2577777777777777
boulder-137944,BOULDER / CARPENTER PARK1,boulder-carpenter-park,2023-08-27 14:59:00+00:00,1.308,1.2
boulder-69977,BOULDER / CARPENTER PARK1,boulder-carpenter-park,2023-08-27 14:59:23+00:00,1.308,1.2066666666666668
boulder-137945,BOULDER / CARPENTER PARK2,boulder-carpenter-park,2023-08-27 15:00:00+00:00,0.0,0.016666666666666666
boulder-69979,BOULDER / CARPENTER PARK2,boulder-carpenter-park,2023-08-27 15:00:39+00:00,0.0,0.008611111111111111
boulder-137949,BOULDER / CARPENTER PARK1,boulder-carpenter-park,2023-08-27 15:41:00+00:00,5.746,2.3333333333333335
boulder-69601,BOULDER / CARPENTER PARK1,boulder-carpenter-park,2023-08-27 15:41:32+00:00,5.746,2.334722222222222
boulder-137955,BOULDER / CARPENTER PARK2,boulder-carpenter-park,2023-08-27 16:27:00+00:00,0.0,0.016666666666666666
boulder-69611,BOULDER / CARPENTER PARK2,boulder-carpenter-park,2023-08-27 16:27:01+00:00,0.0,0.02388888888888889
boulder-137957,BOULDER / CARPENTER PARK2,boulder-carpenter-park,2023-08-27 16:28:00+00:00,0.0,0.016666666666666666
boulder-69613,BOULDER / CARPENTER PARK2,boulder-carpenter-park,2023-08-27 16:28:39+00:00,0.0,0.017222222222222222
boulder-137958,BOULDER / CARPENTER PARK2,boulder-carpenter-park,2023-08-27 16:29:00+00:00,11.988,2.066666666666667
boulder-69614,BOULDER / CARPENTER PARK2,boulder-carpenter-park,2023-08-27 16:29:46+00:00,11.988,2.0580555555555557
boulder-137959,BOULDER / CARPENTER PARK1,boulder-carpenter-park,2023-08-27 16:31:00+00:00,6.633,4.25
boulder-69615,BOULDER / CARPENTER PARK1,boulder-carpenter-park,2023-08-27 16:31:42+00:00,6.633,4.238611111111111
boulder-137968,BOULDER / CARPENTER PARK1,boulder-carpenter-park,2023-08-27 18:05:00+00:00,0.0,1.0166666666666666
boulder-69624,BOULDER / CARPENTER PARK1,boulder-carpenter-park,2023-08-27 18:05:51+00:00,0.0,1.0058333333333334
boulder-137977,BOULDER / CARPENTER PARK2,boulder-carpenter-park,2023-08-27 19:54:00+00:00,0.261,0.05
boulder-69633,BOULDER / CARPENTER PARK2,boulder-carpenter-park,2023-08-27 19:54:16+00:00,0.261,0.049166666666666664
boulder-137981,BOULDER / CARPENTER PARK2,boulder-carpenter-park,2023-08-27 20:14:00+00:00,0.0,0.016666666666666666
boulder-69639,BOULDER / CARPENTER PARK2,boulder-carpenter-park,2023-08-27 20:14:51+00:00,0.0,0.005833333333333334
boulder-137982,BOULDER / CARPENTER PARK2,boulder-carpenter-park,2023-08-27 20:15:00+00:00,0.0,0.0
boulder-69640,BOULDER / CARPENTER PARK2,boulder-carpenter-park,2023-08-27 20:15:24+00:00,0.0,0.0030555555555555557
boulder-137983,BOULDER / CARPENTER PARK2,boulder-carpenter-park,2023-08-27 20:16:00+00:00,0.0,0.43333333333333335
boulder-69641,BOULDER / CARPENTER PARK2,boulder-carpenter-park,2023-08-27 20:16:37+00:00,0.0,0.42916666666666664
boulder-137995,BOULDER / CARPENTER PARK2,boulder-carpenter-park,2023-08-27 21:40:00+00:00,0.0,0.05
boulder-69653,BOULDER / CARPENTER PARK2,boulder-carpenter-park,2023-08-27 21:40:59+00:00,0.0,0.03361111111111111
boulder-137997,BOULDER / CARPENTER PARK1,boulder-carpenter-park,2023-08-27 21:59:00+00:00,0.0,0.6833333333333333
boulder-69655,BOULDER / CARPENTER PARK1,boulder-carpenter-park,2023-08-27 21:59:08+00:00,0.0,0.6811111111111111
boulder-138005,BOULDER / CARPENTER PARK1,boulder-carpenter-park,2023-08-27 22:34:00+00:00,0.733,0.21666666666666667
boulder-69740,BOULDER / CARPENTER PARK1,boulder-carpenter-park,2023-08-27 22:34:01+00:00,0.733,0.22833333333333333
boulder-138020,BOULDER / CARPENTER PARK1,boulder-carpenter-park,2023-08-28 06:03:00+00:00,52.838,8.95
boulder-69884,BOULDER / CARPENTER PARK1,boulder-carpenter-park,2023-08-28 06:03:39+00:00,52.838,8.941944444444445
boulder-138022,BOULDER / CARPENTER PARK2,boulder-carpenter-park,2023-08-28 11:56:00+00:00,0.0,0.03333333333333333
boulder-69892,BOULDER / CARPENTER PARK2,boulder-carpenter-park,2023-08-28 11:56:34+00:00,0.0,0.03305555555555555
boulder-138023,BOULDER / CARPENTER PARK1,boulder-carpenter-park,2023-08-28 12:23:00+00:00,0.0,0.016666666666666666
boulder-69896,BOULDER / CARPENTER PARK1,boulder-carpenter-park,2023-08-28 12:23:28+00:00,0.0,0.011111111111111112
boulder-138028,BOULDER / CARPENTER PARK2,boulder-carpenter-park,2023-08-28 12:55:00+00:00,0.0,0.016666666666666666
boulder-69935,BOULDER / CARPENTER PARK2,boulder-carpenter-park,2023-08-28 12:55:40+00:00,0.0,0.013333333333333334
boulder-138029,BOULDER / CARPENTER PARK2,boulder-carpenter-park,2023-08-28 12:56:00+00:00,0.0,0.03333333333333333
boulder-69937,BOULDER / CARPENTER PARK2,boulder-carpenter-park,2023-08-28 12:56:38+00:00,0.0,0.03333333333333333
boulder-138030,BOULDER / CARPENTER PARK1,boulder-carpenter-park,2023-08-28 12:58:00+00:00,0.0,1.0166666666666666
boulder-69939,BOULDER / CARPENTER PARK1,boulder-carpenter-park,2023-08-28 12:58:16+00:00,0.0,1.0180555555555555
boulder-138034,BOULDER / CARPENTER PARK2,boulder-carpenter-park,2023-08-28 13:46:00+00:00,0.0,0.03333333333333333
boulder-69947,BOULDER / CARPENTER PARK2,boulder-carpenter-park,2023-08-28 13:46:29+00:00,0.0,0.03944444444444444
boulder-138039,BOULDER / CARPENTER PARK1,boulder-carpenter-park,2023-08-28 14:14:00+00:00,21.268,3.65
boulder-69955,BOULDER / CARPENTER PARK1,boulder-carpenter-park,2023-08-28 14:14:36+00:00,21.268,3.647777777777778
boulder-138047,BOULDER / CARPENTER PARK2,boulder-carpenter-park,2023-08-28 15:07:00+00:00,0.0,0.03333333333333333
boulder-69963,BOULDER / CARPENTER PARK2,boulder-carpenter-park,2023-08-28 15:07:07+00:00,0.0,0.03305555555555555
boulder-138053,BOULDER / CARPENTER PARK2,boulder-carpenter-park,2023-08-28 15:33:00+00:00,0.0,0.03333333333333333
boulder-69727,BOULDER / CARPENTER PARK2,boulder-carpenter-park,2023-08-28 15:33:41+00:00,0.0,0.03305555555555555
boulder-138055,BOULDER / CARPENTER PARK1,boulder-carpenter-park,2023-08-28 15:36:00+00:00,9.625,4.283333333333333
boulder-69739,BOULDER / CARPENTER PARK1,boulder-carpenter-park,2023-08-28 15:36:23+00:00,9.625,4.280555555555556
boulder-138073,BOULDER / CARPENTER PARK2,boulder-carpenter-park,2023-08-28 17:41:00+00:00,0.0,0.016666666666666666
boulder-69806,BOULDER / CARPENTER PARK2,boulder-carpenter-park,2023-08-28 17:41:42+00:00,0.0,0.013055555555555556
boulder-138074,BOULDER / CARPENTER PARK2,boulder-carpenter-park,2023-08-28 17:42:00+00:00,0.0,1.4
boulder-69807,BOULDER / CARPENTER PARK2,boulder-carpenter-park,2023-08-28 17:42:50+00:00,0.0,1.3911111111111112
boulder-138090,BOULDER / CARPENTER PARK2,boulder-carpenter-park,2023-08-28 23:16:00+00:00,0.0,0.03333333333333333
boulder-69824,BOULDER / CARPENTER PARK2,boulder-carpenter-park,2023-08-28 23:16:58+00:00,0.0,0.03333333333333333
boulder-138091,BOULDER / CARPENTER PARK1,boulder-carpenter-park,2023-08-28 23:18:00+00:00,13.06,2.216666666666667
boulder-69825,BOULDER / CARPENTER PARK1,boulder-carpenter-park,2023-08-28 23:18:46+00:00,13.06,2.2091666666666665
boulder-138094,BOULDER / CARPENTER PARK2,boulder-carpenter-park,2023-08-28 23:45:00+00:00,0.0,0.03333333333333333
boulder-69828,BOULDER / CARPENTER PARK2,boulder-carpenter-park,2023-08-28 23:45:29+00:00,0.0,0.03305555555555555
boulder-138099,BOULDER / CARPENTER PARK2,boulder-carpenter-park,2023-08-29 00:26:00+00:00,0.0,0.016666666666666666
boulder-69635,BOULDER / CARPENTER PARK2,boulder-carpenter-park,2023-08-29 00:26:05+00:00,0.0,0.021111111111111112
boulder-138101,BOULDER / CARPENTER PARK2,boulder-carpenter-park,2023-08-29 00:27:00+00:00,0.0,0.03333333333333333
boulder-69715,BOULDER / CARPENTER PARK2,boulder-carpenter-park,2023-08-29 00:27:28+00:00,0.0,0.03333333333333333
boulder-138103,BOULDER / CARPENTER PARK2,boulder-carpenter-park,2023-08-29 00:29:00+00:00,0.0,1.2
boulder-69731,BOULDER / CARPENTER PARK2,boulder-carpenter-park,2023-08-29 00:29:59+00:00,0.0,1.1891666666666667
boulder-138110,BOULDER / CARPENTER PARK1,boulder-carpenter-park,2023-08-29 03:33:00+00:00,47.902,8.183333333333334
boulder-69839,BOULDER / CARPENTER PARK1,boulder-carpenter-park,2023-08-29 03:33:59+00:00,47.902,8.178333333333333
boulder-138111,BOULDER / CARPENTER PARK1,boulder-carpenter-park,2023-08-29 04:26:00+00:00,0.0,0.016666666666666666
boulder-69850,BOULDER / CARPENTER PARK1,boulder-carpenter-park,2023-08-29 04:26:37+00:00,0.0,0.019444444444444445
boulder-138112,BOULDER / CARPENTER PARK1,boulder-carpenter-park,2023-08-29 04:28:00+00:00,52.357,9.55
boulder-69857,BOULDER / CARPENTER PARK1,boulder-carpenter-park,2023-08-29 04:28:55+00:00,52.357,9.545833333333333
boulder-138114,BOULDER / CARPENTER PARK2,boulder-carpenter-park,2023-08-29 11:51:00+00:00,0.0,0.03333333333333333
boulder-69871,BOULDER / CARPENTER PARK2,boulder-carpenter-park,2023-08-29 11:51:47+00:00,0.0,0.030555555555555555
boulder-138122,BOULDER / CARPENTER PARK1,boulder-carpenter-park,2023-08-29 14:33:00+00:00,36.522,6.5
boulder-69901,BOULDER / CARPENTER PARK1,boulder-carpenter-park,2023-08-29 14:33:45+00:00,36.522,6.491666666666666
boulder-138130,BOULDER / CARPENTER PARK1,boulder-carpenter-park,2023-08-29 16:23:00+00:00,4.509,3.75
boulder-69978,BOULDER / CARPENTER PARK1,boulder-carpenter-park,2023-08-29 16:23:53+00:00,4.509,3.7369444444444446
boulder-138135,BOULDER / CARPENTER PARK2,boulder-carpenter-park,2023-08-29 17:04:00+00:00,0.0,0.0
boulder-138136,BOULDER / CARPENTER PARK2,boulder-carpenter-park,2023-08-29 17:04:00+00:00,0.0,0.03333333333333333
boulder-69987,BOULDER / CARPENTER PARK2,boulder-carpenter-park,2023-08-29 17:04:03+00:00,0.0,0.009722222222222222
boulder-69988,BOULDER / CARPENTER PARK2,boulder-carpenter-park,2023-08-29 17:04:51+00:00,0.0,0.03333333333333333
boulder-138151,BOULDER / CARPENTER PARK2,boulder-carpenter-park,2023-08-29 19:31:00+00:00,0.0,0.016666666666666666
boulder-69665,BOULDER / CARPENTER PARK2,boulder-carpenter-park,2023-08-29 19:31:49+00:00,0.0,0.009166666666666667
boulder-138152,BOULDER / CARPENTER PARK2,boulder-carpenter-park,2023-08-29 19:32:00+00:00,0.0,0.03333333333333333
boulder-69719,BOULDER / CARPENTER PARK2,boulder-carpenter-park,2023-08-29 19:32:48+00:00,0.0,0.03333333333333333
boulder-138156,BOULDER / CARPENTER PARK1,boulder-carpenter-park,2023-08-29 20:08:00+00:00,0.0,0.016666666666666666
boulder-69789,BOULDER / CARPENTER PARK1,boulder-carpenter-park,2023-08-29 20:08:23+00:00,0.0,0.011944444444444445
boulder-138157,BOULDER / CARPENTER PARK2,boulder-carpenter-park,2023-08-29 20:10:00+00:00,0.0,0.016666666666666666
boulder-69838,BOULDER / CARPENTER PARK2,boulder-carpenter-park,2023-08-29 20:10:42+00:00,0.0,0.01361111111111111
boulder-138158,BOULDER / CARPENTER PARK2,boulder-carpenter-park,2023-08-29 20:17:00+00:00,0.0,0.016666666666666666
boulder-69841,BOULDER / CARPENTER PARK2,boulder-carpenter-park,2023-08-29 20:17:56+00:00,0.0,0.013055555555555556
boulder-138160,BOULDER / CARPENTER PARK2,boulder-carpenter-park,2023-08-29 20:19:00+00:00,0.0,0.016666666666666666
boulder-69846,BOULDER / CARPENTER PARK2,boulder-carpenter-park,2023-08-29 20:19:08+00:00,0.0,0.016944444444444446
boulder-138161,BOULDER / CARPENTER PARK1,boulder-carpenter-park,2023-08-29 20:20:00+00:00,0.0,0.016666666666666666
boulder-69849,BOULDER / CARPENTER PARK1,boulder-carpenter-park,2023-08-29 20:20:50+00:00,0.0,0.0075
boulder-138162,BOULDER / CARPENTER PARK2,boulder-carpenter-park,2023-08-29 20:22:00+00:00,0.0,0.016666666666666666
boulder-69853,BOULDER / CARPENTER PARK2,boulder-carpenter-park,2023-08-29 20:22:33+00:00,0.0,0.013055555555555556
boulder-138163,BOULDER / CARPENTER PARK2,boulder-carpenter-park,2023-08-29 20:23:00+00:00,0.0,0.03333333333333333
boulder-69856,BOULDER / CARPENTER PARK2,boulder-carpenter-park,2023-08-29 20:23:25+00:00,0.0,0.03305555555555555
boulder-138164,BOULDER / CARPENTER PARK2,boulder-carpenter-park,2023-08-29 20:25:00+00:00,0.0,0.05
boulder-69860,BOULDER / CARPENTER PARK2,boulder-carpenter-park,2023-08-29 20:25:46+00:00,0.0,0.04055555555555555
boulder-138174,BOULDER / CARPENTER PARK1,boulder-carpenter-park,2023-08-29 22:29:00+00:00,26.374,4.45
boulder-69898,BOULDER / CARPENTER PARK1,boulder-carpenter-park,2023-08-29 22:29:09+00:00,26.374,4.461666666666667
boulder-138175,BOULDER / CARPENTER PARK2,boulder-carpenter-park,2023-08-29 22:33:00+00:00,0.0,0.03333333333333333
boulder-69902,BOULDER / CARPENTER PARK2,boulder-carpenter-park,2023-08-29 22:33:34+00:00,0.0,0.03333333333333333
boulder-138184,BOULDER / CARPENTER PARK1,boulder-carpenter-park,2023-08-29 23:49:00+00:00,16.791,2.9
boulder-69914,BOULDER / CARPENTER PARK1,boulder-carpenter-park,2023-08-29 23:49:34+00:00,16.791,2.899722222222222
boulder-138188,BOULDER / CARPENTER PARK2,boulder-carpenter-park,2023-08-30 00:37:00+00:00,0.0,0.03333333333333333
boulder-69918,BOULDER / CARPENTER PARK2,boulder-carpenter-park,2023-08-30 00:37:33+00:00,0.0,0.03305555555555555
boulder-138189,BOULDER / CARPENTER PARK2,boulder-carpenter-park,2023-08-30 00:40:00+00:00,0.0,0.03333333333333333
boulder-69919,BOULDER / CARPENTER PARK2,boulder-carpenter-park,2023-08-30 00:40:57+00:00,0.0,0.03388888888888889
boulder-138194,BOULDER / CARPENTER PARK2,boulder-carpenter-park,2023-08-30 01:28:00+00:00,0.0,0.03333333333333333
boulder-69924,BOULDER / CARPENTER PARK2,boulder-carpenter-park,2023-08-30 01:28:06+00:00,0.0,0.04583333333333333
boulder-138196,BOULDER / CARPENTER PARK2,boulder-carpenter-park,2023-08-30 01:31:00+00:00,0.0,0.03333333333333333
boulder-69926,BOULDER / CARPENTER PARK2,boulder-carpenter-park,2023-08-30 01:31:51+00:00,0.0,0.01972222222222222
boulder-140197,BOULDER / CARPENTER PARK2,boulder-carpenter-park,2023-08-30 11:55:00+00:00,0.0,0.03333333333333333
boulder-70011,BOULDER / CARPENTER PARK2,boulder-carpenter-park,2023-08-30 11:55:21+00:00,0.0,0.03333333333333333
boulder-140198,BOULDER / CARPENTER PARK1,boulder-carpenter-park,2023-08-30 11:56:00+00:00,0.0,0.016666666666666666
boulder-70014,BOULDER / CARPENTER PARK1,boulder-carpenter-park,2023-08-30 11:56:19+00:00,0.0,0.018055555555555554
boulder-140199,BOULDER / CARPENTER PARK1,boulder-carpenter-park,2023-08-30 11:57:00+00:00,0.697,1.1666666666666667
boulder-70017,BOULDER / CARPENTER PARK1,boulder-carpenter-park,2023-08-30 11:57:32+00:00,0.697,1.1677777777777778
boulder-140205,BOULDER / CARPENTER PARK1,boulder-carpenter-park,2023-08-30 12:47:00+00:00,0.0,0.016666666666666666
boulder-70027,BOULDER / CARPENTER PARK1,boulder-carpenter-park,2023-08-30 12:47:42+00:00,0.0,0.009166666666666667
boulder-140207,BOULDER / CARPENTER PARK2,boulder-carpenter-park,2023-08-30 13:02:00+00:00,0.0,0.03333333333333333
boulder-70029,BOULDER / CARPENTER PARK2,boulder-carpenter-park,2023-08-30 13:02:47+00:00,0.0,0.020277777777777777
boulder-140210,BOULDER / CARPENTER PARK2,boulder-carpenter-park,2023-08-30 13:04:00+00:00,0.0,0.0
boulder-140211,BOULDER / CARPENTER PARK2,boulder-carpenter-park,2023-08-30 13:04:00+00:00,0.0,0.03333333333333333
boulder-70030,BOULDER / CARPENTER PARK2,boulder-carpenter-park,2023-08-30 13:04:04+00:00,0.0,0.009722222222222222
boulder-70031,BOULDER / CARPENTER PARK2,boulder-carpenter-park,2023-08-30 13:04:44+00:00,0.0,0.03305555555555555
boulder-140218,BOULDER / CARPENTER PARK1,boulder-carpenter-park,2023-08-30 13:57:00+00:00,6.405,1.1166666666666667
boulder-70038,BOULDER / CARPENTER PARK1,boulder-carpenter-park,2023-08-30 13:57:22+00:00,6.405,1.116111111111111
boulder-140225,BOULDER / CARPENTER PARK2,boulder-carpenter-park,2023-08-30 14:58:00+00:00,0.0,0.03333333333333333
boulder-70045,BOULDER / CARPENTER PARK2,boulder-carpenter-park,2023-08-30 14:58:38+00:00,0.0,0.027777777777777776
boulder-140226,BOULDER / CARPENTER PARK1,boulder-carpenter-park,2023-08-30 14:59:00+00:00,0.0,0.03333333333333333
boulder-70046,BOULDER / CARPENTER PARK1,boulder-carpenter-park,2023-08-30 14:59:01+00:00,0.0,0.03305555555555555
boulder-140229,BOULDER / CARPENTER PARK2,boulder-carpenter-park,2023-08-30 15:15:00+00:00,0.0,0.03333333333333333
boulder-70049,BOULDER / CARPENTER PARK2,boulder-carpenter-park,2023-08-30 15:15:40+00:00,0.0,0.026944444444444444
boulder-140230,BOULDER / CARPENTER PARK1,boulder-carpenter-park,2023-08-30 15:20:00+00:00,5.926,2.433333333333333
boulder-70050,BOULDER / CARPENTER PARK1,boulder-carpenter-park,2023-08-30 15:20:34+00:00,5.926,2.44
boulder-140241,BOULDER / CARPENTER PARK1,boulder-carpenter-park,2023-08-30 16:07:00+00:00,20.419,3.566666666666667
boulder-70059,BOULDER / CARPENTER PARK1,boulder-carpenter-park,2023-08-30 16:07:30+00:00,20.419,3.5588888888888888
boulder-140252,BOULDER / CARPENTER PARK1,boulder-carpenter-park,2023-08-30 18:45:00+00:00,10.159,3.1333333333333333
boulder-70070,BOULDER / CARPENTER PARK1,boulder-carpenter-park,2023-08-30 18:45:03+00:00,10.159,3.1369444444444445
boulder-140255,BOULDER / CARPENTER PARK2,boulder-carpenter-park,2023-08-30 19:07:00+00:00,0.0,0.03333333333333333
boulder-70073,BOULDER / CARPENTER PARK2,boulder-carpenter-park,2023-08-30 19:07:35+00:00,0.0,0.03361111111111111
boulder-140256,BOULDER / CARPENTER PARK2,boulder-carpenter-park,2023-08-30 19:09:00+00:00,0.0,0.03333333333333333
boulder-70074,BOULDER / CARPENTER PARK2,boulder-carpenter-park,2023-08-30 19:09:45+00:00,0.0,0.03111111111111111
boulder-140263,BOULDER / CARPENTER PARK1,boulder-carpenter-park,2023-08-30 20:00:00+00:00,8.657,1.4833333333333334
boulder-70081,BOULDER / CARPENTER PARK1,boulder-carpenter-park,2023-08-30 20:00:49+00:00,8.657,1.4736111111111112
boulder-140272,BOULDER / CARPENTER PARK2,boulder-carpenter-park,2023-08-30 22:03:00+00:00,0.0,0.03333333333333333
boulder-70084,BOULDER / CARPENTER PARK2,boulder-carpenter-park,2023-08-30 22:03:39+00:00,0.0,0.03305555555555555
boulder-140277,BOULDER / CARPENTER PARK2,boulder-carpenter-park,2023-08-30 23:18:00+00:00,0.0,0.03333333333333333
boulder-70093,BOULDER / CARPENTER PARK2,boulder-carpenter-park,2023-08-30 23:18:03+00:00,0.0,0.035
boulder-140279,BOULDER / CARPENTER PARK1,boulder-carpenter-park,2023-08-30 23:19:00+00:00,0.0,0.016666666666666666
boulder-70096,BOULDER / CARPENTER PARK1,boulder-carpenter-park,2023-08-30 23:19:19+00:00,0.0,0.01972222222222222
boulder-140280,BOULDER / CARPENTER PARK2,boulder-carpenter-park,2023-08-30 23:20:00+00:00,0.0,0.03333333333333333
boulder-140281,BOULDER / CARPENTER PARK1,boulder-carpenter-park,2023-08-30 23:20:00+00:00,0.0,0.016666666666666666
boulder-70098,BOULDER / CARPENTER PARK2,boulder-carpenter-park,2023-08-30 23:20:14+00:00,0.0,0.03305555555555555
boulder-70100,BOULDER / CARPENTER PARK1,boulder-carpenter-park,2023-08-30 23:20:36+00:00,0.0,0.010833333333333334
boulder-140282,BOULDER / CARPENTER PARK1,boulder-carpenter-park,2023-08-30 23:21:00+00:00,10.735,1.8333333333333333
boulder-70102,BOULDER / CARPENTER PARK1,boulder-carpenter-park,2023-08-30 23:21:07+00:00,10.735,1.8319444444444444
boulder-140291,BOULDER / CARPENTER PARK1,boulder-carpenter-park,2023-08-31 01:07:00+00:00,18.691,3.316666666666667
boulder-70157,BOULDER / CARPENTER PARK1,boulder-carpenter-park,2023-08-31 01:07:01+00:00,18.691,3.318888888888889
boulder-140292,BOULDER / CARPENTER PARK2,boulder-carpenter-park,2023-08-31 01:09:00+00:00,0.0,0.016666666666666666
boulder-70158,BOULDER / CARPENTER PARK2,boulder-carpenter-park,2023-08-31 01:09:11+00:00,0.0,0.019166666666666665
boulder-140293,BOULDER / CARPENTER PARK2,boulder-carpenter-park,2023-08-31 01:11:00+00:00,0.0,0.03333333333333333
boulder-70159,BOULDER / CARPENTER PARK2,boulder-carpenter-park,2023-08-31 01:11:19+00:00,0.0,0.029722222222222223
boulder-140294,BOULDER / CARPENTER PARK1,boulder-carpenter-park,2023-08-31 01:14:00+00:00,7.149,3.4833333333333334
boulder-70160,BOULDER / CARPENTER PARK1,boulder-carpenter-park,2023-08-31 01:14:05+00:00,7.149,3.488888888888889
boulder-140295,BOULDER / CARPENTER PARK2,boulder-carpenter-park,2023-08-31 01:48:00+00:00,0.0,0.016666666666666666
boulder-70161,BOULDER / CARPENTER PARK2,boulder-carpenter-park,2023-08-31 01:48:08+00:00,0.0,0.014444444444444444
boulder-140296,BOULDER / CARPENTER PARK2,boulder-carpenter-park,2023-08-31 01:49:00+00:00,0.0,0.03333333333333333
boulder-70162,BOULDER / CARPENTER PARK2,boulder-carpenter-park,2023-08-31 01:49:18+00:00,0.0,0.029444444444444443
boulder-140297,BOULDER / CARPENTER PARK2,boulder-carpenter-park,2023-08-31 01:51:00+00:00,0.0,0.016666666666666666
boulder-70163,BOULDER / CARPENTER PARK2,boulder-carpenter-park,2023-08-31 01:51:25+00:00,0.0,0.013055555555555556
boulder-140298,BOULDER / CARPENTER PARK2,boulder-carpenter-park,2023-08-31 01:54:00+00:00,0.0,0.0
boulder-70164,BOULDER / CARPENTER PARK2,boulder-carpenter-park,2023-08-31 01:54:03+00:00,0.0,0.013888888888888888
boulder-140347,BOULDER / CARPENTER PARK1,boulder-carpenter-park,2023-08-31 18:51:00+00:00,15.237,2.6
boulder-70103,BOULDER / CARPENTER PARK1,boulder-carpenter-park,2023-08-31 18:51:23+00:00,15.237,2.5944444444444446
boulder-140348,BOULDER / CARPENTER PARK1,boulder-carpenter-park,2023-08-31 18:52:00+00:00,0.0,0.03333333333333333
boulder-70105,BOULDER / CARPENTER PARK1,boulder-carpenter-park,2023-08-31 18:52:03+00:00,0.0,0.03305555555555555
boulder-140352,BOULDER / CARPENTER PARK1,boulder-carpenter-park,2023-08-31 19:27:00+00:00,20.869,7.966666666666667
boulder-70112,BOULDER / CARPENTER PARK1,boulder-carpenter-park,2023-08-31 19:27:23+00:00,20.869,7.965
boulder-140369,BOULDER / CARPENTER PARK1,boulder-carpenter-park,2023-08-31 23:12:00+00:00,2.996,0.6833333333333333
boulder-70131,BOULDER / CARPENTER PARK1,boulder-carpenter-park,2023-08-31 23:12:24+00:00,2.996,0.6811111111111111
boulder-140374,BOULDER / CARPENTER PARK2,boulder-carpenter-park,2023-08-31 23:49:00+00:00,0.0,0.03333333333333333
boulder-70136,BOULDER / CARPENTER PARK2,boulder-carpenter-park,2023-08-31 23:49:53+00:00,0.0,0.02666666666666667
boulder-140375,BOULDER / CARPENTER PARK2,boulder-carpenter-park,2023-08-31 23:55:00+00:00,3.946,0.7166666666666667
boulder-140376,BOULDER / CARPENTER PARK2,boulder-carpenter-park,2023-08-31 23:55:00+00:00,0.0,0.016666666666666666
boulder-70137,BOULDER / CARPENTER PARK2,boulder-carpenter-park,2023-08-31 23:55:07+00:00,3.946,0.7205555555555555
boulder-70138,BOULDER / CARPENTER PARK2,boulder-carpenter-park,2023-08-31 23:55:52+00:00,0.0,0.010277777777777778
boulder-140377,BOULDER / CARPENTER PARK1,boulder-carpenter-park,2023-08-31 23:57:00+00:00,18.055,3.15
boulder-70139,BOULDER / CARPENTER PARK1,boulder-carpenter-park,2023-08-31 23:57:18+00:00,18.055,3.1455555555555557
boulder-140379,BOULDER / CARPENTER PARK2,boulder-carpenter-park,2023-09-01 00:09:00+00:00,4.52,1.7833333333333334
boulder-70141,BOULDER / CARPENTER PARK2,boulder-carpenter-park,2023-09-01 00:09:30+00:00,4.52,1.7902777777777779
boulder-140386,BOULDER / CARPENTER PARK2,boulder-carpenter-park,2023-09-01 01:18:00+00:00,2.167,0.7
boulder-70148,BOULDER / CARPENTER PARK2,boulder-carpenter-park,2023-09-01 01:18:12+00:00,2.167,0.7125
boulder-140393,BOULDER / CARPENTER PARK1,boulder-carpenter-park,2023-09-01 11:56:00+00:00,0.0,0.9166666666666666
boulder-140407,BOULDER / CARPENTER PARK2,boulder-carpenter-park,2023-09-01 13:55:00+00:00,0.0,0.0
boulder-140408,BOULDER / CARPENTER PARK2,boulder-carpenter-park,2023-09-01 13:56:00+00:00,7.92,1.3666666666666667
boulder-140414,BOULDER / CARPENTER PARK2,boulder-carpenter-park,2023-09-01 14:21:00+00:00,11.553,4.366666666666666
boulder-140419,BOULDER / CARPENTER PARK1,boulder-carpenter-park,2023-09-01 15:08:00+00:00,6.966,3.3833333333333333
boulder-140426,BOULDER / CARPENTER PARK1,boulder-carpenter-park,2023-09-01 16:38:00+00:00,0.0,1.5833333333333333
boulder-140435,BOULDER / CARPENTER PARK2,boulder-carpenter-park,2023-09-01 17:46:00+00:00,4.614,0.8
boulder-140441,BOULDER / CARPENTER PARK2,boulder-carpenter-park,2023-09-01 19:10:00+00:00,3.571,0.65
boulder-140442,BOULDER / CARPENTER PARK1,boulder-carpenter-park,2023-09-01 19:29:00+00:00,0.0,0.03333333333333333
boulder-140444,BOULDER / CARPENTER PARK1,boulder-carpenter-park,2023-09-01 19:36:00+00:00,0.0,0.03333333333333333
boulder-140445,BOULDER / CARPENTER PARK1,boulder-carpenter-park,2023-09-01 19:39:00+00:00,10.149,1.8166666666666667
boulder-140458,BOULDER / CARPENTER PARK2,boulder-carpenter-park,2023-09-01 21:25:00+00:00,0.0,0.016666666666666666
boulder-140459,BOULDER / CARPENTER PARK2,boulder-carpenter-park,2023-09-01 21:26:00+00:00,4.815,0.85
boulder-140475,BOULDER / CARPENTER PARK1,boulder-carpenter-park,2023-09-02 00:36:00+00:00,3.677,0.65
boulder-140477,BOULDER / CARPENTER PARK2,boulder-carpenter-park,2023-09-02 00:41:00+00:00,5.206,0.9
boulder-140480,BOULDER / CARPENTER PARK1,boulder-carpenter-park,2023-09-02 00:51:00+00:00,2.876,1.25
boulder-140485,BOULDER / CARPENTER PARK2,boulder-carpenter-park,2023-09-02 01:45:00+00:00,7.725,5.183333333333334
boulder-140487,BOULDER / CARPENTER PARK1,boulder-carpenter-park,2023-09-02 03:54:00+00:00,4.09,1.2166666666666666
boulder-140501,BOULDER / CARPENTER PARK1,boulder-carpenter-park,2023-09-02 13:50:00+00:00,4.807,5.933333333333334
boulder-140504,BOULDER / CARPENTER PARK2,boulder-carpenter-park,2023-09-02 14:04:00+00:00,5.795,1.1166666666666667
boulder-140518,BOULDER / CARPENTER PARK2,boulder-carpenter-park,2023-09-02 16:01:00+00:00,10.804,1.9166666666666667
boulder-140525,BOULDER / CARPENTER PARK1,boulder-carpenter-park,2023-09-02 17:20:00+00:00,0.0,2.75
boulder-140526,BOULDER / CARPENTER PARK2,boulder-carpenter-park,2023-09-02 17:23:00+00:00,0.0,1.0
boulder-140530,BOULDER / CARPENTER PARK2,boulder-carpenter-park,2023-09-02 18:02:00+00:00,0.0,0.0
boulder-140531,BOULDER / CARPENTER PARK2,boulder-carpenter-park,2023-09-02 18:16:00+00:00,18.576,3.183333333333333
boulder-140540,BOULDER / CARPENTER PARK1,boulder-carpenter-park,2023-09-02 20:01:00+00:00,6.854,1.1833333333333333
boulder-140543,BOULDER / CARPENTER PARK1,boulder-carpenter-park,2023-09-02 20:34:00+00:00,0.0,0.03333333333333333
boulder-140544,BOULDER / CARPENTER PARK1,boulder-carpenter-park,2023-09-02 20:37:00+00:00,0.0,0.016666666666666666
boulder-140552,BOULDER / CARPENTER PARK2,boulder-carpenter-park,2023-09-02 21:33:00+00:00,5.951,3.1333333333333333
boulder-140571,BOULDER / CARPENTER PARK1,boulder-carpenter-park,2023-09-02 23:49:00+00:00,3.188,2.1666666666666665
boulder-140576,BOULDER / CARPENTER PARK2,boulder-carpenter-park,2023-09-03 01:10:00+00:00,0.0,0.016666666666666666
boulder-140577,BOULDER / CARPENTER PARK2,boulder-carpenter-park,2023-09-03 01:12:00+00:00,1.933,0.35
boulder-140581,BOULDER / CARPENTER PARK1,boulder-carpenter-park,2023-09-03 01:24:00+00:00,5.454,1.5166666666666666
boulder-140584,BOULDER / CARPENTER PARK2,boulder-carpenter-park,2023-09-03 02:05:00+00:00,4.412,1.2166666666666666
boulder-140586,BOULDER / CARPENTER PARK2,boulder-carpenter-park,2023-09-03 04:33:00+00:00,21.559,6.783333333333333
boulder-140593,BOULDER / CARPENTER PARK2,boulder-carpenter-park,2023-09-03 13:52:00+00:00,5.653,1.1333333333333333
boulder-140599,BOULDER / CARPENTER PARK2,boulder-carpenter-park,2023-09-03 15:00:00+00:00,0.0,0.0
boulder-140600,BOULDER / CARPENTER PARK2,boulder-carpenter-park,2023-09-03 15:00:00+00:00,7.89,1.35
boulder-140605,BOULDER / CARPENTER PARK1,boulder-carpenter-park,2023-09-03 15:58:00+00:00,1.158,0.2
boulder-140606,BOULDER / CARPENTER PARK1,boulder-carpenter-park,2023-09-03 16:04:00+00:00,16.998,2.933333333333333
boulder-140609,BOULDER / CARPENTER PARK1,boulder-carpenter-park,2023-09-03 17:02:00+00:00,0.0,0.016666666666666666
boulder-140612,BOULDER / CARPENTER PARK1,boulder-carpenter-park,2023-09-03 17:04:00+00:00,0.0,1.9333333333333333
boulder-140624,BOULDER / CARPENTER PARK2,boulder-carpenter-park,2023-09-03 18:27:00+00:00,2.674,0.5666666666666667
boulder-140632,BOULDER / CARPENTER PARK1,boulder-carpenter-park,2023-09-03 19:17:00+00:00,2.953,1.1166666666666667
boulder-140634,BOULDER / CARPENTER PARK2,boulder-carpenter-park,2023-09-03 19:53:00+00:00,7.263,1.25
boulder-140651,BOULDER / CARPENTER PARK1,boulder-carpenter-park,2023-09-03 23:25:00+00:00,4.709,0.8333333333333334
boulder-140657,BOULDER / CARPENTER PARK1,boulder-carpenter-park,2023-09-04 00:33:00+00:00,1.99,0.65
boulder-140664,BOULDER / CARPENTER PARK1,boulder-carpenter-park,2023-09-04 03:40:00+00:00,7.598,2.0833333333333335
boulder-140665,BOULDER / CARPENTER PARK1,boulder-carpenter-park,2023-09-04 12:49:00+00:00,1.195,0.38333333333333336
boulder-140677,BOULDER / CARPENTER PARK2,boulder-carpenter-park,2023-09-04 14:18:00+00:00,0.0,0.016666666666666666
boulder-140678,BOULDER / CARPENTER PARK2,boulder-carpenter-park,2023-09-04 14:19:00+00:00,13.243,2.25
boulder-140692,BOULDER / CARPENTER PARK1,boulder-carpenter-park,2023-09-04 17:01:00+00:00,0.0,0.016666666666666666
boulder-140693,BOULDER / CARPENTER PARK2,boulder-carpenter-park,2023-09-04 17:16:00+00:00,11.066,2.433333333333333
boulder-140704,BOULDER / CARPENTER PARK1,boulder-carpenter-park,2023-09-04 18:28:00+00:00,7.098,1.2333333333333334
boulder-140717,BOULDER / CARPENTER PARK1,boulder-carpenter-park,2023-09-04 20:30:00+00:00,0.0,0.03333333333333333
boulder-140718,BOULDER / CARPENTER PARK1,boulder-carpenter-park,2023-09-04 20:33:00+00:00,0.0,0.03333333333333333
boulder-140719,BOULDER / CARPENTER PARK1,boulder-carpenter-park,2023-09-04 20:37:00+00:00,0.0,0.03333333333333333
boulder-140723,BOULDER / CARPENTER PARK2,boulder-carpenter-park,2023-09-04 20:58:00+00:00,36.724,6.2
boulder-140726,BOULDER / CARPENTER PARK1,boulder-carpenter-park,2023-09-04 22:20:00+00:00,1.431,0.35
boulder-140740,BOULDER / CARPENTER PARK1,boulder-carpenter-park,2023-09-04 23:32:00+00:00,1.503,0.5833333333333334
boulder-140745,BOULDER / CARPENTER PARK1,boulder-carpenter-park,2023-09-05 01:22:00+00:00,0.0,0.016666666666666666
boulder-140746,BOULDER / CARPENTER PARK1,boulder-carpenter-park,2023-09-05 01:23:00+00:00,1.696,0.3
boulder-140759,BOULDER / CARPENTER PARK1,boulder-carpenter-park,2023-09-05 13:46:00+00:00,25.344,4.316666666666666
boulder-140761,BOULDER / CARPENTER PARK2,boulder-carpenter-park,2023-09-05 14:27:00+00:00,0.0,0.016666666666666666
boulder-140762,BOULDER / CARPENTER PARK2,boulder-carpenter-park,2023-09-05 14:28:00+00:00,11.915,2.033333333333333
boulder-140763,BOULDER / CARPENTER PARK1,boulder-carpenter-park,2023-09-05 14:29:00+00:00,24.936,4.766666666666667
boulder-140775,BOULDER / CARPENTER PARK2,boulder-carpenter-park,2023-09-05 16:32:00+00:00,0.0,0.05
boulder-140776,BOULDER / CARPENTER PARK2,boulder-carpenter-park,2023-09-05 16:32:00+00:00,0.0,0.016666666666666666
boulder-140787,BOULDER / CARPENTER PARK2,boulder-carpenter-park,2023-09-05 18:26:00+00:00,0.0,0.016666666666666666
boulder-140788,BOULDER / CARPENTER PARK2,boulder-carpenter-park,2023-09-05 18:28:00+00:00,0.0,0.0
boulder-140789,BOULDER / CARPENTER PARK2,boulder-carpenter-park,2023-09-05 18:30:00+00:00,4.247,0.75
boulder-140794,BOULDER / CARPENTER PARK1,boulder-carpenter-park,2023-09-05 19:27:00+00:00,0.0,0.05
boulder-140795,BOULDER / CARPENTER PARK1,boulder-carpenter-park,2023-09-05 19:30:00+00:00,3.894,0.7
boulder-140796,BOULDER / CARPENTER PARK2,boulder-carpenter-park,2023-09-05 19:31:00+00:00,15.478,2.6333333333333333
boulder-140798,BOULDER / CARPENTER PARK1,boulder-carpenter-park,2023-09-05 20:12:00+00:00,3.273,2.1
boulder-140800,BOULDER / CARPENTER PARK1,boulder-carpenter-park,2023-09-05 20:57:00+00:00,5.736,1.0166666666666666
boulder-140809,BOULDER / CARPENTER PARK1,boulder-carpenter-park,2023-09-05 22:42:00+00:00,11.053,2.85
boulder-140818,BOULDER / CARPENTER PARK1,boulder-carpenter-park,2023-09-06 00:42:00+00:00,0.0,0.05
boulder-140841,BOULDER / CARPENTER PARK2,boulder-carpenter-park,2023-09-06 14:11:00+00:00,8.107,2.4833333333333334
boulder-140849,BOULDER / CARPENTER PARK1,boulder-carpenter-park,2023-09-06 14:57:00+00:00,13.993,6.116666666666666
boulder-140872,BOULDER / CARPENTER PARK2,boulder-carpenter-park,2023-09-06 18:06:00+00:00,0.0,0.03333333333333333
boulder-140873,BOULDER / CARPENTER PARK2,boulder-carpenter-park,2023-09-06 18:09:00+00:00,0.0,0.016666666666666666
boulder-140874,BOULDER / CARPENTER PARK2,boulder-carpenter-park,2023-09-06 18:10:00+00:00,0.0,0.03333333333333333
boulder-140875,BOULDER / CARPENTER PARK1,boulder-carpenter-park,2023-09-06 18:12:00+00:00,0.0,2.283333333333333
boulder-140876,BOULDER / CARPENTER PARK2,boulder-carpenter-park,2023-09-06 18:18:00+00:00,0.0,0.016666666666666666
boulder-140877,BOULDER / CARPENTER PARK2,boulder-carpenter-park,2023-09-06 18:19:00+00:00,6.935,1.1833333333333333
boulder-140892,BOULDER / CARPENTER PARK1,boulder-carpenter-park,2023-09-06 21:34:00+00:00,5.377,0.9833333333333333
boulder-140896,BOULDER / CARPENTER PARK1,boulder-carpenter-park,2023-09-06 22:37:00+00:00,12.958,3.2666666666666666
boulder-140898,BOULDER / CARPENTER PARK1,boulder-carpenter-park,2023-09-06 23:03:00+00:00,5.13,0.9
boulder-140911,BOULDER / CARPENTER PARK2,boulder-carpenter-park,2023-09-06 23:29:00+00:00,3.326,0.5666666666666667
boulder-140921,BOULDER / CARPENTER PARK1,boulder-carpenter-park,2023-09-07 00:46:00+00:00,6.223,1.0666666666666667
boulder-140949,BOULDER / CARPENTER PARK1,boulder-carpenter-park,2023-09-07 15:08:00+00:00,24.508,4.166666666666667
boulder-140961,BOULDER / CARPENTER PARK2,boulder-carpenter-park,2023-09-07 17:02:00+00:00,0.0,0.016666666666666666
boulder-140962,BOULDER / CARPENTER PARK2,boulder-carpenter-park,2023-09-07 17:03:00+00:00,14.305,2.783333333333333
boulder-140981,BOULDER / CARPENTER PARK2,boulder-carpenter-park,2023-09-07 20:10:00+00:00,0.0,0.016666666666666666
boulder-140982,BOULDER / CARPENTER PARK2,boulder-carpenter-park,2023-09-07 20:12:00+00:00,4.059,0.9166666666666666
boulder-140984,BOULDER / CARPENTER PARK1,boulder-carpenter-park,2023-09-07 20:31:00+00:00,0.0,0.016666666666666666
boulder-140985,BOULDER / CARPENTER PARK1,boulder-carpenter-park,2023-09-07 20:32:00+00:00,10.567,1.8666666666666667
boulder-140993,BOULDER / CARPENTER PARK1,boulder-carpenter-park,2023-09-07 22:02:00+00:00,0.0,0.016666666666666666
boulder-140997,BOULDER / CARPENTER PARK1,boulder-carpenter-park,2023-09-07 22:20:00+00:00,0.062,0.06666666666666667
boulder-140998,BOULDER / CARPENTER PARK1,boulder-carpenter-park,2023-09-07 22:25:00+00:00,1.426,0.9166666666666666
boulder-141003,BOULDER / CARPENTER PARK2,boulder-carpenter-park,2023-09-07 22:49:00+00:00,0.0,0.016666666666666666
boulder-141006,BOULDER / CARPENTER PARK2,boulder-carpenter-park,2023-09-07 22:50:00+00:00,8.14,1.4
boulder-141009,BOULDER / CARPENTER PARK1,boulder-carpenter-park,2023-09-07 23:24:00+00:00,6.138,2.1
boulder-141020,BOULDER / CARPENTER PARK1,boulder-carpenter-park,2023-09-08 02:34:00+00:00,42.186,7.35
boulder-141022,BOULDER / CARPENTER PARK2,boulder-carpenter-park,2023-09-08 02:41:00+00:00,26.359,7.533333333333333
boulder-141035,BOULDER / CARPENTER PARK2,boulder-carpenter-park,2023-09-08 14:15:00+00:00,9.396,3.4
boulder-141044,BOULDER / CARPENTER PARK1,boulder-carpenter-park,2023-09-08 15:27:00+00:00,10.233,5.466666666666667
boulder-141047,BOULDER / CARPENTER PARK1,boulder-carpenter-park,2023-09-08 15:51:00+00:00,0.0,3.216666666666667
boulder-141060,BOULDER / CARPENTER PARK1,boulder-carpenter-park,2023-09-08 19:07:00+00:00,0.0,0.03333333333333333
boulder-141062,BOULDER / CARPENTER PARK2,boulder-carpenter-park,2023-09-08 20:02:00+00:00,0.0,0.016666666666666666
boulder-141063,BOULDER / CARPENTER PARK2,boulder-carpenter-park,2023-09-08 20:05:00+00:00,4.516,1.2333333333333334
boulder-141072,BOULDER / CARPENTER PARK1,boulder-carpenter-park,2023-09-08 20:54:00+00:00,0.0,0.016666666666666666
boulder-141074,BOULDER / CARPENTER PARK1,boulder-carpenter-park,2023-09-08 20:55:00+00:00,10.39,1.8
boulder-141078,BOULDER / CARPENTER PARK2,boulder-carpenter-park,2023-09-08 21:30:00+00:00,5.258,0.9166666666666666
boulder-141079,BOULDER / CARPENTER PARK2,boulder-carpenter-park,2023-09-08 21:31:00+00:00,0.0,0.0
boulder-141084,BOULDER / CARPENTER PARK1,boulder-carpenter-park,2023-09-08 22:24:00+00:00,0.0,0.016666666666666666
boulder-141086,BOULDER / CARPENTER PARK1,boulder-carpenter-park,2023-09-08 22:28:00+00:00,0.0,0.03333333333333333
boulder-141087,BOULDER / CARPENTER PARK1,boulder-carpenter-park,2023-09-08 22:32:00+00:00,0.0,0.03333333333333333
boulder-141090,BOULDER / CARPENTER PARK2,boulder-carpenter-park,2023-09-08 22:46:00+00:00,25.575,4.8
boulder-141092,BOULDER / CARPENTER PARK1,boulder-carpenter-park,2023-09-08 23:22:00+00:00,3.177,1.0166666666666666
boulder-141097,BOULDER / CARPENTER PARK2,boulder-carpenter-park,2023-09-08 23:50:00+00:00,0.0,0.03333333333333333
boulder-141099,BOULDER / CARPENTER PARK1,boulder-carpenter-park,2023-09-08 23:55:00+00:00,0.0,0.016666666666666666
boulder-141100,BOULDER / CARPENTER PARK1,boulder-carpenter-park,2023-09-08 23:58:00+00:00,0.0,0.016666666666666666
boulder-141105,BOULDER / CARPENTER PARK1,boulder-carpenter-park,2023-09-09 00:16:00+00:00,24.123,4.083333333333333
boulder-141118,BOULDER / CARPENTER PARK1,boulder-carpenter-park,2023-09-09 01:35:00+00:00,13.952,4.266666666666667
boulder-141128,BOULDER / CARPENTER PARK1,boulder-carpenter-park,2023-09-09 13:37:00+00:00,20.796,5.15
boulder-141136,BOULDER / CARPENTER PARK1,boulder-carpenter-park,2023-09-09 14:23:00+00:00,0.0,0.0
boulder-141137,BOULDER / CARPENTER PARK1,boulder-carpenter-park,2023-09-09 14:24:00+00:00,0.0,0.03333333333333333
boulder-141138,BOULDER / CARPENTER PARK2,boulder-carpenter-park,2023-09-09 14:26:00+00:00,30.429,5.5
boulder-141139,BOULDER / CARPENTER PARK2,boulder-carpenter-park,2023-09-09 14:26:00+00:00,0.0,0.0
boulder-141167,BOULDER / CARPENTER PARK1,boulder-carpenter-park,2023-09-09 19:34:00+00:00,4.135,0.7333333333333333
boulder-141170,BOULDER / CARPENTER PARK1,boulder-carpenter-park,2023-09-09 20:32:00+00:00,3.622,0.6333333333333333
boulder-141171,BOULDER / CARPENTER PARK2,boulder-carpenter-park,2023-09-09 20:41:00+00:00,0.0,0.016666666666666666
boulder-141173,BOULDER / CARPENTER PARK2,boulder-carpenter-park,2023-09-09 21:13:00+00:00,10.181,1.7166666666666666
boulder-141183,BOULDER / CARPENTER PARK1,boulder-carpenter-park,2023-09-09 22:04:00+00:00,12.573,2.1666666666666665
boulder-141185,BOULDER / CARPENTER PARK2,boulder-carpenter-park,2023-09-09 23:03:00+00:00,5.4,0.9333333333333333
boulder-141188,BOULDER / CARPENTER PARK1,boulder-carpenter-park,2023-09-09 23:07:00+00:00,3.559,1.1333333333333333
boulder-141200,BOULDER / CARPENTER PARK1,boulder-carpenter-park,2023-09-10 00:21:00+00:00,5.234,1.55
boulder-141239,BOULDER / CARPENTER PARK1,boulder-carpenter-park,2023-09-10 14:26:00+00:00,0.0,0.03333333333333333
boulder-141242,BOULDER / CARPENTER PARK1,boulder-carpenter-park,2023-09-10 14:26:00+00:00,0.0,0.03333333333333333
boulder-141245,BOULDER / CARPENTER PARK1,boulder-carpenter-park,2023-09-10 14:29:00+00:00,0.0,0.016666666666666666
boulder-141268,BOULDER / CARPENTER PARK2,boulder-carpenter-park,2023-09-10 15:03:00+00:00,0.0,0.0
boulder-141287,BOULDER / CARPENTER PARK2,boulder-carpenter-park,2023-09-10 16:00:00+00:00,6.258,4.7
boulder-141301,BOULDER / CARPENTER PARK1,boulder-carpenter-park,2023-09-10 16:20:00+00:00,0.0,0.03333333333333333
boulder-141326,BOULDER / CARPENTER PARK1,boulder-carpenter-park,2023-09-10 17:44:00+00:00,0.0,1.0666666666666667
boulder-141331,BOULDER / CARPENTER PARK1,boulder-carpenter-park,2023-09-10 17:57:00+00:00,6.316,1.9833333333333334
boulder-141393,BOULDER / CARPENTER PARK1,boulder-carpenter-park,2023-09-10 20:37:00+00:00,0.0,0.05
boulder-141412,BOULDER / CARPENTER PARK1,boulder-carpenter-park,2023-09-10 22:13:00+00:00,1.178,0.85
boulder-141421,BOULDER / CARPENTER PARK2,boulder-carpenter-park,2023-09-10 23:34:00+00:00,4.208,0.7
boulder-141490,BOULDER / CARPENTER PARK2,boulder-carpenter-park,2023-09-11 15:29:00+00:00,0.0,0.03333333333333333
boulder-141493,BOULDER / CARPENTER PARK1,boulder-carpenter-park,2023-09-11 15:29:00+00:00,0.0,0.03333333333333333
boulder-141496,BOULDER / CARPENTER PARK2,boulder-carpenter-park,2023-09-11 15:31:00+00:00,0.0,0.03333333333333333
boulder-141499,BOULDER / CARPENTER PARK1,boulder-carpenter-park,2023-09-11 15:34:00+00:00,0.0,0.03333333333333333
boulder-141501,BOULDER / CARPENTER PARK2,boulder-carpenter-park,2023-09-11 15:34:00+00:00,0.0,0.03333333333333333
boulder-141504,BOULDER / CARPENTER PARK1,boulder-carpenter-park,2023-09-11 15:40:00+00:00,4.081,2.05
boulder-141507,BOULDER / CARPENTER PARK2,boulder-carpenter-park,2023-09-11 16:12:00+00:00,34.628,7.883333333333334
boulder-141519,BOULDER / CARPENTER PARK1,boulder-carpenter-park,2023-09-11 16:31:00+00:00,18.235,3.8333333333333335
boulder-141566,BOULDER / CARPENTER PARK1,boulder-carpenter-park,2023-09-11 19:50:00+00:00,0.0,0.1
boulder-141569,BOULDER / CARPENTER PARK1,boulder-carpenter-park,2023-09-11 19:58:00+00:00,0.0,0.0
boulder-141574,BOULDER / CARPENTER PARK1,boulder-carpenter-park,2023-09-11 20:08:00+00:00,0.0,0.03333333333333333
boulder-141577,BOULDER / CARPENTER PARK2,boulder-carpenter-park,2023-09-11 20:12:00+00:00,0.0,1.1666666666666667
boulder-141586,BOULDER / CARPENTER PARK1,boulder-carpenter-park,2023-09-11 21:27:00+00:00,4.509,0.8
boulder-141601,BOULDER / CARPENTER PARK1,boulder-carpenter-park,2023-09-11 22:01:00+00:00,0.0,0.03333333333333333
boulder-141604,BOULDER / CARPENTER PARK1,boulder-carpenter-park,2023-09-11 22:04:00+00:00,0.0,0.016666666666666666
boulder-141607,BOULDER / CARPENTER PARK1,boulder-carpenter-park,2023-09-11 22:05:00+00:00,0.0,0.0
boulder-141627,BOULDER / CARPENTER PARK1,boulder-carpenter-park,2023-09-11 22:54:00+00:00,13.566,2.65
boulder-141646,BOULDER / CARPENTER PARK2,boulder-carpenter-park,2023-09-12 00:06:00+00:00,0.047,0.03333333333333333
boulder-141648,BOULDER / CARPENTER PARK2,boulder-carpenter-park,2023-09-12 00:16:00+00:00,21.99,3.6666666666666665
boulder-141671,BOULDER / CARPENTER PARK1,boulder-carpenter-park,2023-09-12 03:24:00+00:00,18.002,3.05
boulder-141677,BOULDER / CARPENTER PARK2,boulder-carpenter-park,2023-09-12 05:08:00+00:00,0.0,0.016666666666666666
boulder-141680,BOULDER / CARPENTER PARK1,boulder-carpenter-park,2023-09-12 05:12:00+00:00,0.0,0.016666666666666666
boulder-141712,BOULDER / CARPENTER PARK2,boulder-carpenter-park,2023-09-12 14:03:00+00:00,0.0,0.03333333333333333
boulder-141715,BOULDER / CARPENTER PARK2,boulder-carpenter-park,2023-09-12 14:05:00+00:00,0.0,0.0
boulder-141718,BOULDER / CARPENTER PARK2,boulder-carpenter-park,2023-09-12 14:06:00+00:00,24.81,4.183333333333334
boulder-141723,BOULDER / CARPENTER PARK1,boulder-carpenter-park,2023-09-12 14:16:00+00:00,8.131,2.4833333333333334
boulder-141773,BOULDER / CARPENTER PARK1,boulder-carpenter-park,2023-09-12 15:14:00+00:00,0.0,0.03333333333333333
boulder-141778,BOULDER / CARPENTER PARK1,boulder-carpenter-park,2023-09-12 15:16:00+00:00,0.0,0.0
boulder-141781,BOULDER / CARPENTER PARK1,boulder-carpenter-park,2023-09-12 15:17:00+00:00,0.0,0.03333333333333333
boulder-141795,BOULDER / CARPENTER PARK1,boulder-carpenter-park,2023-09-12 16:34:00+00:00,5.607,1.75
boulder-141811,BOULDER / CARPENTER PARK1,boulder-carpenter-park,2023-09-12 17:19:00+00:00,7.607,1.3333333333333333
boulder-141829,BOULDER / CARPENTER PARK2,boulder-carpenter-park,2023-09-12 18:55:00+00:00,0.0,0.016666666666666666
boulder-141832,BOULDER / CARPENTER PARK2,boulder-carpenter-park,2023-09-12 18:56:00+00:00,3.863,0.6833333333333333
boulder-141848,BOULDER / CARPENTER PARK1,boulder-carpenter-park,2023-09-12 19:36:00+00:00,4.984,2.3833333333333333
boulder-141863,BOULDER / CARPENTER PARK2,boulder-carpenter-park,2023-09-12 20:48:00+00:00,0.0,0.016666666666666666
boulder-141864,BOULDER / CARPENTER PARK2,boulder-carpenter-park,2023-09-12 20:49:00+00:00,1.824,0.31666666666666665
boulder-141877,BOULDER / CARPENTER PARK2,boulder-carpenter-park,2023-09-12 21:45:00+00:00,3.743,1.85
boulder-141931,BOULDER / CARPENTER PARK2,boulder-carpenter-park,2023-09-13 01:29:00+00:00,0.0,0.016666666666666666
boulder-141934,BOULDER / CARPENTER PARK2,boulder-carpenter-park,2023-09-13 01:30:00+00:00,15.899,8.666666666666666
boulder-141953,BOULDER / CARPENTER PARK2,boulder-carpenter-park,2023-09-13 12:08:00+00:00,0.0,0.016666666666666666
boulder-141956,BOULDER / CARPENTER PARK2,boulder-carpenter-park,2023-09-13 12:10:00+00:00,9.145,2.8333333333333335
boulder-141982,BOULDER / CARPENTER PARK1,boulder-carpenter-park,2023-09-13 13:56:00+00:00,13.39,4.133333333333334
boulder-142017,BOULDER / CARPENTER PARK2,boulder-carpenter-park,2023-09-13 15:09:00+00:00,49.443,8.483333333333333
boulder-142052,BOULDER / CARPENTER PARK1,boulder-carpenter-park,2023-09-13 16:19:00+00:00,0.0,1.2333333333333334
boulder-142085,BOULDER / CARPENTER PARK1,boulder-carpenter-park,2023-09-13 17:49:00+00:00,0.0,0.016666666666666666
boulder-142088,BOULDER / CARPENTER PARK1,boulder-carpenter-park,2023-09-13 17:50:00+00:00,10.629,1.8833333333333333
boulder-142094,BOULDER / CARPENTER PARK1,boulder-carpenter-park,2023-09-13 18:45:00+00:00,0.0,0.03333333333333333
boulder-142100,BOULDER / CARPENTER PARK2,boulder-carpenter-park,2023-09-13 18:49:00+00:00,7.713,2.3666666666666667
boulder-142133,BOULDER / CARPENTER PARK1,boulder-carpenter-park,2023-09-13 19:41:00+00:00,0.0,0.016666666666666666
boulder-142139,BOULDER / CARPENTER PARK1,boulder-carpenter-park,2023-09-13 19:44:00+00:00,8.926,1.5666666666666667
boulder-142145,BOULDER / CARPENTER PARK1,boulder-carpenter-park,2023-09-13 19:49:00+00:00,3.012,1.9666666666666666
boulder-142188,BOULDER / CARPENTER PARK1,boulder-carpenter-park,2023-09-13 21:21:00+00:00,12.857,2.25
boulder-142222,BOULDER / CARPENTER PARK1,boulder-carpenter-park,2023-09-13 23:19:00+00:00,2.998,0.95
boulder-142274,BOULDER / CARPENTER PARK1,boulder-carpenter-park,2023-09-14 00:52:00+00:00,17.391,13.116666666666667
boulder-142346,BOULDER / CARPENTER PARK1,boulder-carpenter-park,2023-09-14 14:15:00+00:00,0.0,0.0
boulder-142352,BOULDER / CARPENTER PARK1,boulder-carpenter-park,2023-09-14 14:16:00+00:00,0.0,0.016666666666666666
boulder-142355,BOULDER / CARPENTER PARK1,boulder-carpenter-park,2023-09-14 14:17:00+00:00,14.631,2.5
boulder-142358,BOULDER / CARPENTER PARK2,boulder-carpenter-park,2023-09-14 14:17:00+00:00,9.296,3.183333333333333
boulder-142400,BOULDER / CARPENTER PARK1,boulder-carpenter-park,2023-09-14 15:30:00+00:00,2.679,3.65
boulder-142438,BOULDER / CARPENTER PARK2,boulder-carpenter-park,2023-09-14 17:33:00+00:00,0.0,0.016666666666666666
boulder-142441,BOULDER / CARPENTER PARK2,boulder-carpenter-park,2023-09-14 17:34:00+00:00,5.684,2.05
boulder-142485,BOULDER / CARPENTER PARK1,boulder-carpenter-park,2023-09-14 18:36:00+00:00,0.897,0.16666666666666666
boulder-142502,BOULDER / CARPENTER PARK1,boulder-carpenter-park,2023-09-14 19:54:00+00:00,0.0,0.03333333333333333
boulder-142505,BOULDER / CARPENTER PARK1,boulder-carpenter-park,2023-09-14 19:56:00+00:00,4.316,0.9833333333333333
boulder-142547,BOULDER / CARPENTER PARK2,boulder-carpenter-park,2023-09-14 22:50:00+00:00,0.0,0.016666666666666666
boulder-142553,BOULDER / CARPENTER PARK2,boulder-carpenter-park,2023-09-14 22:51:00+00:00,5.07,0.8833333333333333
boulder-142559,BOULDER / CARPENTER PARK1,boulder-carpenter-park,2023-09-14 23:08:00+00:00,21.813,3.683333333333333
boulder-142562,BOULDER / CARPENTER PARK1,boulder-carpenter-park,2023-09-14 23:08:00+00:00,0.0,0.0
boulder-142568,BOULDER / CARPENTER PARK2,boulder-carpenter-park,2023-09-14 23:18:00+00:00,0.0,0.0
boulder-142570,BOULDER / CARPENTER PARK1,boulder-carpenter-park,2023-09-14 23:21:00+00:00,26.346,4.583333333333333
boulder-142598,BOULDER / CARPENTER PARK2,boulder-carpenter-park,2023-09-15 01:12:00+00:00,19.892,5.4
boulder-142643,BOULDER / CARPENTER PARK2,boulder-carpenter-park,2023-09-15 14:08:00+00:00,8.553,4.7
boulder-140235,BOULDER / CARPENTER PARK1,boulder-carpenter-park,2023-09-15 14:19:00+00:00,15.186,2.5833333333333335
boulder-140730,BOULDER / CARPENTER PARK2,boulder-carpenter-park,2023-09-15 14:46:00+00:00,0.0,0.016666666666666666
boulder-141205,BOULDER / CARPENTER PARK1,boulder-carpenter-park,2023-09-15 14:47:00+00:00,0.0,0.016666666666666666
boulder-141218,BOULDER / CARPENTER PARK1,boulder-carpenter-park,2023-09-15 15:00:00+00:00,0.0,0.016666666666666666
boulder-141276,BOULDER / CARPENTER PARK1,boulder-carpenter-park,2023-09-15 17:22:00+00:00,9.278,3.9166666666666665
boulder-141300,BOULDER / CARPENTER PARK1,boulder-carpenter-park,2023-09-15 18:14:00+00:00,2.426,3.75
boulder-141338,BOULDER / CARPENTER PARK2,boulder-carpenter-park,2023-09-15 20:15:00+00:00,1.555,0.43333333333333335
boulder-141359,BOULDER / CARPENTER PARK2,boulder-carpenter-park,2023-09-15 20:59:00+00:00,0.016,0.03333333333333333
boulder-141362,BOULDER / CARPENTER PARK2,boulder-carpenter-park,2023-09-15 21:03:00+00:00,0.0,0.016666666666666666
boulder-141365,BOULDER / CARPENTER PARK2,boulder-carpenter-park,2023-09-15 21:04:00+00:00,0.163,2.5833333333333335
boulder-141461,BOULDER / CARPENTER PARK2,boulder-carpenter-park,2023-09-16 02:15:00+00:00,9.985,2.7
boulder-141467,BOULDER / CARPENTER PARK1,boulder-carpenter-park,2023-09-16 03:52:00+00:00,45.809,7.9
boulder-141548,BOULDER / CARPENTER PARK1,boulder-carpenter-park,2023-09-16 16:14:00+00:00,2.804,0.48333333333333334
boulder-141568,BOULDER / CARPENTER PARK1,boulder-carpenter-park,2023-09-16 17:21:00+00:00,11.401,1.9666666666666666
boulder-141632,BOULDER / CARPENTER PARK2,boulder-carpenter-park,2023-09-16 20:38:00+00:00,0.0,0.016666666666666666
boulder-141635,BOULDER / CARPENTER PARK2,boulder-carpenter-park,2023-09-16 20:41:00+00:00,0.0,0.016666666666666666
boulder-141638,BOULDER / CARPENTER PARK1,boulder-carpenter-park,2023-09-16 20:41:00+00:00,0.0,0.016666666666666666
boulder-141644,BOULDER / CARPENTER PARK2,boulder-carpenter-park,2023-09-16 20:43:00+00:00,0.0,0.016666666666666666
boulder-141662,BOULDER / CARPENTER PARK2,boulder-carpenter-park,2023-09-16 22:44:00+00:00,0.0,0.016666666666666666
boulder-141665,BOULDER / CARPENTER PARK2,boulder-carpenter-park,2023-09-16 22:45:00+00:00,5.653,1.8833333333333333
boulder-141683,BOULDER / CARPENTER PARK1,boulder-carpenter-park,2023-09-16 23:24:00+00:00,30.088,8.216666666666667
boulder-141692,BOULDER / CARPENTER PARK2,boulder-carpenter-park,2023-09-17 00:01:00+00:00,0.0,0.03333333333333333
boulder-141694,BOULDER / CARPENTER PARK1,boulder-carpenter-park,2023-09-17 00:05:00+00:00,0.0,0.03333333333333333
boulder-141699,BOULDER / CARPENTER PARK2,boulder-carpenter-park,2023-09-17 00:44:00+00:00,0.428,0.5
boulder-141719,BOULDER / CARPENTER PARK2,boulder-carpenter-park,2023-09-17 01:50:00+00:00,11.889,4.75
boulder-141728,BOULDER / CARPENTER PARK1,boulder-carpenter-park,2023-09-17 05:21:00+00:00,12.275,8.283333333333333
boulder-141855,BOULDER / CARPENTER PARK2,boulder-carpenter-park,2023-09-17 17:19:00+00:00,0.0,0.016666666666666666
boulder-141858,BOULDER / CARPENTER PARK2,boulder-carpenter-park,2023-09-17 17:21:00+00:00,0.0,0.03333333333333333
boulder-141866,BOULDER / CARPENTER PARK2,boulder-carpenter-park,2023-09-17 17:23:00+00:00,7.958,1.3833333333333333
boulder-141878,BOULDER / CARPENTER PARK1,boulder-carpenter-park,2023-09-17 17:55:00+00:00,0.0,0.0
boulder-141881,BOULDER / CARPENTER PARK2,boulder-carpenter-park,2023-09-17 17:56:00+00:00,0.0,2.5166666666666666
boulder-141895,BOULDER / CARPENTER PARK1,boulder-carpenter-park,2023-09-17 18:52:00+00:00,3.407,1.0833333333333333
boulder-141907,BOULDER / CARPENTER PARK1,boulder-carpenter-park,2023-09-17 19:15:00+00:00,5.745,2.65
boulder-141929,BOULDER / CARPENTER PARK2,boulder-carpenter-park,2023-09-17 20:42:00+00:00,6.667,2.1
boulder-141958,BOULDER / CARPENTER PARK1,boulder-carpenter-park,2023-09-17 22:07:00+00:00,0.0,0.03333333333333333
boulder-141960,BOULDER / CARPENTER PARK1,boulder-carpenter-park,2023-09-17 22:09:00+00:00,8.844,2.0166666666666666
boulder-141971,BOULDER / CARPENTER PARK2,boulder-carpenter-park,2023-09-17 22:33:00+00:00,0.0,0.05
boulder-141974,BOULDER / CARPENTER PARK1,boulder-carpenter-park,2023-09-17 22:35:00+00:00,0.0,0.03333333333333333
boulder-141980,BOULDER / CARPENTER PARK1,boulder-carpenter-park,2023-09-17 22:39:00+00:00,0.0,0.7333333333333333
boulder-142048,BOULDER / CARPENTER PARK1,boulder-carpenter-park,2023-09-18 00:19:00+00:00,6.319,1.1
boulder-142083,BOULDER / CARPENTER PARK1,boulder-carpenter-park,2023-09-18 02:48:00+00:00,5.825,1.8833333333333333
boulder-142224,BOULDER / CARPENTER PARK2,boulder-carpenter-park,2023-09-18 17:15:00+00:00,0.0,0.016666666666666666
boulder-142227,BOULDER / CARPENTER PARK2,boulder-carpenter-park,2023-09-18 17:16:00+00:00,8.871,1.5333333333333334
boulder-142258,BOULDER / CARPENTER PARK2,boulder-carpenter-park,2023-09-18 20:05:00+00:00,6.466,1.7666666666666666
boulder-142264,BOULDER / CARPENTER PARK1,boulder-carpenter-park,2023-09-18 20:30:00+00:00,3.358,0.5833333333333334
boulder-142273,BOULDER / CARPENTER PARK1,boulder-carpenter-park,2023-09-18 20:43:00+00:00,0.0,0.016666666666666666
boulder-142276,BOULDER / CARPENTER PARK1,boulder-carpenter-park,2023-09-18 21:35:00+00:00,7.768,2.466666666666667
boulder-142281,BOULDER / CARPENTER PARK2,boulder-carpenter-park,2023-09-18 21:43:00+00:00,0.0,0.03333333333333333
boulder-142284,BOULDER / CARPENTER PARK2,boulder-carpenter-park,2023-09-18 21:46:00+00:00,0.0,0.016666666666666666
boulder-142287,BOULDER / CARPENTER PARK2,boulder-carpenter-park,2023-09-18 21:50:00+00:00,0.0,0.016666666666666666
boulder-142290,BOULDER / CARPENTER PARK2,boulder-carpenter-park,2023-09-18 21:51:00+00:00,0.0,0.016666666666666666
boulder-142293,BOULDER / CARPENTER PARK2,boulder-carpenter-park,2023-09-18 21:52:00+00:00,3.783,0.65
boulder-142299,BOULDER / CARPENTER PARK1,boulder-carpenter-park,2023-09-18 22:06:00+00:00,0.0,0.016666666666666666
boulder-142335,BOULDER / CARPENTER PARK2,boulder-carpenter-park,2023-09-18 22:40:00+00:00,0.0,0.016666666666666666
boulder-142338,BOULDER / CARPENTER PARK2,boulder-carpenter-park,2023-09-18 22:42:00+00:00,7.56,1.5166666666666666
boulder-142341,BOULDER / CARPENTER PARK1,boulder-carpenter-park,2023-09-18 23:04:00+00:00,0.533,0.08333333333333333
boulder-142392,BOULDER / CARPENTER PARK1,boulder-carpenter-park,2023-09-19 12:57:00+00:00,9.513,1.65
boulder-142404,BOULDER / CARPENTER PARK2,boulder-carpenter-park,2023-09-19 13:50:00+00:00,0.0,0.016666666666666666
boulder-142407,BOULDER / CARPENTER PARK1,boulder-carpenter-park,2023-09-19 13:50:00+00:00,0.0,0.03333333333333333
boulder-142410,BOULDER / CARPENTER PARK2,boulder-carpenter-park,2023-09-19 13:51:00+00:00,23.37,3.933333333333333
boulder-142419,BOULDER / CARPENTER PARK1,boulder-carpenter-park,2023-09-19 14:05:00+00:00,50.122,8.633333333333333
boulder-142490,BOULDER / CARPENTER PARK1,boulder-carpenter-park,2023-09-19 15:49:00+00:00,0.0,0.03333333333333333
boulder-142528,BOULDER / CARPENTER PARK1,boulder-carpenter-park,2023-09-19 18:48:00+00:00,3.237,0.5666666666666667
boulder-142537,BOULDER / CARPENTER PARK2,boulder-carpenter-park,2023-09-19 19:00:00+00:00,4.028,1.2833333333333334
boulder-142554,BOULDER / CARPENTER PARK1,boulder-carpenter-park,2023-09-19 19:48:00+00:00,0.0,0.016666666666666666
boulder-142587,BOULDER / CARPENTER PARK2,boulder-carpenter-park,2023-09-19 22:14:00+00:00,0.0,1.5666666666666667
boulder-142596,BOULDER / CARPENTER PARK1,boulder-carpenter-park,2023-09-19 22:20:00+00:00,0.0,0.016666666666666666
boulder-142599,BOULDER / CARPENTER PARK2,boulder-carpenter-park,2023-09-19 22:22:00+00:00,9.151,1.6333333333333333
boulder-142623,BOULDER / CARPENTER PARK1,boulder-carpenter-park,2023-09-19 22:58:00+00:00,0.0,0.0
boulder-142626,BOULDER / CARPENTER PARK1,boulder-carpenter-park,2023-09-19 22:58:00+00:00,0.0,0.016666666666666666
boulder-142629,BOULDER / CARPENTER PARK1,boulder-carpenter-park,2023-09-19 22:59:00+00:00,13.772,2.6666666666666665
boulder-142647,BOULDER / CARPENTER PARK2,boulder-carpenter-park,2023-09-19 23:49:00+00:00,0.0,0.016666666666666666
boulder-142650,BOULDER / CARPENTER PARK2,boulder-carpenter-park,2023-09-20 00:01:00+00:00,3.045,0.5333333333333333
boulder-142662,BOULDER / CARPENTER PARK2,boulder-carpenter-park,2023-09-20 00:56:00+00:00,0.0,0.0
boulder-142671,BOULDER / CARPENTER PARK1,boulder-carpenter-park,2023-09-20 02:09:00+00:00,9.685,1.65
boulder-142675,BOULDER / CARPENTER PARK2,boulder-carpenter-park,2023-09-20 02:26:00+00:00,10.602,2.9833333333333334
boulder-142693,BOULDER / CARPENTER PARK2,boulder-carpenter-park,2023-09-20 14:17:00+00:00,0.0,0.016666666666666666
boulder-142694,BOULDER / CARPENTER PARK2,boulder-carpenter-park,2023-09-20 14:18:00+00:00,8.935,3.5
boulder-141206,BOULDER / CARPENTER PARK1,boulder-carpenter-park,2023-09-20 14:32:00+00:00,28.517,4.95
boulder-141272,BOULDER / CARPENTER PARK1,boulder-carpenter-park,2023-09-20 15:33:00+00:00,5.001,6.583333333333333
boulder-141327,BOULDER / CARPENTER PARK2,boulder-carpenter-park,2023-09-20 18:41:00+00:00,0.0,0.03333333333333333
boulder-141333,BOULDER / CARPENTER PARK2,boulder-carpenter-park,2023-09-20 18:44:00+00:00,2.23,1.4166666666666667
boulder-141353,BOULDER / CARPENTER PARK1,boulder-carpenter-park,2023-09-20 19:47:00+00:00,15.993,2.7666666666666666
boulder-141382,BOULDER / CARPENTER PARK2,boulder-carpenter-park,2023-09-20 21:36:00+00:00,0.0,0.0
boulder-141385,BOULDER / CARPENTER PARK2,boulder-carpenter-park,2023-09-20 21:37:00+00:00,2.382,0.75
boulder-141411,BOULDER / CARPENTER PARK2,boulder-carpenter-park,2023-09-20 22:48:00+00:00,3.327,0.5666666666666667
boulder-141426,BOULDER / CARPENTER PARK2,boulder-carpenter-park,2023-09-20 23:26:00+00:00,0.183,0.03333333333333333
boulder-141456,BOULDER / CARPENTER PARK1,boulder-carpenter-park,2023-09-21 01:06:00+00:00,0.0,0.016666666666666666
boulder-141459,BOULDER / CARPENTER PARK1,boulder-carpenter-park,2023-09-21 01:08:00+00:00,1.852,0.31666666666666665
boulder-141483,BOULDER / CARPENTER PARK2,boulder-carpenter-park,2023-09-21 12:52:00+00:00,17.442,2.9166666666666665
boulder-141540,BOULDER / CARPENTER PARK2,boulder-carpenter-park,2023-09-21 16:08:00+00:00,11.029,1.85
boulder-141546,BOULDER / CARPENTER PARK1,boulder-carpenter-park,2023-09-21 16:38:00+00:00,12.108,3.8
boulder-141552,BOULDER / CARPENTER PARK1,boulder-carpenter-park,2023-09-21 16:51:00+00:00,0.0,0.4666666666666667
boulder-141608,BOULDER / CARPENTER PARK1,boulder-carpenter-park,2023-09-21 20:15:00+00:00,14.583,2.55
boulder-141622,BOULDER / CARPENTER PARK2,boulder-carpenter-park,2023-09-21 21:03:00+00:00,2.718,1.2166666666666666
boulder-141634,BOULDER / CARPENTER PARK2,boulder-carpenter-park,2023-09-21 21:30:00+00:00,0.0,0.016666666666666666
boulder-141655,BOULDER / CARPENTER PARK2,boulder-carpenter-park,2023-09-21 22:53:00+00:00,13.555,2.816666666666667
boulder-141675,BOULDER / CARPENTER PARK1,boulder-carpenter-park,2023-09-21 23:01:00+00:00,4.178,1.3166666666666667
boulder-141698,BOULDER / CARPENTER PARK1,boulder-carpenter-park,2023-09-21 23:35:00+00:00,0.0,0.016666666666666666
boulder-141701,BOULDER / CARPENTER PARK1,boulder-carpenter-park,2023-09-21 23:36:00+00:00,0.0,0.03333333333333333
boulder-141704,BOULDER / CARPENTER PARK1,boulder-carpenter-park,2023-09-21 23:38:00+00:00,0.0,0.03333333333333333
boulder-141707,BOULDER / CARPENTER PARK1,boulder-carpenter-park,2023-09-21 23:40:00+00:00,3.282,0.6
boulder-141753,BOULDER / CARPENTER PARK2,boulder-carpenter-park,2023-09-22 03:26:00+00:00,0.0,0.016666666666666666
boulder-141756,BOULDER / CARPENTER PARK1,boulder-carpenter-park,2023-09-22 03:30:00+00:00,43.674,7.383333333333334
boulder-141804,BOULDER / CARPENTER PARK1,boulder-carpenter-park,2023-09-22 14:46:00+00:00,0.0,0.016666666666666666
boulder-141807,BOULDER / CARPENTER PARK1,boulder-carpenter-park,2023-09-22 14:47:00+00:00,4.575,0.7833333333333333
boulder-141850,BOULDER / CARPENTER PARK2,boulder-carpenter-park,2023-09-22 16:15:00+00:00,0.0,0.016666666666666666
boulder-141853,BOULDER / CARPENTER PARK2,boulder-carpenter-park,2023-09-22 16:16:00+00:00,0.0,0.016666666666666666
boulder-141856,BOULDER / CARPENTER PARK1,boulder-carpenter-park,2023-09-22 16:17:00+00:00,4.311,0.75
boulder-141903,BOULDER / CARPENTER PARK2,boulder-carpenter-park,2023-09-22 19:11:00+00:00,2.364,3.316666666666667
boulder-141942,BOULDER / CARPENTER PARK1,boulder-carpenter-park,2023-09-22 20:54:00+00:00,6.686,1.1666666666666667
boulder-141945,BOULDER / CARPENTER PARK1,boulder-carpenter-park,2023-09-22 20:55:00+00:00,2.008,1.3
boulder-141981,BOULDER / CARPENTER PARK1,boulder-carpenter-park,2023-09-22 22:39:00+00:00,6.691,1.15
boulder-141984,BOULDER / CARPENTER PARK2,boulder-carpenter-park,2023-09-22 22:40:00+00:00,0.0,0.016666666666666666
boulder-141986,BOULDER / CARPENTER PARK2,boulder-carpenter-park,2023-09-22 22:41:00+00:00,0.0,0.016666666666666666
boulder-141990,BOULDER / CARPENTER PARK2,boulder-carpenter-park,2023-09-22 22:42:00+00:00,10.878,2.7666666666666666
boulder-142022,BOULDER / CARPENTER PARK1,boulder-carpenter-park,2023-09-23 00:27:00+00:00,7.036,1.9166666666666667
boulder-142056,BOULDER / CARPENTER PARK2,boulder-carpenter-park,2023-09-23 13:32:00+00:00,26.638,4.416666666666667
boulder-142112,BOULDER / CARPENTER PARK2,boulder-carpenter-park,2023-09-23 15:27:00+00:00,0.0,0.016666666666666666
boulder-142114,BOULDER / CARPENTER PARK2,boulder-carpenter-park,2023-09-23 15:29:00+00:00,0.0,0.0
boulder-142153,BOULDER / CARPENTER PARK1,boulder-carpenter-park,2023-09-23 17:11:00+00:00,5.443,0.9333333333333333
boulder-142155,BOULDER / CARPENTER PARK1,boulder-carpenter-park,2023-09-23 17:15:00+00:00,6.272,2.6166666666666667
boulder-142192,BOULDER / CARPENTER PARK2,boulder-carpenter-park,2023-09-23 18:22:00+00:00,0.0,0.016666666666666666
boulder-142201,BOULDER / CARPENTER PARK1,boulder-carpenter-park,2023-09-23 19:00:00+00:00,9.434,1.6166666666666667
boulder-142282,BOULDER / CARPENTER PARK2,boulder-carpenter-park,2023-09-23 23:57:00+00:00,1.773,0.3
boulder-142294,BOULDER / CARPENTER PARK2,boulder-carpenter-park,2023-09-24 02:38:00+00:00,3.259,0.55
boulder-142365,BOULDER / CARPENTER PARK2,boulder-carpenter-park,2023-09-24 16:26:00+00:00,0.0,0.03333333333333333
boulder-142368,BOULDER / CARPENTER PARK2,boulder-carpenter-park,2023-09-24 16:29:00+00:00,4.162,0.7166666666666667
boulder-142388,BOULDER / CARPENTER PARK2,boulder-carpenter-park,2023-09-24 17:19:00+00:00,6.294,1.0833333333333333
boulder-142394,BOULDER / CARPENTER PARK1,boulder-carpenter-park,2023-09-24 17:28:00+00:00,5.391,2.466666666666667
boulder-142414,BOULDER / CARPENTER PARK2,boulder-carpenter-park,2023-09-24 18:50:00+00:00,0.0,0.016666666666666666
boulder-142420,BOULDER / CARPENTER PARK2,boulder-carpenter-park,2023-09-24 18:52:00+00:00,0.0,0.016666666666666666
boulder-142422,BOULDER / CARPENTER PARK1,boulder-carpenter-park,2023-09-24 18:54:00+00:00,0.0,0.03333333333333333
boulder-142424,BOULDER / CARPENTER PARK1,boulder-carpenter-park,2023-09-24 18:56:00+00:00,0.0,0.016666666666666666
boulder-142430,BOULDER / CARPENTER PARK1,boulder-carpenter-park,2023-09-24 19:05:00+00:00,0.0,0.016666666666666666
boulder-142433,BOULDER / CARPENTER PARK2,boulder-carpenter-park,2023-09-24 19:08:00+00:00,0.0,0.016666666666666666
boulder-142436,BOULDER / CARPENTER PARK2,boulder-carpenter-park,2023-09-24 19:09:00+00:00,5.754,1.0
boulder-142439,BOULDER / CARPENTER PARK1,boulder-carpenter-park,2023-09-24 19:11:00+00:00,8.295,3.1166666666666667
boulder-142483,BOULDER / CARPENTER PARK2,boulder-carpenter-park,2023-09-24 20:51:00+00:00,6.638,1.1166666666666667
boulder-142486,BOULDER / CARPENTER PARK1,boulder-carpenter-park,2023-09-24 20:51:00+00:00,0.0,0.03333333333333333
boulder-142492,BOULDER / CARPENTER PARK1,boulder-carpenter-park,2023-09-24 21:12:00+00:00,0.089,0.03333333333333333
boulder-142495,BOULDER / CARPENTER PARK1,boulder-carpenter-park,2023-09-24 21:16:00+00:00,5.778,2.933333333333333
boulder-142500,BOULDER / CARPENTER PARK2,boulder-carpenter-park,2023-09-24 21:27:00+00:00,0.0,0.016666666666666666
boulder-142503,BOULDER / CARPENTER PARK2,boulder-carpenter-park,2023-09-24 21:39:00+00:00,0.0,0.03333333333333333
boulder-142509,BOULDER / CARPENTER PARK2,boulder-carpenter-park,2023-09-24 21:41:00+00:00,0.0,0.0
boulder-142544,BOULDER / CARPENTER PARK2,boulder-carpenter-park,2023-09-24 23:13:00+00:00,14.535,4.266666666666667
boulder-142569,BOULDER / CARPENTER PARK1,boulder-carpenter-park,2023-09-25 00:13:00+00:00,3.218,1.3333333333333333
boulder-142571,BOULDER / CARPENTER PARK1,boulder-carpenter-park,2023-09-25 00:24:00+00:00,4.186,1.2333333333333334
boulder-142634,BOULDER / CARPENTER PARK2,boulder-carpenter-park,2023-09-25 14:18:00+00:00,11.494,4.816666666666666
boulder-142657,BOULDER / CARPENTER PARK1,boulder-carpenter-park,2023-09-25 15:03:00+00:00,0.0,0.016666666666666666
boulder-142659,BOULDER / CARPENTER PARK1,boulder-carpenter-park,2023-09-25 15:04:00+00:00,6.223,1.0666666666666667
boulder-142663,BOULDER / CARPENTER PARK1,boulder-carpenter-park,2023-09-25 15:34:00+00:00,13.164,7.45
boulder-142699,BOULDER / CARPENTER PARK1,boulder-carpenter-park,2023-09-25 18:17:00+00:00,21.635,3.7
boulder-142714,BOULDER / CARPENTER PARK2,boulder-carpenter-park,2023-09-25 20:32:00+00:00,0.06,0.016666666666666666
boulder-142715,BOULDER / CARPENTER PARK2,boulder-carpenter-park,2023-09-25 20:33:00+00:00,40.042,6.8
boulder-142723,BOULDER / CARPENTER PARK1,boulder-carpenter-park,2023-09-25 22:10:00+00:00,7.095,1.4333333333333333
boulder-142725,BOULDER / CARPENTER PARK2,boulder-carpenter-park,2023-09-25 22:30:00+00:00,0.0,0.0
boulder-142726,BOULDER / CARPENTER PARK2,boulder-carpenter-park,2023-09-25 22:31:00+00:00,0.0,0.0
boulder-142735,BOULDER / CARPENTER PARK1,boulder-carpenter-park,2023-09-25 23:38:00+00:00,0.672,0.13333333333333333
boulder-142758,BOULDER / CARPENTER PARK2,boulder-carpenter-park,2023-09-26 14:19:00+00:00,8.57,3.2666666666666666
boulder-142765,BOULDER / CARPENTER PARK1,boulder-carpenter-park,2023-09-26 14:43:00+00:00,5.796,1.0
boulder-142769,BOULDER / CARPENTER PARK1,boulder-carpenter-park,2023-09-26 15:16:00+00:00,35.061,6.05
boulder-142778,BOULDER / CARPENTER PARK2,boulder-carpenter-park,2023-09-26 18:11:00+00:00,0.0,0.03333333333333333
boulder-142779,BOULDER / CARPENTER PARK2,boulder-carpenter-park,2023-09-26 18:14:00+00:00,0.0,0.03333333333333333
boulder-142780,BOULDER / CARPENTER PARK1,boulder-carpenter-park,2023-09-26 18:18:00+00:00,0.0,0.03333333333333333
boulder-142791,BOULDER / CARPENTER PARK2,boulder-carpenter-park,2023-09-26 20:16:00+00:00,10.314,1.8
boulder-142797,BOULDER / CARPENTER PARK1,boulder-carpenter-park,2023-09-26 21:34:00+00:00,3.329,0.5666666666666667
boulder-142799,BOULDER / CARPENTER PARK1,boulder-carpenter-park,2023-09-26 21:50:00+00:00,2.747,0.4666666666666667
boulder-142801,BOULDER / CARPENTER PARK2,boulder-carpenter-park,2023-09-26 22:28:00+00:00,0.0,0.016666666666666666
boulder-142802,BOULDER / CARPENTER PARK2,boulder-carpenter-park,2023-09-26 22:30:00+00:00,1.75,1.1166666666666667
boulder-142813,BOULDER / CARPENTER PARK1,boulder-carpenter-park,2023-09-26 23:16:00+00:00,3.093,0.9666666666666667
boulder-142817,BOULDER / CARPENTER PARK2,boulder-carpenter-park,2023-09-26 23:41:00+00:00,6.873,1.15
boulder-142818,BOULDER / CARPENTER PARK1,boulder-carpenter-park,2023-09-26 23:46:00+00:00,0.0,0.0
boulder-142819,BOULDER / CARPENTER PARK1,boulder-carpenter-park,2023-09-26 23:47:00+00:00,0.0,0.0
boulder-142828,BOULDER / CARPENTER PARK2,boulder-carpenter-park,2023-09-27 01:16:00+00:00,7.098,4.116666666666666
boulder-142841,BOULDER / CARPENTER PARK2,boulder-carpenter-park,2023-09-27 14:30:00+00:00,0.0,0.016666666666666666
boulder-142842,BOULDER / CARPENTER PARK2,boulder-carpenter-park,2023-09-27 14:32:00+00:00,0.0,0.016666666666666666
boulder-142844,BOULDER / CARPENTER PARK2,boulder-carpenter-park,2023-09-27 14:34:00+00:00,41.444,7.066666666666666
boulder-142851,BOULDER / CARPENTER PARK1,boulder-carpenter-park,2023-09-27 15:05:00+00:00,25.506,4.333333333333333
boulder-142856,BOULDER / CARPENTER PARK1,boulder-carpenter-park,2023-09-27 16:19:00+00:00,4.242,1.3166666666666667
boulder-142865,BOULDER / CARPENTER PARK1,boulder-carpenter-park,2023-09-27 18:14:00+00:00,10.075,1.7833333333333334
boulder-142869,BOULDER / CARPENTER PARK1,boulder-carpenter-park,2023-09-27 19:57:00+00:00,0.0,0.0
boulder-142873,BOULDER / CARPENTER PARK1,boulder-carpenter-park,2023-09-27 20:22:00+00:00,12.441,2.15
boulder-142879,BOULDER / CARPENTER PARK1,boulder-carpenter-park,2023-09-27 21:32:00+00:00,4.623,1.85
boulder-142888,BOULDER / CARPENTER PARK2,boulder-carpenter-park,2023-09-27 22:56:00+00:00,10.519,2.7333333333333334
boulder-142893,BOULDER / CARPENTER PARK1,boulder-carpenter-park,2023-09-27 23:16:00+00:00,12.05,2.283333333333333
boulder-142916,BOULDER / CARPENTER PARK1,boulder-carpenter-park,2023-09-28 14:10:00+00:00,17.964,3.05
boulder-142917,BOULDER / CARPENTER PARK1,boulder-carpenter-park,2023-09-28 14:11:00+00:00,0.0,0.03333333333333333
boulder-142918,BOULDER / CARPENTER PARK2,boulder-carpenter-park,2023-09-28 14:14:00+00:00,0.0,0.016666666666666666
boulder-142919,BOULDER / CARPENTER PARK2,boulder-carpenter-park,2023-09-28 14:15:00+00:00,14.927,2.5166666666666666
boulder-142921,BOULDER / CARPENTER PARK1,boulder-carpenter-park,2023-09-28 14:19:00+00:00,17.859,3.1
boulder-142931,BOULDER / CARPENTER PARK2,boulder-carpenter-park,2023-09-28 15:24:00+00:00,0.603,0.16666666666666666
boulder-142948,BOULDER / CARPENTER PARK1,boulder-carpenter-park,2023-09-28 17:43:00+00:00,0.0,0.016666666666666666
boulder-142949,BOULDER / CARPENTER PARK1,boulder-carpenter-park,2023-09-28 17:44:00+00:00,0.0,0.0
boulder-142950,BOULDER / CARPENTER PARK1,boulder-carpenter-park,2023-09-28 17:44:00+00:00,0.0,0.016666666666666666
boulder-142951,BOULDER / CARPENTER PARK1,boulder-carpenter-park,2023-09-28 17:45:00+00:00,9.014,1.55
boulder-142961,BOULDER / CARPENTER PARK1,boulder-carpenter-park,2023-09-28 19:40:00+00:00,5.937,1.0333333333333334
boulder-142966,BOULDER / CARPENTER PARK2,boulder-carpenter-park,2023-09-28 19:54:00+00:00,3.744,0.65
boulder-142968,BOULDER / CARPENTER PARK1,boulder-carpenter-park,2023-09-28 19:58:00+00:00,10.312,3.2333333333333334
boulder-142972,BOULDER / CARPENTER PARK2,boulder-carpenter-park,2023-09-28 20:54:00+00:00,2.715,1.4
boulder-142979,BOULDER / CARPENTER PARK2,boulder-carpenter-park,2023-09-28 22:33:00+00:00,5.25,1.6333333333333333
boulder-142981,BOULDER / CARPENTER PARK1,boulder-carpenter-park,2023-09-28 22:42:00+00:00,0.0,0.016666666666666666
boulder-142982,BOULDER / CARPENTER PARK1,boulder-carpenter-park,2023-09-28 22:43:00+00:00,0.0,0.016666666666666666
boulder-142983,BOULDER / CARPENTER PARK1,boulder-carpenter-park,2023-09-28 22:44:00+00:00,8.831,3.0
boulder-143004,BOULDER / CARPENTER PARK2,boulder-carpenter-park,2023-09-29 01:27:00+00:00,50.747,11.883333333333333
boulder-143014,BOULDER / CARPENTER PARK2,boulder-carpenter-park,2023-09-29 13:19:00+00:00,5.303,1.65
boulder-143031,BOULDER / CARPENTER PARK1,boulder-carpenter-park,2023-09-29 14:55:00+00:00,2.469,3.8833333333333333
boulder-143043,BOULDER / CARPENTER PARK2,boulder-carpenter-park,2023-09-29 17:09:00+00:00,3.786,0.65
boulder-143046,BOULDER / CARPENTER PARK1,boulder-carpenter-park,2023-09-29 17:42:00+00:00,0.0,0.03333333333333333
boulder-143047,BOULDER / CARPENTER PARK2,boulder-carpenter-park,2023-09-29 17:43:00+00:00,0.0,0.016666666666666666
boulder-143048,BOULDER / CARPENTER PARK2,boulder-carpenter-park,2023-09-29 17:44:00+00:00,0.0,0.06666666666666667
boulder-143050,BOULDER / CARPENTER PARK1,boulder-carpenter-park,2023-09-29 17:46:00+00:00,0.0,0.03333333333333333
boulder-143051,BOULDER / CARPENTER PARK2,boulder-carpenter-park,2023-09-29 17:50:00+00:00,3.355,0.5833333333333334
boulder-143055,BOULDER / CARPENTER PARK2,boulder-carpenter-park,2023-09-29 18:13:00+00:00,0.0,0.016666666666666666
boulder-143063,BOULDER / CARPENTER PARK1,boulder-carpenter-park,2023-09-29 19:53:00+00:00,0.727,0.7166666666666667
boulder-143065,BOULDER / CARPENTER PARK2,boulder-carpenter-park,2023-09-29 20:09:00+00:00,5.214,2.05
boulder-143077,BOULDER / CARPENTER PARK1,boulder-carpenter-park,2023-09-29 23:01:00+00:00,14.354,2.45
boulder-143078,BOULDER / CARPENTER PARK2,boulder-carpenter-park,2023-09-29 23:02:00+00:00,22.887,3.7666666666666666
boulder-143088,BOULDER / CARPENTER PARK1,boulder-carpenter-park,2023-09-30 01:27:00+00:00,6.349,1.0666666666666667
boulder-143091,BOULDER / CARPENTER PARK1,boulder-carpenter-park,2023-09-30 03:31:00+00:00,50.12,8.5
boulder-143094,BOULDER / CARPENTER PARK1,boulder-carpenter-park,2023-09-30 13:18:00+00:00,0.0,0.016666666666666666
boulder-143095,BOULDER / CARPENTER PARK1,boulder-carpenter-park,2023-09-30 13:20:00+00:00,0.0,0.016666666666666666
boulder-143097,BOULDER / CARPENTER PARK2,boulder-carpenter-park,2023-09-30 13:29:00+00:00,0.307,0.06666666666666667
boulder-143098,BOULDER / CARPENTER PARK2,boulder-carpenter-park,2023-09-30 13:34:00+00:00,21.546,6.733333333333333
boulder-143103,BOULDER / CARPENTER PARK1,boulder-carpenter-park,2023-09-30 14:43:00+00:00,0.0,0.016666666666666666
boulder-143104,BOULDER / CARPENTER PARK1,boulder-carpenter-park,2023-09-30 14:44:00+00:00,9.181,5.95
boulder-143123,BOULDER / CARPENTER PARK2,boulder-carpenter-park,2023-09-30 16:34:00+00:00,2.497,6.05
boulder-143141,BOULDER / CARPENTER PARK1,boulder-carpenter-park,2023-09-30 19:57:00+00:00,0.462,2.216666666666667
boulder-143153,BOULDER / CARPENTER PARK2,boulder-carpenter-park,2023-09-30 21:37:00+00:00,13.42,2.783333333333333
boulder-143158,BOULDER / CARPENTER PARK1,boulder-carpenter-park,2023-09-30 22:33:00+00:00,0.0,0.016666666666666666
boulder-143159,BOULDER / CARPENTER PARK1,boulder-carpenter-park,2023-09-30 22:39:00+00:00,0.0,0.016666666666666666
boulder-143165,BOULDER / CARPENTER PARK1,boulder-carpenter-park,2023-09-30 23:26:00+00:00,2.622,0.8166666666666667
boulder-143188,BOULDER / CARPENTER PARK1,boulder-carpenter-park,2023-10-01 17:07:00+00:00,0.0,0.95
boulder-143200,BOULDER / CARPENTER PARK2,boulder-carpenter-park,2023-10-01 18:28:00+00:00,0.0,0.016666666666666666
boulder-143224,BOULDER / CARPENTER PARK2,boulder-carpenter-park,2023-10-01 18:29:00+00:00,14.997,2.5833333333333335
boulder-143746,BOULDER / CARPENTER PARK1,boulder-carpenter-park,2023-10-01 19:39:00+00:00,0.0,0.03333333333333333
boulder-143752,BOULDER / CARPENTER PARK1,boulder-carpenter-park,2023-10-01 19:41:00+00:00,0.0,0.03333333333333333
boulder-143755,BOULDER / CARPENTER PARK1,boulder-carpenter-park,2023-10-01 19:43:00+00:00,1.355,1.8833333333333333
boulder-143767,BOULDER / CARPENTER PARK2,boulder-carpenter-park,2023-10-01 19:58:00+00:00,0.0,0.03333333333333333
boulder-143770,BOULDER / CARPENTER PARK2,boulder-carpenter-park,2023-10-01 20:00:00+00:00,0.0,0.08333333333333333
boulder-143776,BOULDER / CARPENTER PARK1,boulder-carpenter-park,2023-10-01 20:07:00+00:00,15.404,3.1
boulder-143803,BOULDER / CARPENTER PARK2,boulder-carpenter-park,2023-10-01 21:37:00+00:00,8.638,1.55
boulder-143851,BOULDER / CARPENTER PARK1,boulder-carpenter-park,2023-10-02 00:18:00+00:00,4.765,0.8166666666666667
boulder-143884,BOULDER / CARPENTER PARK1,boulder-carpenter-park,2023-10-02 13:57:00+00:00,1.087,0.8166666666666667
boulder-143902,BOULDER / CARPENTER PARK2,boulder-carpenter-park,2023-10-02 15:41:00+00:00,2.346,3.783333333333333
boulder-143912,BOULDER / CARPENTER PARK1,boulder-carpenter-park,2023-10-02 18:39:00+00:00,0.0,0.05
boulder-143913,BOULDER / CARPENTER PARK1,boulder-carpenter-park,2023-10-02 18:42:00+00:00,6.512,1.5333333333333334
boulder-143915,BOULDER / CARPENTER PARK1,boulder-carpenter-park,2023-10-02 19:25:00+00:00,0.0,0.0
boulder-143916,BOULDER / CARPENTER PARK2,boulder-carpenter-park,2023-10-02 19:27:00+00:00,0.0,0.15
boulder-143923,BOULDER / CARPENTER PARK1,boulder-carpenter-park,2023-10-02 22:02:00+00:00,0.0,0.016666666666666666
boulder-143924,BOULDER / CARPENTER PARK2,boulder-carpenter-park,2023-10-02 22:06:00+00:00,22.528,3.783333333333333
boulder-143925,BOULDER / CARPENTER PARK1,boulder-carpenter-park,2023-10-02 22:18:00+00:00,7.153,1.2166666666666666
boulder-143931,BOULDER / CARPENTER PARK1,boulder-carpenter-park,2023-10-02 23:54:00+00:00,0.0,0.0
boulder-143932,BOULDER / CARPENTER PARK1,boulder-carpenter-park,2023-10-02 23:55:00+00:00,10.142,1.8166666666666667
boulder-143949,BOULDER / CARPENTER PARK1,boulder-carpenter-park,2023-10-03 14:12:00+00:00,23.596,3.9833333333333334
boulder-143952,BOULDER / CARPENTER PARK2,boulder-carpenter-park,2023-10-03 14:16:00+00:00,0.0,0.016666666666666666
boulder-143953,BOULDER / CARPENTER PARK1,boulder-carpenter-park,2023-10-03 14:17:00+00:00,13.88,2.3833333333333333
boulder-143976,BOULDER / CARPENTER PARK1,boulder-carpenter-park,2023-10-03 17:56:00+00:00,12.114,3.1666666666666665
boulder-143979,BOULDER / CARPENTER PARK2,boulder-carpenter-park,2023-10-03 18:27:00+00:00,0.0,0.016666666666666666
boulder-143992,BOULDER / CARPENTER PARK2,boulder-carpenter-park,2023-10-03 21:08:00+00:00,0.0,0.03333333333333333
boulder-143993,BOULDER / CARPENTER PARK2,boulder-carpenter-park,2023-10-03 21:10:00+00:00,0.0,0.016666666666666666
boulder-143994,BOULDER / CARPENTER PARK2,boulder-carpenter-park,2023-10-03 21:11:00+00:00,2.741,0.48333333333333334
boulder-143997,BOULDER / CARPENTER PARK1,boulder-carpenter-park,2023-10-03 21:37:00+00:00,0.0,0.016666666666666666
boulder-143998,BOULDER / CARPENTER PARK1,boulder-carpenter-park,2023-10-03 21:40:00+00:00,13.597,2.933333333333333
boulder-144013,BOULDER / CARPENTER PARK2,boulder-carpenter-park,2023-10-03 23:45:00+00:00,0.0,0.016666666666666666
boulder-144014,BOULDER / CARPENTER PARK2,boulder-carpenter-park,2023-10-03 23:46:00+00:00,17.594,13.333333333333334
boulder-144034,BOULDER / CARPENTER PARK2,boulder-carpenter-park,2023-10-04 14:36:00+00:00,9.405,9.233333333333333
boulder-144043,BOULDER / CARPENTER PARK1,boulder-carpenter-park,2023-10-04 15:03:00+00:00,44.11,8.7
boulder-144050,BOULDER / CARPENTER PARK1,boulder-carpenter-park,2023-10-04 16:00:00+00:00,0.0,0.016666666666666666
boulder-144051,BOULDER / CARPENTER PARK1,boulder-carpenter-park,2023-10-04 16:01:00+00:00,0.0,0.03333333333333333
boulder-144052,BOULDER / CARPENTER PARK2,boulder-carpenter-park,2023-10-04 16:03:00+00:00,0.0,0.016666666666666666
boulder-144053,BOULDER / CARPENTER PARK2,boulder-carpenter-park,2023-10-04 16:04:00+00:00,0.0,0.03333333333333333
boulder-144054,BOULDER / CARPENTER PARK1,boulder-carpenter-park,2023-10-04 16:10:00+00:00,15.885,2.716666666666667
boulder-144069,BOULDER / CARPENTER PARK1,boulder-carpenter-park,2023-10-04 19:55:00+00:00,0.0,0.06666666666666667
boulder-144091,BOULDER / CARPENTER PARK1,boulder-carpenter-park,2023-10-04 23:11:00+00:00,24.815,4.133333333333334
boulder-144093,BOULDER / CARPENTER PARK2,boulder-carpenter-park,2023-10-04 23:36:00+00:00,0.0,0.0
boulder-144094,BOULDER / CARPENTER PARK1,boulder-carpenter-park,2023-10-04 23:48:00+00:00,5.118,0.8833333333333333
boulder-144096,BOULDER / CARPENTER PARK2,boulder-carpenter-park,2023-10-05 00:05:00+00:00,7.326,2.6166666666666667
boulder-144099,BOULDER / CARPENTER PARK2,boulder-carpenter-park,2023-10-05 00:16:00+00:00,0.0,0.05
boulder-144100,BOULDER / CARPENTER PARK2,boulder-carpenter-park,2023-10-05 00:19:00+00:00,0.0,0.016666666666666666
boulder-144123,BOULDER / CARPENTER PARK1,boulder-carpenter-park,2023-10-05 14:17:00+00:00,21.105,3.5833333333333335
boulder-144127,BOULDER / CARPENTER PARK1,boulder-carpenter-park,2023-10-05 14:26:00+00:00,31.405,5.416666666666667
boulder-144154,BOULDER / CARPENTER PARK2,boulder-carpenter-park,2023-10-05 19:18:00+00:00,3.138,0.5666666666666667
boulder-144169,BOULDER / CARPENTER PARK2,boulder-carpenter-park,2023-10-05 22:26:00+00:00,12.965,2.2666666666666666
boulder-144178,BOULDER / CARPENTER PARK1,boulder-carpenter-park,2023-10-06 00:07:00+00:00,0.0,3.15
boulder-144179,BOULDER / CARPENTER PARK1,boulder-carpenter-park,2023-10-06 00:22:00+00:00,27.837,4.733333333333333
boulder-144186,BOULDER / CARPENTER PARK2,boulder-carpenter-park,2023-10-06 02:41:00+00:00,8.21,1.4
boulder-144200,BOULDER / CARPENTER PARK2,boulder-carpenter-park,2023-10-06 13:54:00+00:00,50.594,8.9
boulder-144205,BOULDER / CARPENTER PARK1,boulder-carpenter-park,2023-10-06 14:38:00+00:00,0.0,0.016666666666666666
boulder-144207,BOULDER / CARPENTER PARK1,boulder-carpenter-park,2023-10-06 14:39:00+00:00,7.717,1.8833333333333333
boulder-144222,BOULDER / CARPENTER PARK1,boulder-carpenter-park,2023-10-06 16:50:00+00:00,5.034,1.7166666666666666
boulder-144251,BOULDER / CARPENTER PARK1,boulder-carpenter-park,2023-10-06 22:28:00+00:00,0.0,0.016666666666666666
boulder-144252,BOULDER / CARPENTER PARK1,boulder-carpenter-park,2023-10-06 22:30:00+00:00,2.387,0.43333333333333335
boulder-144258,BOULDER / CARPENTER PARK1,boulder-carpenter-park,2023-10-06 23:13:00+00:00,0.0,0.03333333333333333
boulder-144259,BOULDER / CARPENTER PARK1,boulder-carpenter-park,2023-10-06 23:16:00+00:00,0.0,0.03333333333333333
boulder-144269,BOULDER / CARPENTER PARK2,boulder-carpenter-park,2023-10-07 00:27:00+00:00,7.277,2.7
boulder-144298,BOULDER / CARPENTER PARK2,boulder-carpenter-park,2023-10-07 15:56:00+00:00,4.235,0.7333333333333333
boulder-144303,BOULDER / CARPENTER PARK1,boulder-carpenter-park,2023-10-07 16:34:00+00:00,21.616,3.7333333333333334
boulder-144310,BOULDER / CARPENTER PARK2,boulder-carpenter-park,2023-10-07 17:39:00+00:00,3.895,0.6833333333333333
boulder-144318,BOULDER / CARPENTER PARK1,boulder-carpenter-park,2023-10-07 18:27:00+00:00,0.0,0.016666666666666666
boulder-144320,BOULDER / CARPENTER PARK2,boulder-carpenter-park,2023-10-07 18:32:00+00:00,4.191,0.7166666666666667
boulder-143211,BOULDER / CARPENTER PARK2,boulder-carpenter-park,2023-10-07 20:12:00+00:00,0.0,0.03333333333333333
boulder-143214,BOULDER / CARPENTER PARK2,boulder-carpenter-park,2023-10-07 20:36:00+00:00,11.754,2.0166666666666666
boulder-143745,BOULDER / CARPENTER PARK1,boulder-carpenter-park,2023-10-08 00:00:00+00:00,15.21,4.016666666666667
boulder-143748,BOULDER / CARPENTER PARK2,boulder-carpenter-park,2023-10-08 00:18:00+00:00,0.0,0.016666666666666666
boulder-143751,BOULDER / CARPENTER PARK2,boulder-carpenter-park,2023-10-08 00:19:00+00:00,0.0,0.0
boulder-143759,BOULDER / CARPENTER PARK2,boulder-carpenter-park,2023-10-08 01:27:00+00:00,8.835,1.45
boulder-143820,BOULDER / CARPENTER PARK2,boulder-carpenter-park,2023-10-08 15:22:00+00:00,0.0,0.0
boulder-143823,BOULDER / CARPENTER PARK2,boulder-carpenter-park,2023-10-08 15:23:00+00:00,16.267,5.45
boulder-143841,BOULDER / CARPENTER PARK1,boulder-carpenter-park,2023-10-08 16:43:00+00:00,33.941,5.8
boulder-144331,BOULDER / CARPENTER PARK1,boulder-carpenter-park,2023-10-08 19:05:00+00:00,0.0,0.0
boulder-144333,BOULDER / CARPENTER PARK1,boulder-carpenter-park,2023-10-08 19:05:00+00:00,13.711,4.166666666666667
boulder-144335,BOULDER / CARPENTER PARK2,boulder-carpenter-park,2023-10-08 19:07:00+00:00,0.0,1.7333333333333334
boulder-144363,BOULDER / CARPENTER PARK2,boulder-carpenter-park,2023-10-08 20:52:00+00:00,1.91,0.3333333333333333
boulder-144369,BOULDER / CARPENTER PARK2,boulder-carpenter-park,2023-10-08 21:57:00+00:00,4.195,0.7166666666666667
boulder-144393,BOULDER / CARPENTER PARK1,boulder-carpenter-park,2023-10-09 00:36:00+00:00,3.423,0.6166666666666667
boulder-144419,BOULDER / CARPENTER PARK1,boulder-carpenter-park,2023-10-09 13:08:00+00:00,11.351,1.9166666666666667
boulder-144436,BOULDER / CARPENTER PARK1,boulder-carpenter-park,2023-10-09 14:42:00+00:00,0.658,2.85
boulder-144472,BOULDER / CARPENTER PARK1,boulder-carpenter-park,2023-10-09 17:07:00+00:00,0.0,0.03333333333333333
boulder-144473,BOULDER / CARPENTER PARK2,boulder-carpenter-park,2023-10-09 17:08:00+00:00,0.0,0.016666666666666666
boulder-144475,BOULDER / CARPENTER PARK2,boulder-carpenter-park,2023-10-09 17:09:00+00:00,15.472,4.466666666666667
boulder-144479,BOULDER / CARPENTER PARK1,boulder-carpenter-park,2023-10-09 17:11:00+00:00,0.0,0.03333333333333333
boulder-144498,BOULDER / CARPENTER PARK1,boulder-carpenter-park,2023-10-09 18:16:00+00:00,13.862,4.166666666666667
boulder-144512,BOULDER / CARPENTER PARK1,boulder-carpenter-park,2023-10-09 20:24:00+00:00,0.0,0.03333333333333333
boulder-144568,BOULDER / CARPENTER PARK2,boulder-carpenter-park,2023-10-10 12:41:00+00:00,31.078,5.4
boulder-144593,BOULDER / CARPENTER PARK1,boulder-carpenter-park,2023-10-10 14:16:00+00:00,26.79,4.583333333333333
boulder-144597,BOULDER / CARPENTER PARK1,boulder-carpenter-park,2023-10-10 14:33:00+00:00,30.497,6.25
boulder-144684,BOULDER / CARPENTER PARK2,boulder-carpenter-park,2023-10-10 20:24:00+00:00,12.808,4.483333333333333
boulder-144689,BOULDER / CARPENTER PARK1,boulder-carpenter-park,2023-10-10 21:02:00+00:00,11.296,4.416666666666667
boulder-144718,BOULDER / CARPENTER PARK1,boulder-carpenter-park,2023-10-11 00:04:00+00:00,0.0,0.016666666666666666
boulder-144720,BOULDER / CARPENTER PARK2,boulder-carpenter-park,2023-10-11 00:06:00+00:00,0.0,0.016666666666666666
boulder-144795,BOULDER / CARPENTER PARK2,boulder-carpenter-park,2023-10-11 16:24:00+00:00,10.423,3.35
boulder-144799,BOULDER / CARPENTER PARK1,boulder-carpenter-park,2023-10-11 17:01:00+00:00,13.184,3.7
boulder-144836,BOULDER / CARPENTER PARK1,boulder-carpenter-park,2023-10-11 19:45:00+00:00,0.0,0.0
boulder-144838,BOULDER / CARPENTER PARK2,boulder-carpenter-park,2023-10-11 19:46:00+00:00,0.0,0.016666666666666666
boulder-144840,BOULDER / CARPENTER PARK2,boulder-carpenter-park,2023-10-11 19:47:00+00:00,13.796,4.933333333333334
boulder-144868,BOULDER / CARPENTER PARK1,boulder-carpenter-park,2023-10-11 23:49:00+00:00,5.421,1.45
boulder-144883,BOULDER / CARPENTER PARK2,boulder-carpenter-park,2023-10-12 13:00:00+00:00,16.013,2.65
boulder-144934,BOULDER / CARPENTER PARK1,boulder-carpenter-park,2023-10-12 16:07:00+00:00,0.0,0.016666666666666666
boulder-144938,BOULDER / CARPENTER PARK1,boulder-carpenter-park,2023-10-12 16:10:00+00:00,0.0,0.03333333333333333
boulder-144945,BOULDER / CARPENTER PARK1,boulder-carpenter-park,2023-10-12 16:31:00+00:00,0.0,0.03333333333333333
boulder-144947,BOULDER / CARPENTER PARK2,boulder-carpenter-park,2023-10-12 16:34:00+00:00,2.03,0.6333333333333333
boulder-144993,BOULDER / CARPENTER PARK1,boulder-carpenter-park,2023-10-12 22:05:00+00:00,33.04,5.583333333333333
boulder-145018,BOULDER / CARPENTER PARK2,boulder-carpenter-park,2023-10-13 00:12:00+00:00,2.171,0.38333333333333336
boulder-145090,BOULDER / CARPENTER PARK1,boulder-carpenter-park,2023-10-13 15:15:00+00:00,0.0,0.0
boulder-145094,BOULDER / CARPENTER PARK2,boulder-carpenter-park,2023-10-13 15:30:00+00:00,10.513,4.666666666666667
boulder-145126,BOULDER / CARPENTER PARK1,boulder-carpenter-park,2023-10-13 17:19:00+00:00,17.688,2.966666666666667
boulder-145131,BOULDER / CARPENTER PARK1,boulder-carpenter-park,2023-10-13 17:32:00+00:00,0.0,0.03333333333333333
boulder-145132,BOULDER / CARPENTER PARK1,boulder-carpenter-park,2023-10-13 17:37:00+00:00,0.0,0.03333333333333333
boulder-145139,BOULDER / CARPENTER PARK1,boulder-carpenter-park,2023-10-13 18:11:00+00:00,17.072,2.9
boulder-145164,BOULDER / CARPENTER PARK2,boulder-carpenter-park,2023-10-13 19:24:00+00:00,0.0,0.0
boulder-143196,BOULDER / CARPENTER PARK1,boulder-carpenter-park,2023-10-13 22:24:00+00:00,0.0,0.03333333333333333
boulder-143199,BOULDER / CARPENTER PARK1,boulder-carpenter-park,2023-10-13 22:25:00+00:00,0.0,0.03333333333333333
boulder-143225,BOULDER / CARPENTER PARK2,boulder-carpenter-park,2023-10-13 22:28:00+00:00,2.595,0.8333333333333334
boulder-143231,BOULDER / CARPENTER PARK1,boulder-carpenter-park,2023-10-13 23:03:00+00:00,34.558,7.616666666666666
boulder-143232,BOULDER / CARPENTER PARK1,boulder-carpenter-park,2023-10-13 23:03:00+00:00,3.827,1.4166666666666667
boulder-143246,BOULDER / CARPENTER PARK2,boulder-carpenter-park,2023-10-13 23:38:00+00:00,0.0,0.016666666666666666
boulder-143250,BOULDER / CARPENTER PARK2,boulder-carpenter-park,2023-10-13 23:40:00+00:00,8.393,1.4166666666666667
boulder-143256,BOULDER / CARPENTER PARK1,boulder-carpenter-park,2023-10-14 00:37:00+00:00,0.0,0.03333333333333333
boulder-143257,BOULDER / CARPENTER PARK1,boulder-carpenter-park,2023-10-14 00:39:00+00:00,0.0,0.03333333333333333
boulder-143260,BOULDER / CARPENTER PARK1,boulder-carpenter-park,2023-10-14 00:42:00+00:00,0.0,0.016666666666666666
boulder-143262,BOULDER / CARPENTER PARK2,boulder-carpenter-park,2023-10-14 01:06:00+00:00,29.972,5.35
boulder-143265,BOULDER / CARPENTER PARK1,boulder-carpenter-park,2023-10-14 01:38:00+00:00,0.0,0.016666666666666666
boulder-143266,BOULDER / CARPENTER PARK2,boulder-carpenter-park,2023-10-14 01:40:00+00:00,0.0,0.016666666666666666
boulder-143304,BOULDER / CARPENTER PARK2,boulder-carpenter-park,2023-10-14 18:07:00+00:00,3.768,0.6333333333333333
boulder-143308,BOULDER / CARPENTER PARK1,boulder-carpenter-park,2023-10-14 18:59:00+00:00,0.0,0.03333333333333333
boulder-143309,BOULDER / CARPENTER PARK1,boulder-carpenter-park,2023-10-14 19:02:00+00:00,0.0,0.0
boulder-143310,BOULDER / CARPENTER PARK1,boulder-carpenter-park,2023-10-14 19:03:00+00:00,0.0,0.03333333333333333
boulder-143312,BOULDER / CARPENTER PARK1,boulder-carpenter-park,2023-10-14 19:05:00+00:00,0.0,0.03333333333333333
boulder-143313,BOULDER / CARPENTER PARK2,boulder-carpenter-park,2023-10-14 19:06:00+00:00,0.0,0.03333333333333333
boulder-143314,BOULDER / CARPENTER PARK1,boulder-carpenter-park,2023-10-14 19:07:00+00:00,0.0,0.08333333333333333
boulder-143315,BOULDER / CARPENTER PARK2,boulder-carpenter-park,2023-10-14 19:08:00+00:00,11.014,1.9166666666666667
boulder-143317,BOULDER / CARPENTER PARK2,boulder-carpenter-park,2023-10-14 19:13:00+00:00,0.0,0.03333333333333333
boulder-143318,BOULDER / CARPENTER PARK1,boulder-carpenter-park,2023-10-14 19:14:00+00:00,0.0,0.03333333333333333
boulder-143319,BOULDER / CARPENTER PARK2,boulder-carpenter-park,2023-10-14 19:16:00+00:00,0.0,0.016666666666666666
boulder-143333,BOULDER / CARPENTER PARK2,boulder-carpenter-park,2023-10-14 21:05:00+00:00,0.903,0.21666666666666667
boulder-143356,BOULDER / CARPENTER PARK2,boulder-carpenter-park,2023-10-15 00:08:00+00:00,7.99,4.95
boulder-143357,BOULDER / CARPENTER PARK1,boulder-carpenter-park,2023-10-15 00:24:00+00:00,1.828,0.31666666666666665
boulder-143361,BOULDER / CARPENTER PARK1,boulder-carpenter-park,2023-10-15 01:34:00+00:00,11.798,2.7333333333333334
boulder-143375,BOULDER / CARPENTER PARK1,boulder-carpenter-park,2023-10-15 14:56:00+00:00,19.857,3.3333333333333335
boulder-143388,BOULDER / CARPENTER PARK1,boulder-carpenter-park,2023-10-15 17:56:00+00:00,0.0,0.03333333333333333
boulder-143392,BOULDER / CARPENTER PARK1,boulder-carpenter-park,2023-10-15 17:58:00+00:00,0.0,0.05
boulder-143405,BOULDER / CARPENTER PARK1,boulder-carpenter-park,2023-10-15 19:30:00+00:00,6.939,2.183333333333333
boulder-143421,BOULDER / CARPENTER PARK2,boulder-carpenter-park,2023-10-15 21:37:00+00:00,0.0,0.016666666666666666
boulder-143422,BOULDER / CARPENTER PARK2,boulder-carpenter-park,2023-10-15 21:39:00+00:00,4.935,0.8333333333333334
boulder-143428,BOULDER / CARPENTER PARK1,boulder-carpenter-park,2023-10-15 22:15:00+00:00,0.005,0.016666666666666666
boulder-143458,BOULDER / CARPENTER PARK2,boulder-carpenter-park,2023-10-16 14:42:00+00:00,13.919,8.4
boulder-143473,BOULDER / CARPENTER PARK1,boulder-carpenter-park,2023-10-16 16:35:00+00:00,16.481,2.8
boulder-143476,BOULDER / CARPENTER PARK1,boulder-carpenter-park,2023-10-16 17:08:00+00:00,3.223,0.95
boulder-143477,BOULDER / CARPENTER PARK1,boulder-carpenter-park,2023-10-16 17:08:00+00:00,0.0,0.0
boulder-143497,BOULDER / CARPENTER PARK1,boulder-carpenter-park,2023-10-16 21:18:00+00:00,0.886,0.5166666666666667
boulder-143505,BOULDER / CARPENTER PARK1,boulder-carpenter-park,2023-10-16 22:38:00+00:00,8.196,1.5333333333333334
boulder-143509,BOULDER / CARPENTER PARK1,boulder-carpenter-park,2023-10-16 23:17:00+00:00,25.607,4.3
boulder-143510,BOULDER / CARPENTER PARK2,boulder-carpenter-park,2023-10-16 23:18:00+00:00,13.311,4.383333333333334
boulder-143520,BOULDER / CARPENTER PARK1,boulder-carpenter-park,2023-10-17 00:46:00+00:00,6.143,2.65
boulder-143527,BOULDER / CARPENTER PARK1,boulder-carpenter-park,2023-10-17 07:46:00+00:00,0.0,0.03333333333333333
boulder-143528,BOULDER / CARPENTER PARK2,boulder-carpenter-park,2023-10-17 07:48:00+00:00,29.67,5.016666666666667
boulder-143533,BOULDER / CARPENTER PARK1,boulder-carpenter-park,2023-10-17 12:46:00+00:00,25.42,4.266666666666667
boulder-143551,BOULDER / CARPENTER PARK1,boulder-carpenter-park,2023-10-17 14:31:00+00:00,37.2,6.433333333333334
boulder-143564,BOULDER / CARPENTER PARK2,boulder-carpenter-park,2023-10-17 16:21:00+00:00,17.304,2.9
boulder-143572,BOULDER / CARPENTER PARK1,boulder-carpenter-park,2023-10-17 17:35:00+00:00,17.446,2.95
boulder-143578,BOULDER / CARPENTER PARK2,boulder-carpenter-park,2023-10-17 18:33:00+00:00,0.0,0.35
boulder-143580,BOULDER / CARPENTER PARK2,boulder-carpenter-park,2023-10-17 18:56:00+00:00,10.579,3.216666666666667
boulder-143613,BOULDER / CARPENTER PARK2,boulder-carpenter-park,2023-10-18 00:00:00+00:00,10.37,1.8166666666666667
boulder-143616,BOULDER / CARPENTER PARK1,boulder-carpenter-park,2023-10-18 00:45:00+00:00,11.215,1.95
boulder-143639,BOULDER / CARPENTER PARK1,boulder-carpenter-park,2023-10-18 14:10:00+00:00,20.097,3.3666666666666667
boulder-143640,BOULDER / CARPENTER PARK1,boulder-carpenter-park,2023-10-18 14:22:00+00:00,3.296,1.1333333333333333
boulder-143658,BOULDER / CARPENTER PARK2,boulder-carpenter-park,2023-10-18 16:39:00+00:00,1.731,1.4833333333333334
boulder-143669,BOULDER / CARPENTER PARK1,boulder-carpenter-park,2023-10-18 18:04:00+00:00,8.478,2.5833333333333335
boulder-143673,BOULDER / CARPENTER PARK2,boulder-carpenter-park,2023-10-18 18:56:00+00:00,0.0,0.016666666666666666
boulder-143674,BOULDER / CARPENTER PARK2,boulder-carpenter-park,2023-10-18 18:57:00+00:00,0.0,0.0
boulder-143675,BOULDER / CARPENTER PARK2,boulder-carpenter-park,2023-10-18 18:58:00+00:00,11.617,2.9166666666666665
boulder-143681,BOULDER / CARPENTER PARK1,boulder-carpenter-park,2023-10-18 19:37:00+00:00,16.81,6.45
boulder-143691,BOULDER / CARPENTER PARK2,boulder-carpenter-park,2023-10-18 21:12:00+00:00,0.0,1.05
boulder-143700,BOULDER / CARPENTER PARK2,boulder-carpenter-park,2023-10-18 22:37:00+00:00,0.0,0.0
boulder-143702,BOULDER / CARPENTER PARK2,boulder-carpenter-park,2023-10-18 22:53:00+00:00,10.201,5.083333333333333
boulder-143712,BOULDER / CARPENTER PARK1,boulder-carpenter-park,2023-10-19 01:28:00+00:00,10.172,2.1666666666666665
boulder-143718,BOULDER / CARPENTER PARK1,boulder-carpenter-park,2023-10-19 11:47:00+00:00,0.038,0.016666666666666666
boulder-143719,BOULDER / CARPENTER PARK1,boulder-carpenter-park,2023-10-19 11:49:00+00:00,0.0,0.016666666666666666
boulder-143720,BOULDER / CARPENTER PARK1,boulder-carpenter-park,2023-10-19 11:49:00+00:00,0.029,0.016666666666666666
boulder-143721,BOULDER / CARPENTER PARK1,boulder-carpenter-park,2023-10-19 11:51:00+00:00,0.0,0.03333333333333333
boulder-143722,BOULDER / CARPENTER PARK2,boulder-carpenter-park,2023-10-19 11:51:00+00:00,0.0,0.016666666666666666
boulder-143723,BOULDER / CARPENTER PARK2,boulder-carpenter-park,2023-10-19 11:53:00+00:00,22.918,3.8833333333333333
boulder-143737,BOULDER / CARPENTER PARK2,boulder-carpenter-park,2023-10-19 14:21:00+00:00,10.741,3.316666666666667
boulder-143778,BOULDER / CARPENTER PARK1,boulder-carpenter-park,2023-10-19 16:28:00+00:00,32.604,5.833333333333333
boulder-143801,BOULDER / CARPENTER PARK1,boulder-carpenter-park,2023-10-19 17:12:00+00:00,3.102,0.55
boulder-144340,BOULDER / CARPENTER PARK2,boulder-carpenter-park,2023-10-19 21:40:00+00:00,2.264,0.7166666666666667
boulder-144354,BOULDER / CARPENTER PARK1,boulder-carpenter-park,2023-10-19 22:37:00+00:00,1.343,0.23333333333333334
boulder-144364,BOULDER / CARPENTER PARK1,boulder-carpenter-park,2023-10-19 22:50:00+00:00,4.126,1.4166666666666667
boulder-144379,BOULDER / CARPENTER PARK1,boulder-carpenter-park,2023-10-20 00:01:00+00:00,6.39,3.216666666666667
boulder-144404,BOULDER / CARPENTER PARK2,boulder-carpenter-park,2023-10-20 01:28:00+00:00,0.0,0.05
boulder-144406,BOULDER / CARPENTER PARK2,boulder-carpenter-park,2023-10-20 01:31:00+00:00,0.0,0.016666666666666666
boulder-144408,BOULDER / CARPENTER PARK2,boulder-carpenter-park,2023-10-20 01:32:00+00:00,52.011,11.983333333333333
boulder-144410,BOULDER / CARPENTER PARK1,boulder-carpenter-park,2023-10-20 01:41:00+00:00,2.538,0.8666666666666667
boulder-144452,BOULDER / CARPENTER PARK2,boulder-carpenter-park,2023-10-20 14:35:00+00:00,0.0,0.016666666666666666
boulder-144454,BOULDER / CARPENTER PARK2,boulder-carpenter-park,2023-10-20 14:36:00+00:00,8.253,3.4833333333333334
boulder-144465,BOULDER / CARPENTER PARK1,boulder-carpenter-park,2023-10-20 15:25:00+00:00,11.244,3.6166666666666667
boulder-144523,BOULDER / CARPENTER PARK2,boulder-carpenter-park,2023-10-20 18:11:00+00:00,11.499,2.4
boulder-144543,BOULDER / CARPENTER PARK2,boulder-carpenter-park,2023-10-20 19:38:00+00:00,0.0,0.016666666666666666
boulder-144550,BOULDER / CARPENTER PARK1,boulder-carpenter-park,2023-10-20 20:42:00+00:00,8.219,1.5666666666666667
boulder-144552,BOULDER / CARPENTER PARK2,boulder-carpenter-park,2023-10-20 20:47:00+00:00,8.526,2.6
boulder-144554,BOULDER / CARPENTER PARK1,boulder-carpenter-park,2023-10-20 20:48:00+00:00,10.961,1.85
boulder-144592,BOULDER / CARPENTER PARK2,boulder-carpenter-park,2023-10-20 23:39:00+00:00,1.315,0.21666666666666667
boulder-144699,BOULDER / CARPENTER PARK1,boulder-carpenter-park,2023-10-21 19:32:00+00:00,21.371,3.5833333333333335
boulder-144733,BOULDER / CARPENTER PARK2,boulder-carpenter-park,2023-10-21 22:59:00+00:00,20.79,3.4833333333333334
boulder-144746,BOULDER / CARPENTER PARK1,boulder-carpenter-park,2023-10-22 00:12:00+00:00,14.98,3.65
boulder-144768,BOULDER / CARPENTER PARK1,boulder-carpenter-park,2023-10-22 02:22:00+00:00,21.444,3.55
boulder-144773,BOULDER / CARPENTER PARK2,boulder-carpenter-park,2023-10-22 03:16:00+00:00,0.077,0.016666666666666666
boulder-144775,BOULDER / CARPENTER PARK2,boulder-carpenter-park,2023-10-22 03:20:00+00:00,48.193,11.816666666666666
boulder-144806,BOULDER / CARPENTER PARK1,boulder-carpenter-park,2023-10-22 15:00:00+00:00,4.733,0.8333333333333334
boulder-144808,BOULDER / CARPENTER PARK1,boulder-carpenter-park,2023-10-22 15:07:00+00:00,0.0,0.016666666666666666
boulder-144810,BOULDER / CARPENTER PARK2,boulder-carpenter-park,2023-10-22 15:09:00+00:00,2.74,0.4666666666666667
boulder-144827,BOULDER / CARPENTER PARK2,boulder-carpenter-park,2023-10-22 17:00:00+00:00,0.0,0.03333333333333333
boulder-144829,BOULDER / CARPENTER PARK2,boulder-carpenter-park,2023-10-22 17:02:00+00:00,6.556,1.5333333333333334
boulder-144903,BOULDER / CARPENTER PARK1,boulder-carpenter-park,2023-10-22 21:02:00+00:00,0.0,0.03333333333333333
boulder-144905,BOULDER / CARPENTER PARK1,boulder-carpenter-park,2023-10-22 21:04:00+00:00,3.248,1.45
boulder-144907,BOULDER / CARPENTER PARK1,boulder-carpenter-park,2023-10-22 21:23:00+00:00,0.0,2.05
boulder-144917,BOULDER / CARPENTER PARK2,boulder-carpenter-park,2023-10-22 22:01:00+00:00,0.0,0.0
boulder-144919,BOULDER / CARPENTER PARK2,boulder-carpenter-park,2023-10-22 22:01:00+00:00,11.175,2.1
boulder-144941,BOULDER / CARPENTER PARK2,boulder-carpenter-park,2023-10-22 22:59:00+00:00,0.0,0.016666666666666666
boulder-144982,BOULDER / CARPENTER PARK2,boulder-carpenter-park,2023-10-23 14:11:00+00:00,13.697,5.116666666666666
boulder-144994,BOULDER / CARPENTER PARK1,boulder-carpenter-park,2023-10-23 14:27:00+00:00,37.617,6.466666666666667
boulder-145053,BOULDER / CARPENTER PARK1,boulder-carpenter-park,2023-10-23 17:32:00+00:00,4.151,5.45
boulder-145060,BOULDER / CARPENTER PARK2,boulder-carpenter-park,2023-10-23 18:13:00+00:00,0.0,0.03333333333333333
boulder-145063,BOULDER / CARPENTER PARK2,boulder-carpenter-park,2023-10-23 18:26:00+00:00,0.0,0.03333333333333333
boulder-145064,BOULDER / CARPENTER PARK2,boulder-carpenter-park,2023-10-23 18:28:00+00:00,0.0,0.016666666666666666
boulder-145069,BOULDER / CARPENTER PARK2,boulder-carpenter-park,2023-10-23 19:21:00+00:00,0.0,0.03333333333333333
boulder-145071,BOULDER / CARPENTER PARK2,boulder-carpenter-park,2023-10-23 19:26:00+00:00,0.0,0.05
boulder-145073,BOULDER / CARPENTER PARK2,boulder-carpenter-park,2023-10-23 19:29:00+00:00,7.477,1.25
boulder-145103,BOULDER / CARPENTER PARK2,boulder-carpenter-park,2023-10-23 23:24:00+00:00,0.0,0.05
boulder-145105,BOULDER / CARPENTER PARK2,boulder-carpenter-park,2023-10-23 23:27:00+00:00,1.3,0.4666666666666667
boulder-145109,BOULDER / CARPENTER PARK1,boulder-carpenter-park,2023-10-23 23:39:00+00:00,3.98,1.2
boulder-145111,BOULDER / CARPENTER PARK1,boulder-carpenter-park,2023-10-23 23:46:00+00:00,6.024,2.7
boulder-145115,BOULDER / CARPENTER PARK2,boulder-carpenter-park,2023-10-23 23:57:00+00:00,9.193,1.55
boulder-145127,BOULDER / CARPENTER PARK2,boulder-carpenter-park,2023-10-24 12:45:00+00:00,26.205,4.35
boulder-145152,BOULDER / CARPENTER PARK2,boulder-carpenter-park,2023-10-24 14:22:00+00:00,10.807,3.283333333333333
boulder-145157,BOULDER / CARPENTER PARK1,boulder-carpenter-park,2023-10-24 14:25:00+00:00,14.547,2.466666666666667
boulder-145725,BOULDER / CARPENTER PARK1,boulder-carpenter-park,2023-10-24 18:59:00+00:00,0.0,0.016666666666666666
boulder-145729,BOULDER / CARPENTER PARK1,boulder-carpenter-park,2023-10-24 19:00:00+00:00,17.636,2.95
boulder-145740,BOULDER / CARPENTER PARK2,boulder-carpenter-park,2023-10-24 19:15:00+00:00,3.658,0.6333333333333333
boulder-146313,BOULDER / CARPENTER PARK1,boulder-carpenter-park,2023-10-24 23:17:00+00:00,1.625,0.43333333333333335
boulder-146777,BOULDER / CARPENTER PARK2,boulder-carpenter-park,2023-10-25 00:08:00+00:00,0.0,0.0
boulder-146779,BOULDER / CARPENTER PARK2,boulder-carpenter-park,2023-10-25 00:09:00+00:00,5.924,18.8
boulder-146784,BOULDER / CARPENTER PARK1,boulder-carpenter-park,2023-10-25 00:17:00+00:00,0.0,0.03333333333333333
boulder-146811,BOULDER / CARPENTER PARK1,boulder-carpenter-park,2023-10-25 14:15:00+00:00,22.277,4.066666666666666
boulder-146818,BOULDER / CARPENTER PARK2,boulder-carpenter-park,2023-10-25 14:22:00+00:00,8.509,3.25
boulder-146822,BOULDER / CARPENTER PARK1,boulder-carpenter-park,2023-10-25 14:34:00+00:00,27.594,4.766666666666667
boulder-146866,BOULDER / CARPENTER PARK1,boulder-carpenter-park,2023-10-25 18:55:00+00:00,6.614,1.1166666666666667
boulder-146868,BOULDER / CARPENTER PARK2,boulder-carpenter-park,2023-10-25 18:56:00+00:00,0.0,0.016666666666666666
boulder-146870,BOULDER / CARPENTER PARK2,boulder-carpenter-park,2023-10-25 18:57:00+00:00,11.688,5.05
boulder-146916,BOULDER / CARPENTER PARK1,boulder-carpenter-park,2023-10-25 22:06:00+00:00,7.328,2.216666666666667
boulder-146952,BOULDER / CARPENTER PARK2,boulder-carpenter-park,2023-10-26 12:53:00+00:00,0.0,0.0
boulder-146954,BOULDER / CARPENTER PARK2,boulder-carpenter-park,2023-10-26 12:53:00+00:00,20.467,4.133333333333334
boulder-146958,BOULDER / CARPENTER PARK1,boulder-carpenter-park,2023-10-26 12:57:00+00:00,0.0,0.016666666666666666
boulder-146960,BOULDER / CARPENTER PARK1,boulder-carpenter-park,2023-10-26 12:58:00+00:00,0.0,0.016666666666666666
boulder-146962,BOULDER / CARPENTER PARK1,boulder-carpenter-park,2023-10-26 12:59:00+00:00,7.405,1.25
boulder-146966,BOULDER / CARPENTER PARK1,boulder-carpenter-park,2023-10-26 13:04:00+00:00,6.658,1.1666666666666667
boulder-146978,BOULDER / CARPENTER PARK2,boulder-carpenter-park,2023-10-26 14:19:00+00:00,7.953,2.433333333333333
boulder-147056,BOULDER / CARPENTER PARK1,boulder-carpenter-park,2023-10-26 21:55:00+00:00,0.0,0.03333333333333333
boulder-147058,BOULDER / CARPENTER PARK1,boulder-carpenter-park,2023-10-26 21:57:00+00:00,0.0,0.016666666666666666
boulder-147061,BOULDER / CARPENTER PARK2,boulder-carpenter-park,2023-10-26 21:59:00+00:00,0.943,0.31666666666666665
boulder-147097,BOULDER / CARPENTER PARK2,boulder-carpenter-park,2023-10-26 23:38:00+00:00,4.674,0.8
boulder-147132,BOULDER / CARPENTER PARK2,boulder-carpenter-park,2023-10-27 14:07:00+00:00,39.027,8.5
boulder-147144,BOULDER / CARPENTER PARK1,boulder-carpenter-park,2023-10-27 14:21:00+00:00,0.0,0.03333333333333333
boulder-147146,BOULDER / CARPENTER PARK1,boulder-carpenter-park,2023-10-27 14:23:00+00:00,0.0,0.016666666666666666
boulder-147166,BOULDER / CARPENTER PARK1,boulder-carpenter-park,2023-10-27 15:46:00+00:00,11.502,4.883333333333334
boulder-147216,BOULDER / CARPENTER PARK1,boulder-carpenter-park,2023-10-27 20:25:00+00:00,0.0,0.016666666666666666
boulder-147218,BOULDER / CARPENTER PARK1,boulder-carpenter-park,2023-10-27 20:27:00+00:00,0.0,0.016666666666666666
boulder-147254,BOULDER / CARPENTER PARK2,boulder-carpenter-park,2023-10-27 23:13:00+00:00,3.805,1.1666666666666667
boulder-147270,BOULDER / CARPENTER PARK1,boulder-carpenter-park,2023-10-28 02:30:00+00:00,1.506,0.26666666666666666
boulder-147278,BOULDER / CARPENTER PARK1,boulder-carpenter-park,2023-10-28 03:29:00+00:00,33.702,7.0
boulder-147329,BOULDER / CARPENTER PARK2,boulder-carpenter-park,2023-10-28 16:43:00+00:00,0.0,0.016666666666666666
boulder-147331,BOULDER / CARPENTER PARK2,boulder-carpenter-park,2023-10-28 16:45:00+00:00,1.763,0.3
boulder-147355,BOULDER / CARPENTER PARK1,boulder-carpenter-park,2023-10-28 19:11:00+00:00,3.558,1.0333333333333334
boulder-147375,BOULDER / CARPENTER PARK1,boulder-carpenter-park,2023-10-28 21:13:00+00:00,6.808,2.0
boulder-147387,BOULDER / CARPENTER PARK2,boulder-carpenter-park,2023-10-28 22:15:00+00:00,0.0,0.016666666666666666
boulder-147389,BOULDER / CARPENTER PARK2,boulder-carpenter-park,2023-10-28 22:16:00+00:00,23.47,3.8833333333333333
boulder-147406,BOULDER / CARPENTER PARK1,boulder-carpenter-park,2023-10-29 00:00:00+00:00,0.0,0.016666666666666666
boulder-147408,BOULDER / CARPENTER PARK1,boulder-carpenter-park,2023-10-29 00:02:00+00:00,0.0,0.03333333333333333
boulder-147418,BOULDER / CARPENTER PARK1,boulder-carpenter-park,2023-10-29 05:14:00+00:00,0.0,0.016666666666666666
boulder-147420,BOULDER / CARPENTER PARK1,boulder-carpenter-park,2023-10-29 05:15:00+00:00,0.0,0.016666666666666666
boulder-147450,BOULDER / CARPENTER PARK1,boulder-carpenter-park,2023-10-29 17:33:00+00:00,0.0,0.0
boulder-147453,BOULDER / CARPENTER PARK1,boulder-carpenter-park,2023-10-29 17:34:00+00:00,0.0,0.016666666666666666
boulder-147457,BOULDER / CARPENTER PARK2,boulder-carpenter-park,2023-10-29 17:38:00+00:00,6.62,2.3333333333333335
boulder-147459,BOULDER / CARPENTER PARK2,boulder-carpenter-park,2023-10-29 17:38:00+00:00,0.0,0.0
boulder-147461,BOULDER / CARPENTER PARK1,boulder-carpenter-park,2023-10-29 17:42:00+00:00,0.0,0.0
boulder-147463,BOULDER / CARPENTER PARK1,boulder-carpenter-park,2023-10-29 17:43:00+00:00,0.0,0.016666666666666666
boulder-147465,BOULDER / CARPENTER PARK1,boulder-carpenter-park,2023-10-29 17:45:00+00:00,0.0,0.0
boulder-147467,BOULDER / CARPENTER PARK1,boulder-carpenter-park,2023-10-29 17:46:00+00:00,0.0,0.0
boulder-147469,BOULDER / CARPENTER PARK2,boulder-carpenter-park,2023-10-29 17:50:00+00:00,0.0,0.016666666666666666
boulder-147473,BOULDER / CARPENTER PARK1,boulder-carpenter-park,2023-10-29 18:18:00+00:00,0.0,0.016666666666666666
boulder-147489,BOULDER / CARPENTER PARK1,boulder-carpenter-park,2023-10-29 19:59:00+00:00,2.45,0.7666666666666667
boulder-147502,BOULDER / CARPENTER PARK1,boulder-carpenter-park,2023-10-29 21:24:00+00:00,6.269,1.1
boulder-147505,BOULDER / CARPENTER PARK2,boulder-carpenter-park,2023-10-29 21:50:00+00:00,0.0,1.55
boulder-147563,BOULDER / CARPENTER PARK2,boulder-carpenter-park,2023-10-30 15:38:00+00:00,8.319,5.6
boulder-147573,BOULDER / CARPENTER PARK1,boulder-carpenter-park,2023-10-30 16:28:00+00:00,36.472,7.716666666666667
boulder-147598,BOULDER / CARPENTER PARK1,boulder-carpenter-park,2023-10-30 20:31:00+00:00,19.53,3.283333333333333
boulder-147601,BOULDER / CARPENTER PARK2,boulder-carpenter-park,2023-10-30 21:13:00+00:00,0.0,0.06666666666666667
boulder-147603,BOULDER / CARPENTER PARK2,boulder-carpenter-park,2023-10-30 21:18:00+00:00,5.673,0.95
boulder-147621,BOULDER / CARPENTER PARK2,boulder-carpenter-park,2023-10-30 23:25:00+00:00,8.293,1.7
boulder-147629,BOULDER / CARPENTER PARK1,boulder-carpenter-park,2023-10-31 00:11:00+00:00,0.0,0.03333333333333333
boulder-147631,BOULDER / CARPENTER PARK1,boulder-carpenter-park,2023-10-31 00:14:00+00:00,3.768,2.533333333333333
boulder-147654,BOULDER / CARPENTER PARK2,boulder-carpenter-park,2023-10-31 12:54:00+00:00,18.048,2.9833333333333334
boulder-147669,BOULDER / CARPENTER PARK1,boulder-carpenter-park,2023-10-31 14:50:00+00:00,20.461,3.433333333333333
boulder-145749,BOULDER / CARPENTER PARK2,boulder-carpenter-park,2023-10-31 16:18:00+00:00,0.0,0.016666666666666666
boulder-145753,BOULDER / CARPENTER PARK2,boulder-carpenter-park,2023-10-31 16:19:00+00:00,0.0,0.016666666666666666
boulder-145757,BOULDER / CARPENTER PARK1,boulder-carpenter-park,2023-10-31 16:20:00+00:00,7.636,1.3166666666666667
boulder-145796,BOULDER / CARPENTER PARK1,boulder-carpenter-park,2023-10-31 18:21:00+00:00,8.91,1.5166666666666666
boulder-145800,BOULDER / CARPENTER PARK2,boulder-carpenter-park,2023-10-31 18:26:00+00:00,0.0,0.5833333333333334
boulder-145808,BOULDER / CARPENTER PARK1,boulder-carpenter-park,2023-10-31 18:45:00+00:00,6.905,1.8666666666666667
boulder-145818,BOULDER / CARPENTER PARK2,boulder-carpenter-park,2023-10-31 18:50:00+00:00,6.503,1.1166666666666667
boulder-145827,BOULDER / CARPENTER PARK2,boulder-carpenter-park,2023-10-31 19:01:00+00:00,0.0,0.016666666666666666
boulder-146800,BOULDER / CARPENTER PARK2,boulder-carpenter-park,2023-10-31 22:01:00+00:00,2.537,0.45
boulder-146801,BOULDER / CARPENTER PARK1,boulder-carpenter-park,2023-10-31 22:08:00+00:00,5.798,3.45
boulder-146827,BOULDER / CARPENTER PARK2,boulder-carpenter-park,2023-10-31 23:31:00+00:00,0.0,0.016666666666666666
boulder-146829,BOULDER / CARPENTER PARK2,boulder-carpenter-park,2023-10-31 23:32:00+00:00,12.121,2.066666666666667
boulder-146839,BOULDER / CARPENTER PARK1,boulder-carpenter-park,2023-11-01 00:56:00+00:00,8.584,1.4333333333333333
boulder-146883,BOULDER / CARPENTER PARK1,boulder-carpenter-park,2023-11-01 14:13:00+00:00,50.744,8.733333333333333
boulder-146911,BOULDER / CARPENTER PARK1,boulder-carpenter-park,2023-11-01 15:17:00+00:00,31.457,5.516666666666667
boulder-146933,BOULDER / CARPENTER PARK2,boulder-carpenter-park,2023-11-01 16:42:00+00:00,6.736,5.75
boulder-146951,BOULDER / CARPENTER PARK2,boulder-carpenter-park,2023-11-01 18:00:00+00:00,0.0,0.016666666666666666
boulder-146955,BOULDER / CARPENTER PARK2,boulder-carpenter-park,2023-11-01 18:04:00+00:00,0.0,0.03333333333333333
boulder-146963,BOULDER / CARPENTER PARK2,boulder-carpenter-park,2023-11-01 19:33:00+00:00,0.0,0.0
boulder-146989,BOULDER / CARPENTER PARK2,boulder-carpenter-park,2023-11-01 21:12:00+00:00,0.0,0.016666666666666666
boulder-146990,BOULDER / CARPENTER PARK1,boulder-carpenter-park,2023-11-01 21:15:00+00:00,4.456,1.5
boulder-147011,BOULDER / CARPENTER PARK2,boulder-carpenter-park,2023-11-01 22:33:00+00:00,0.0,0.016666666666666666
boulder-147013,BOULDER / CARPENTER PARK2,boulder-carpenter-park,2023-11-01 22:34:00+00:00,3.326,1.3333333333333333
boulder-147029,BOULDER / CARPENTER PARK1,boulder-carpenter-park,2023-11-01 23:34:00+00:00,8.454,1.45
boulder-147084,BOULDER / CARPENTER PARK2,boulder-carpenter-park,2023-11-02 16:47:00+00:00,2.858,0.5
boulder-147112,BOULDER / CARPENTER PARK2,boulder-carpenter-park,2023-11-02 18:49:00+00:00,12.746,4.666666666666667
boulder-147129,BOULDER / CARPENTER PARK1,boulder-carpenter-park,2023-11-02 19:58:00+00:00,6.473,1.1166666666666667
boulder-147143,BOULDER / CARPENTER PARK1,boulder-carpenter-park,2023-11-02 21:40:00+00:00,14.861,3.6333333333333333
boulder-147151,BOULDER / CARPENTER PARK1,boulder-carpenter-park,2023-11-02 22:35:00+00:00,4.19,1.35
boulder-147195,BOULDER / CARPENTER PARK1,boulder-carpenter-park,2023-11-03 01:24:00+00:00,12.341,3.7333333333333334
boulder-147219,BOULDER / CARPENTER PARK2,boulder-carpenter-park,2023-11-03 13:59:00+00:00,0.0,0.016666666666666666
boulder-147220,BOULDER / CARPENTER PARK2,boulder-carpenter-park,2023-11-03 14:00:00+00:00,5.964,3.25
boulder-147233,BOULDER / CARPENTER PARK1,boulder-carpenter-park,2023-11-03 14:49:00+00:00,0.039,0.03333333333333333
boulder-147235,BOULDER / CARPENTER PARK1,boulder-carpenter-park,2023-11-03 14:52:00+00:00,5.8,2.0
boulder-147245,BOULDER / CARPENTER PARK1,boulder-carpenter-park,2023-11-03 15:32:00+00:00,30.75,5.383333333333334
boulder-147284,BOULDER / CARPENTER PARK1,boulder-carpenter-park,2023-11-03 19:31:00+00:00,2.922,0.5166666666666667
boulder-147300,BOULDER / CARPENTER PARK2,boulder-carpenter-park,2023-11-03 21:00:00+00:00,7.477,1.9
boulder-147320,BOULDER / CARPENTER PARK1,boulder-carpenter-park,2023-11-03 22:20:00+00:00,2.418,0.43333333333333335
boulder-147328,BOULDER / CARPENTER PARK1,boulder-carpenter-park,2023-11-03 22:52:00+00:00,13.131,2.183333333333333
boulder-147349,BOULDER / CARPENTER PARK2,boulder-carpenter-park,2023-11-03 23:27:00+00:00,0.0,0.13333333333333333
boulder-147454,BOULDER / CARPENTER PARK1,boulder-carpenter-park,2023-11-04 18:16:00+00:00,0.0,0.03333333333333333
boulder-147456,BOULDER / CARPENTER PARK2,boulder-carpenter-park,2023-11-04 18:17:00+00:00,12.371,2.466666666666667
boulder-147474,BOULDER / CARPENTER PARK1,boulder-carpenter-park,2023-11-04 19:23:00+00:00,12.764,3.683333333333333
boulder-147476,BOULDER / CARPENTER PARK1,boulder-carpenter-park,2023-11-04 19:23:00+00:00,0.0,0.0
boulder-147478,BOULDER / CARPENTER PARK1,boulder-carpenter-park,2023-11-04 19:27:00+00:00,0.0,0.03333333333333333
boulder-147480,BOULDER / CARPENTER PARK1,boulder-carpenter-park,2023-11-04 19:32:00+00:00,0.0,0.03333333333333333
boulder-147484,BOULDER / CARPENTER PARK1,boulder-carpenter-park,2023-11-04 20:03:00+00:00,5.751,2.3833333333333333
boulder-147524,BOULDER / CARPENTER PARK2,boulder-carpenter-park,2023-11-04 22:47:00+00:00,0.0,0.016666666666666666
boulder-147527,BOULDER / CARPENTER PARK1,boulder-carpenter-park,2023-11-04 22:47:00+00:00,0.0,0.03333333333333333
boulder-147529,BOULDER / CARPENTER PARK2,boulder-carpenter-park,2023-11-04 22:48:00+00:00,22.771,3.7666666666666666
boulder-147531,BOULDER / CARPENTER PARK1,boulder-carpenter-park,2023-11-04 22:49:00+00:00,6.342,2.0
boulder-147556,BOULDER / CARPENTER PARK1,boulder-carpenter-park,2023-11-05 00:45:00+00:00,25.049,5.083333333333333
boulder-147560,BOULDER / CARPENTER PARK1,boulder-carpenter-park,2023-11-05 01:25:00+00:00,0.0,4.533333333333333
boulder-147597,BOULDER / CARPENTER PARK2,boulder-carpenter-park,2023-11-05 15:06:00+00:00,0.0,0.05
boulder-147600,BOULDER / CARPENTER PARK2,boulder-carpenter-park,2023-11-05 15:10:00+00:00,0.0,0.016666666666666666
boulder-147602,BOULDER / CARPENTER PARK2,boulder-carpenter-park,2023-11-05 15:11:00+00:00,16.666,2.8833333333333333
boulder-147612,BOULDER / CARPENTER PARK1,boulder-carpenter-park,2023-11-05 15:44:00+00:00,15.956,2.6666666666666665
boulder-147620,BOULDER / CARPENTER PARK1,boulder-carpenter-park,2023-11-05 17:00:00+00:00,5.429,2.216666666666667
boulder-147663,BOULDER / CARPENTER PARK1,boulder-carpenter-park,2023-11-05 19:49:00+00:00,0.0,0.0
boulder-147665,BOULDER / CARPENTER PARK1,boulder-carpenter-park,2023-11-05 19:51:00+00:00,6.545,1.1
boulder-145201,BOULDER / CARPENTER PARK2,boulder-carpenter-park,2023-11-06 00:09:00+00:00,3.929,1.05
boulder-145212,BOULDER / CARPENTER PARK1,boulder-carpenter-park,2023-11-06 02:11:00+00:00,0.949,0.15
boulder-145249,BOULDER / CARPENTER PARK2,boulder-carpenter-park,2023-11-06 19:15:00+00:00,5.003,3.2333333333333334
boulder-145254,BOULDER / CARPENTER PARK1,boulder-carpenter-park,2023-11-06 21:33:00+00:00,3.33,1.05
boulder-145277,BOULDER / CARPENTER PARK2,boulder-carpenter-park,2023-11-07 01:55:00+00:00,4.682,1.7
boulder-145286,BOULDER / CARPENTER PARK2,boulder-carpenter-park,2023-11-07 13:48:00+00:00,17.845,2.966666666666667
boulder-145291,BOULDER / CARPENTER PARK1,boulder-carpenter-park,2023-11-07 14:56:00+00:00,13.838,5.116666666666666
boulder-145295,BOULDER / CARPENTER PARK1,boulder-carpenter-park,2023-11-07 15:11:00+00:00,21.669,3.65
boulder-145314,BOULDER / CARPENTER PARK2,boulder-carpenter-park,2023-11-07 17:39:00+00:00,11.268,2.9833333333333334
boulder-145318,BOULDER / CARPENTER PARK2,boulder-carpenter-park,2023-11-07 18:49:00+00:00,0.0,0.03333333333333333
boulder-145319,BOULDER / CARPENTER PARK1,boulder-carpenter-park,2023-11-07 18:52:00+00:00,8.623,3.2333333333333334
boulder-145322,BOULDER / CARPENTER PARK1,boulder-carpenter-park,2023-11-07 20:18:00+00:00,2.16,0.36666666666666664
boulder-145323,BOULDER / CARPENTER PARK2,boulder-carpenter-park,2023-11-07 20:51:00+00:00,0.0,0.016666666666666666
boulder-145324,BOULDER / CARPENTER PARK2,boulder-carpenter-park,2023-11-07 20:53:00+00:00,21.247,3.566666666666667
boulder-145326,BOULDER / CARPENTER PARK1,boulder-carpenter-park,2023-11-07 20:58:00+00:00,0.0,0.03333333333333333
boulder-145327,BOULDER / CARPENTER PARK1,boulder-carpenter-park,2023-11-07 21:01:00+00:00,1.216,0.21666666666666667
boulder-145331,BOULDER / CARPENTER PARK1,boulder-carpenter-park,2023-11-07 21:57:00+00:00,9.653,1.6166666666666667
boulder-145333,BOULDER / CARPENTER PARK2,boulder-carpenter-park,2023-11-07 22:11:00+00:00,0.0,0.016666666666666666
boulder-145334,BOULDER / CARPENTER PARK1,boulder-carpenter-park,2023-11-07 22:11:00+00:00,0.0,0.03333333333333333
boulder-145356,BOULDER / CARPENTER PARK2,boulder-carpenter-park,2023-11-08 01:16:00+00:00,0.969,0.18333333333333332
boulder-145359,BOULDER / CARPENTER PARK2,boulder-carpenter-park,2023-11-08 03:03:00+00:00,11.317,1.85
boulder-145373,BOULDER / CARPENTER PARK2,boulder-carpenter-park,2023-11-08 15:03:00+00:00,55.618,9.433333333333334
boulder-145377,BOULDER / CARPENTER PARK1,boulder-carpenter-park,2023-11-08 15:24:00+00:00,9.777,4.133333333333334
boulder-145397,BOULDER / CARPENTER PARK1,boulder-carpenter-park,2023-11-08 16:59:00+00:00,0.0,0.0
boulder-145398,BOULDER / CARPENTER PARK1,boulder-carpenter-park,2023-11-08 16:59:00+00:00,0.0,0.016666666666666666
boulder-145444,BOULDER / CARPENTER PARK2,boulder-carpenter-park,2023-11-09 14:20:00+00:00,32.644,5.483333333333333
boulder-145446,BOULDER / CARPENTER PARK1,boulder-carpenter-park,2023-11-09 15:18:00+00:00,3.187,0.5333333333333333
boulder-145475,BOULDER / CARPENTER PARK1,boulder-carpenter-park,2023-11-09 19:17:00+00:00,8.775,4.383333333333334
boulder-145481,BOULDER / CARPENTER PARK1,boulder-carpenter-park,2023-11-09 20:14:00+00:00,6.686,1.4833333333333334
boulder-145483,BOULDER / CARPENTER PARK2,boulder-carpenter-park,2023-11-09 20:37:00+00:00,0.0,0.016666666666666666
boulder-145484,BOULDER / CARPENTER PARK2,boulder-carpenter-park,2023-11-09 20:38:00+00:00,19.401,3.2333333333333334
boulder-145488,BOULDER / CARPENTER PARK2,boulder-carpenter-park,2023-11-09 21:07:00+00:00,0.0,0.016666666666666666
boulder-145489,BOULDER / CARPENTER PARK2,boulder-carpenter-park,2023-11-09 21:09:00+00:00,0.0,0.016666666666666666
boulder-145490,BOULDER / CARPENTER PARK2,boulder-carpenter-park,2023-11-09 21:10:00+00:00,0.0,0.016666666666666666
boulder-145491,BOULDER / CARPENTER PARK2,boulder-carpenter-park,2023-11-09 21:11:00+00:00,0.0,0.016666666666666666
boulder-145492,BOULDER / CARPENTER PARK2,boulder-carpenter-park,2023-11-09 21:14:00+00:00,0.0,18.816666666666666
boulder-145497,BOULDER / CARPENTER PARK1,boulder-carpenter-park,2023-11-09 21:47:00+00:00,0.923,0.18333333333333332
boulder-145552,BOULDER / CARPENTER PARK2,boulder-carpenter-park,2023-11-10 16:00:00+00:00,14.064,5.966666666666667
boulder-145553,BOULDER / CARPENTER PARK1,boulder-carpenter-park,2023-11-10 16:05:00+00:00,0.052,1.15
boulder-145554,BOULDER / CARPENTER PARK1,boulder-carpenter-park,2023-11-10 16:10:00+00:00,10.281,3.4833333333333334
boulder-145559,BOULDER / CARPENTER PARK1,boulder-carpenter-park,2023-11-10 17:15:00+00:00,8.772,2.05
boulder-145575,BOULDER / CARPENTER PARK1,boulder-carpenter-park,2023-11-10 20:13:00+00:00,14.877,2.533333333333333
boulder-145584,BOULDER / CARPENTER PARK1,boulder-carpenter-park,2023-11-10 21:23:00+00:00,6.466,1.4333333333333333
boulder-145588,BOULDER / CARPENTER PARK2,boulder-carpenter-park,2023-11-10 22:27:00+00:00,0.0,0.016666666666666666
boulder-145589,BOULDER / CARPENTER PARK2,boulder-carpenter-park,2023-11-10 22:29:00+00:00,4.284,0.75
boulder-145598,BOULDER / CARPENTER PARK1,boulder-carpenter-park,2023-11-10 23:43:00+00:00,0.034,0.016666666666666666
boulder-145599,BOULDER / CARPENTER PARK1,boulder-carpenter-park,2023-11-10 23:44:00+00:00,16.468,2.75
boulder-145616,BOULDER / CARPENTER PARK1,boulder-carpenter-park,2023-11-11 09:20:00+00:00,22.856,4.216666666666667
boulder-145618,BOULDER / CARPENTER PARK1,boulder-carpenter-park,2023-11-11 14:11:00+00:00,15.688,2.6333333333333333
boulder-145629,BOULDER / CARPENTER PARK2,boulder-carpenter-park,2023-11-11 16:17:00+00:00,5.105,0.85
boulder-145639,BOULDER / CARPENTER PARK2,boulder-carpenter-park,2023-11-11 17:22:00+00:00,22.252,3.6666666666666665
boulder-145640,BOULDER / CARPENTER PARK1,boulder-carpenter-park,2023-11-11 17:34:00+00:00,12.206,4.133333333333334
boulder-145641,BOULDER / CARPENTER PARK1,boulder-carpenter-park,2023-11-11 17:36:00+00:00,6.274,2.1166666666666667
boulder-145643,BOULDER / CARPENTER PARK2,boulder-carpenter-park,2023-11-11 17:41:00+00:00,0.0,0.016666666666666666
boulder-145681,BOULDER / CARPENTER PARK1,boulder-carpenter-park,2023-11-11 23:51:00+00:00,5.517,1.5166666666666666
boulder-145682,BOULDER / CARPENTER PARK1,boulder-carpenter-park,2023-11-12 00:05:00+00:00,5.593,0.95
boulder-145693,BOULDER / CARPENTER PARK1,boulder-carpenter-park,2023-11-12 08:15:00+00:00,3.515,1.0
boulder-145694,BOULDER / CARPENTER PARK1,boulder-carpenter-park,2023-11-12 10:03:00+00:00,3.736,0.65
boulder-145703,BOULDER / CARPENTER PARK1,boulder-carpenter-park,2023-11-12 15:27:00+00:00,10.245,1.7166666666666666
boulder-145747,BOULDER / CARPENTER PARK2,boulder-carpenter-park,2023-11-12 17:05:00+00:00,11.659,3.0
boulder-145763,BOULDER / CARPENTER PARK1,boulder-carpenter-park,2023-11-12 17:48:00+00:00,11.973,2.1166666666666667
boulder-145789,BOULDER / CARPENTER PARK1,boulder-carpenter-park,2023-11-12 18:44:00+00:00,31.28,5.25
boulder-146312,BOULDER / CARPENTER PARK1,boulder-carpenter-park,2023-11-12 20:01:00+00:00,7.795,2.966666666666667
boulder-146340,BOULDER / CARPENTER PARK1,boulder-carpenter-park,2023-11-13 00:45:00+00:00,0.46,0.08333333333333333
boulder-146343,BOULDER / CARPENTER PARK2,boulder-carpenter-park,2023-11-13 04:14:00+00:00,30.161,11.466666666666667
boulder-146360,BOULDER / CARPENTER PARK1,boulder-carpenter-park,2023-11-13 15:10:00+00:00,42.029,7.85
boulder-146384,BOULDER / CARPENTER PARK2,boulder-carpenter-park,2023-11-13 17:39:00+00:00,0.0,0.016666666666666666
boulder-146385,BOULDER / CARPENTER PARK2,boulder-carpenter-park,2023-11-13 17:40:00+00:00,22.826,3.8
boulder-146400,BOULDER / CARPENTER PARK1,boulder-carpenter-park,2023-11-13 21:13:00+00:00,11.613,1.9833333333333334
boulder-146405,BOULDER / CARPENTER PARK2,boulder-carpenter-park,2023-11-13 21:44:00+00:00,6.787,1.1833333333333333
boulder-146433,BOULDER / CARPENTER PARK1,boulder-carpenter-park,2023-11-14 01:01:00+00:00,14.5,2.8333333333333335
boulder-146466,BOULDER / CARPENTER PARK2,boulder-carpenter-park,2023-11-14 15:38:00+00:00,10.35,4.033333333333333
boulder-146499,BOULDER / CARPENTER PARK2,boulder-carpenter-park,2023-11-14 20:44:00+00:00,25.58,4.633333333333334
boulder-146506,BOULDER / CARPENTER PARK1,boulder-carpenter-park,2023-11-14 21:26:00+00:00,0.0,0.03333333333333333
boulder-146507,BOULDER / CARPENTER PARK1,boulder-carpenter-park,2023-11-14 21:28:00+00:00,0.0,0.016666666666666666
boulder-146520,BOULDER / CARPENTER PARK1,boulder-carpenter-park,2023-11-14 23:54:00+00:00,0.0,0.016666666666666666
boulder-146521,BOULDER / CARPENTER PARK1,boulder-carpenter-park,2023-11-14 23:56:00+00:00,0.0,0.03333333333333333
boulder-146523,BOULDER / CARPENTER PARK1,boulder-carpenter-park,2023-11-15 00:04:00+00:00,0.0,0.03333333333333333
boulder-146524,BOULDER / CARPENTER PARK1,boulder-carpenter-park,2023-11-15 00:06:00+00:00,0.0,0.03333333333333333
boulder-146525,BOULDER / CARPENTER PARK1,boulder-carpenter-park,2023-11-15 00:09:00+00:00,0.0,0.016666666666666666
boulder-146528,BOULDER / CARPENTER PARK1,boulder-carpenter-park,2023-11-15 00:21:00+00:00,0.0,0.016666666666666666
boulder-146530,BOULDER / CARPENTER PARK1,boulder-carpenter-park,2023-11-15 00:22:00+00:00,0.0,0.0
boulder-146531,BOULDER / CARPENTER PARK1,boulder-carpenter-park,2023-11-15 00:22:00+00:00,5.017,1.4
boulder-146536,BOULDER / CARPENTER PARK2,boulder-carpenter-park,2023-11-15 01:36:00+00:00,0.0,0.016666666666666666
boulder-146537,BOULDER / CARPENTER PARK2,boulder-carpenter-park,2023-11-15 01:37:00+00:00,12.364,2.6333333333333333
boulder-146539,BOULDER / CARPENTER PARK1,boulder-carpenter-park,2023-11-15 03:22:00+00:00,0.0,0.016666666666666666
boulder-146540,BOULDER / CARPENTER PARK1,boulder-carpenter-park,2023-11-15 03:23:00+00:00,2.209,1.0166666666666666
boulder-146557,BOULDER / CARPENTER PARK1,boulder-carpenter-park,2023-11-15 15:12:00+00:00,24.198,4.066666666666666
boulder-146560,BOULDER / CARPENTER PARK1,boulder-carpenter-park,2023-11-15 15:22:00+00:00,38.303,6.616666666666666
boulder-146576,BOULDER / CARPENTER PARK2,boulder-carpenter-park,2023-11-15 17:50:00+00:00,11.148,4.4
boulder-146587,BOULDER / CARPENTER PARK1,boulder-carpenter-park,2023-11-15 20:52:00+00:00,1.372,0.23333333333333334
boulder-146604,BOULDER / CARPENTER PARK2,boulder-carpenter-park,2023-11-15 23:47:00+00:00,1.862,0.5833333333333334
boulder-146623,BOULDER / CARPENTER PARK2,boulder-carpenter-park,2023-11-16 14:14:00+00:00,5.605,2.45
boulder-146631,BOULDER / CARPENTER PARK1,boulder-carpenter-park,2023-11-16 15:19:00+00:00,0.0,0.03333333333333333
boulder-146632,BOULDER / CARPENTER PARK1,boulder-carpenter-park,2023-11-16 15:19:00+00:00,0.0,0.03333333333333333
boulder-146634,BOULDER / CARPENTER PARK2,boulder-carpenter-park,2023-11-16 15:21:00+00:00,0.0,0.03333333333333333
boulder-146636,BOULDER / CARPENTER PARK1,boulder-carpenter-park,2023-11-16 15:24:00+00:00,41.952,7.016666666666667
boulder-146647,BOULDER / CARPENTER PARK2,boulder-carpenter-park,2023-11-16 17:04:00+00:00,0.0,0.016666666666666666
boulder-146648,BOULDER / CARPENTER PARK1,boulder-carpenter-park,2023-11-16 17:05:00+00:00,0.0,0.03333333333333333
boulder-146655,BOULDER / CARPENTER PARK1,boulder-carpenter-park,2023-11-16 18:20:00+00:00,7.996,1.3666666666666667
boulder-146662,BOULDER / CARPENTER PARK1,boulder-carpenter-park,2023-11-16 19:47:00+00:00,3.014,0.95
boulder-146667,BOULDER / CARPENTER PARK2,boulder-carpenter-park,2023-11-16 20:04:00+00:00,9.432,1.6333333333333333
boulder-146683,BOULDER / CARPENTER PARK2,boulder-carpenter-park,2023-11-16 23:58:00+00:00,21.103,3.533333333333333
boulder-146703,BOULDER / CARPENTER PARK2,boulder-carpenter-park,2023-11-17 08:12:00+00:00,0.0,4.0
boulder-146721,BOULDER / CARPENTER PARK2,boulder-carpenter-park,2023-11-17 16:02:00+00:00,10.599,1.85
boulder-146739,BOULDER / CARPENTER PARK1,boulder-carpenter-park,2023-11-17 19:33:00+00:00,7.469,1.3
boulder-146741,BOULDER / CARPENTER PARK1,boulder-carpenter-park,2023-11-17 20:05:00+00:00,0.0,0.016666666666666666
boulder-146742,BOULDER / CARPENTER PARK2,boulder-carpenter-park,2023-11-17 20:07:00+00:00,0.0,0.016666666666666666
boulder-146743,BOULDER / CARPENTER PARK2,boulder-carpenter-park,2023-11-17 20:08:00+00:00,3.282,0.5666666666666667
boulder-146758,BOULDER / CARPENTER PARK1,boulder-carpenter-park,2023-11-17 22:10:00+00:00,0.0,0.0
boulder-146759,BOULDER / CARPENTER PARK2,boulder-carpenter-park,2023-11-17 22:10:00+00:00,5.399,3.316666666666667
boulder-146760,BOULDER / CARPENTER PARK1,boulder-carpenter-park,2023-11-17 22:11:00+00:00,2.598,1.25
boulder-146764,BOULDER / CARPENTER PARK1,boulder-carpenter-park,2023-11-17 22:35:00+00:00,3.991,1.1666666666666667
boulder-145790,BOULDER / CARPENTER PARK1,boulder-carpenter-park,2023-11-18 15:05:00+00:00,3.427,1.1666666666666667
boulder-145797,BOULDER / CARPENTER PARK2,boulder-carpenter-park,2023-11-18 15:25:00+00:00,13.704,5.366666666666666
boulder-145851,BOULDER / CARPENTER PARK1,boulder-carpenter-park,2023-11-18 18:36:00+00:00,4.821,0.8
boulder-145854,BOULDER / CARPENTER PARK1,boulder-carpenter-park,2023-11-18 19:25:00+00:00,6.553,1.1666666666666667
boulder-145862,BOULDER / CARPENTER PARK1,boulder-carpenter-park,2023-11-18 20:40:00+00:00,10.59,3.283333333333333
boulder-145876,BOULDER / CARPENTER PARK2,boulder-carpenter-park,2023-11-18 23:53:00+00:00,5.847,0.9833333333333333
boulder-145878,BOULDER / CARPENTER PARK1,boulder-carpenter-park,2023-11-19 01:49:00+00:00,17.39,2.933333333333333
boulder-145881,BOULDER / CARPENTER PARK2,boulder-carpenter-park,2023-11-19 03:54:00+00:00,15.768,2.6
boulder-145896,BOULDER / CARPENTER PARK1,boulder-carpenter-park,2023-11-19 16:13:00+00:00,0.0,1.9333333333333333
boulder-145911,BOULDER / CARPENTER PARK2,boulder-carpenter-park,2023-11-19 18:06:00+00:00,0.0,0.016666666666666666
boulder-145912,BOULDER / CARPENTER PARK1,boulder-carpenter-park,2023-11-19 18:08:00+00:00,4.845,2.7666666666666666
boulder-145913,BOULDER / CARPENTER PARK1,boulder-carpenter-park,2023-11-19 18:11:00+00:00,0.0,0.03333333333333333
boulder-145915,BOULDER / CARPENTER PARK1,boulder-carpenter-park,2023-11-19 18:13:00+00:00,2.453,0.7833333333333333
boulder-145937,BOULDER / CARPENTER PARK2,boulder-carpenter-park,2023-11-19 20:12:00+00:00,0.0,0.03333333333333333
boulder-145977,BOULDER / CARPENTER PARK1,boulder-carpenter-park,2023-11-20 15:20:00+00:00,4.533,3.7333333333333334
boulder-145978,BOULDER / CARPENTER PARK2,boulder-carpenter-park,2023-11-20 15:41:00+00:00,36.957,6.2
boulder-145981,BOULDER / CARPENTER PARK1,boulder-carpenter-park,2023-11-20 15:49:00+00:00,10.168,3.566666666666667
boulder-145996,BOULDER / CARPENTER PARK1,boulder-carpenter-park,2023-11-20 19:11:00+00:00,23.186,3.8833333333333333
boulder-145998,BOULDER / CARPENTER PARK1,boulder-carpenter-park,2023-11-20 20:18:00+00:00,15.983,2.683333333333333
boulder-146003,BOULDER / CARPENTER PARK2,boulder-carpenter-park,2023-11-20 21:54:00+00:00,0.009,0.016666666666666666
boulder-146011,BOULDER / CARPENTER PARK2,boulder-carpenter-park,2023-11-20 23:50:00+00:00,7.34,3.1666666666666665
boulder-146031,BOULDER / CARPENTER PARK1,boulder-carpenter-park,2023-11-21 14:23:00+00:00,3.58,1.2166666666666666
boulder-146037,BOULDER / CARPENTER PARK2,boulder-carpenter-park,2023-11-21 14:57:00+00:00,9.01,2.783333333333333
boulder-146040,BOULDER / CARPENTER PARK1,boulder-carpenter-park,2023-11-21 15:18:00+00:00,22.084,3.8
boulder-146044,BOULDER / CARPENTER PARK1,boulder-carpenter-park,2023-11-21 15:45:00+00:00,8.79,3.35
boulder-146056,BOULDER / CARPENTER PARK2,boulder-carpenter-park,2023-11-21 16:42:00+00:00,0.0,0.05
boulder-146057,BOULDER / CARPENTER PARK2,boulder-carpenter-park,2023-11-21 16:46:00+00:00,0.0,0.016666666666666666
boulder-146067,BOULDER / CARPENTER PARK2,boulder-carpenter-park,2023-11-21 18:36:00+00:00,26.515,4.483333333333333
boulder-146068,BOULDER / CARPENTER PARK1,boulder-carpenter-park,2023-11-21 19:12:00+00:00,11.354,1.9
boulder-146077,BOULDER / CARPENTER PARK1,boulder-carpenter-park,2023-11-21 20:47:00+00:00,0.0,0.03333333333333333
boulder-146078,BOULDER / CARPENTER PARK1,boulder-carpenter-park,2023-11-21 20:51:00+00:00,0.0,0.016666666666666666
boulder-146079,BOULDER / CARPENTER PARK1,boulder-carpenter-park,2023-11-21 20:53:00+00:00,0.0,0.03333333333333333
boulder-146082,BOULDER / CARPENTER PARK1,boulder-carpenter-park,2023-11-21 21:03:00+00:00,0.0,0.016666666666666666
boulder-146083,BOULDER / CARPENTER PARK1,boulder-carpenter-park,2023-11-21 21:04:00+00:00,0.0,0.03333333333333333
boulder-146084,BOULDER / CARPENTER PARK1,boulder-carpenter-park,2023-11-21 21:08:00+00:00,6.268,1.3333333333333333
boulder-146088,BOULDER / CARPENTER PARK1,boulder-carpenter-park,2023-11-21 21:37:00+00:00,0.0,0.0
boulder-146090,BOULDER / CARPENTER PARK1,boulder-carpenter-park,2023-11-21 21:37:00+00:00,0.0,0.016666666666666666
boulder-146091,BOULDER / CARPENTER PARK1,boulder-carpenter-park,2023-11-21 21:40:00+00:00,0.0,0.016666666666666666
boulder-146092,BOULDER / CARPENTER PARK2,boulder-carpenter-park,2023-11-21 21:42:00+00:00,0.0,0.03333333333333333
boulder-146094,BOULDER / CARPENTER PARK1,boulder-carpenter-park,2023-11-21 21:45:00+00:00,0.0,0.8
boulder-146099,BOULDER / CARPENTER PARK1,boulder-carpenter-park,2023-11-21 22:33:00+00:00,19.288,3.2
boulder-146105,BOULDER / CARPENTER PARK2,boulder-carpenter-park,2023-11-21 23:52:00+00:00,21.306,3.5166666666666666
boulder-146121,BOULDER / CARPENTER PARK1,boulder-carpenter-park,2023-11-22 13:40:00+00:00,3.313,0.5666666666666667
boulder-146125,BOULDER / CARPENTER PARK2,boulder-carpenter-park,2023-11-22 14:12:00+00:00,0.0,0.016666666666666666
boulder-146126,BOULDER / CARPENTER PARK2,boulder-carpenter-park,2023-11-22 14:13:00+00:00,10.178,1.6833333333333333
boulder-146128,BOULDER / CARPENTER PARK1,boulder-carpenter-park,2023-11-22 14:17:00+00:00,5.473,4.716666666666667
boulder-146132,BOULDER / CARPENTER PARK2,boulder-carpenter-park,2023-11-22 14:51:00+00:00,0.0,0.016666666666666666
boulder-146133,BOULDER / CARPENTER PARK2,boulder-carpenter-park,2023-11-22 14:52:00+00:00,0.0,0.016666666666666666
boulder-146143,BOULDER / CARPENTER PARK1,boulder-carpenter-park,2023-11-22 16:27:00+00:00,0.0,0.016666666666666666
boulder-146145,BOULDER / CARPENTER PARK2,boulder-carpenter-park,2023-11-22 16:30:00+00:00,0.0,0.016666666666666666
boulder-146146,BOULDER / CARPENTER PARK2,boulder-carpenter-park,2023-11-22 16:31:00+00:00,7.853,1.2833333333333334
boulder-146148,BOULDER / CARPENTER PARK1,boulder-carpenter-park,2023-11-22 17:18:00+00:00,5.785,2.65
boulder-146155,BOULDER / CARPENTER PARK2,boulder-carpenter-park,2023-11-22 18:38:00+00:00,23.707,3.933333333333333
boulder-146169,BOULDER / CARPENTER PARK1,boulder-carpenter-park,2023-11-22 21:34:00+00:00,4.009,0.7
boulder-146174,BOULDER / CARPENTER PARK1,boulder-carpenter-park,2023-11-22 22:13:00+00:00,17.448,2.966666666666667
boulder-146175,BOULDER / CARPENTER PARK1,boulder-carpenter-park,2023-11-22 22:22:00+00:00,7.584,2.6166666666666667
boulder-146180,BOULDER / CARPENTER PARK2,boulder-carpenter-park,2023-11-22 23:16:00+00:00,0.0,0.03333333333333333
boulder-146181,BOULDER / CARPENTER PARK2,boulder-carpenter-park,2023-11-22 23:18:00+00:00,3.666,0.6333333333333333
boulder-146186,BOULDER / CARPENTER PARK2,boulder-carpenter-park,2023-11-23 00:21:00+00:00,0.434,0.08333333333333333
boulder-146200,BOULDER / CARPENTER PARK1,boulder-carpenter-park,2023-11-23 15:09:00+00:00,9.689,1.6166666666666667
boulder-146205,BOULDER / CARPENTER PARK1,boulder-carpenter-park,2023-11-23 16:23:00+00:00,2.595,2.3666666666666667
boulder-146206,BOULDER / CARPENTER PARK2,boulder-carpenter-park,2023-11-23 16:49:00+00:00,18.294,3.033333333333333
boulder-146217,BOULDER / CARPENTER PARK1,boulder-carpenter-park,2023-11-23 18:55:00+00:00,15.018,2.7
boulder-146229,BOULDER / CARPENTER PARK1,boulder-carpenter-park,2023-11-24 09:54:00+00:00,10.262,1.75
boulder-146236,BOULDER / CARPENTER PARK1,boulder-carpenter-park,2023-11-24 16:38:00+00:00,0.0,0.016666666666666666
boulder-146237,BOULDER / CARPENTER PARK1,boulder-carpenter-park,2023-11-24 16:39:00+00:00,0.0,0.016666666666666666
boulder-146238,BOULDER / CARPENTER PARK1,boulder-carpenter-park,2023-11-24 16:40:00+00:00,0.0,0.0
boulder-146239,BOULDER / CARPENTER PARK2,boulder-carpenter-park,2023-11-24 16:42:00+00:00,0.0,0.016666666666666666
boulder-146240,BOULDER / CARPENTER PARK2,boulder-carpenter-park,2023-11-24 16:43:00+00:00,10.98,1.8333333333333333
boulder-146251,BOULDER / CARPENTER PARK1,boulder-carpenter-park,2023-11-24 19:30:00+00:00,0.0,0.016666666666666666
boulder-146264,BOULDER / CARPENTER PARK1,boulder-carpenter-park,2023-11-24 23:01:00+00:00,0.0,0.03333333333333333
boulder-146265,BOULDER / CARPENTER PARK1,boulder-carpenter-park,2023-11-24 23:07:00+00:00,5.553,1.2166666666666666
boulder-146283,BOULDER / CARPENTER PARK2,boulder-carpenter-park,2023-11-25 16:07:00+00:00,0.0,0.016666666666666666
boulder-146284,BOULDER / CARPENTER PARK2,boulder-carpenter-park,2023-11-25 16:09:00+00:00,21.437,3.533333333333333
boulder-146286,BOULDER / CARPENTER PARK1,boulder-carpenter-park,2023-11-25 16:32:00+00:00,0.0,0.016666666666666666
boulder-146287,BOULDER / CARPENTER PARK1,boulder-carpenter-park,2023-11-25 16:34:00+00:00,0.0,0.016666666666666666
boulder-146294,BOULDER / CARPENTER PARK1,boulder-carpenter-park,2023-11-25 19:29:00+00:00,0.0,0.016666666666666666
boulder-146297,BOULDER / CARPENTER PARK2,boulder-carpenter-park,2023-11-25 20:40:00+00:00,0.0,0.05
boulder-146299,BOULDER / CARPENTER PARK1,boulder-carpenter-park,2023-11-25 20:45:00+00:00,0.0,0.016666666666666666
boulder-146300,BOULDER / CARPENTER PARK1,boulder-carpenter-park,2023-11-25 20:47:00+00:00,1.663,0.2833333333333333
boulder-147698,BOULDER / CARPENTER PARK1,boulder-carpenter-park,2023-11-25 22:59:00+00:00,0.0,0.03333333333333333
boulder-147699,BOULDER / CARPENTER PARK1,boulder-carpenter-park,2023-11-25 23:02:00+00:00,5.592,2.8333333333333335
boulder-147717,BOULDER / CARPENTER PARK1,boulder-carpenter-park,2023-11-26 17:00:00+00:00,3.589,1.15
boulder-147738,BOULDER / CARPENTER PARK1,boulder-carpenter-park,2023-11-26 20:09:00+00:00,0.022,0.03333333333333333
boulder-147741,BOULDER / CARPENTER PARK2,boulder-carpenter-park,2023-11-26 20:49:00+00:00,0.0,0.0
boulder-147742,BOULDER / CARPENTER PARK2,boulder-carpenter-park,2023-11-26 20:49:00+00:00,0.0,0.016666666666666666
boulder-147743,BOULDER / CARPENTER PARK1,boulder-carpenter-park,2023-11-26 20:52:00+00:00,15.899,2.6333333333333333
boulder-147744,BOULDER / CARPENTER PARK2,boulder-carpenter-park,2023-11-26 21:01:00+00:00,0.0,0.016666666666666666
boulder-147745,BOULDER / CARPENTER PARK2,boulder-carpenter-park,2023-11-26 21:03:00+00:00,0.0,0.03333333333333333
boulder-147755,BOULDER / CARPENTER PARK1,boulder-carpenter-park,2023-11-26 22:09:00+00:00,0.0,0.016666666666666666
boulder-147756,BOULDER / CARPENTER PARK1,boulder-carpenter-park,2023-11-26 22:10:00+00:00,5.294,0.8833333333333333
boulder-147762,BOULDER / CARPENTER PARK2,boulder-carpenter-park,2023-11-26 23:54:00+00:00,0.0,0.06666666666666667
boulder-147763,BOULDER / CARPENTER PARK2,boulder-carpenter-park,2023-11-26 23:58:00+00:00,0.0,0.016666666666666666
boulder-147764,BOULDER / CARPENTER PARK1,boulder-carpenter-park,2023-11-27 00:00:00+00:00,2.188,0.7166666666666667
boulder-147803,BOULDER / CARPENTER PARK1,boulder-carpenter-park,2023-11-27 18:18:00+00:00,0.0,0.0
boulder-147805,BOULDER / CARPENTER PARK1,boulder-carpenter-park,2023-11-27 18:19:00+00:00,7.088,3.683333333333333
boulder-147816,BOULDER / CARPENTER PARK1,boulder-carpenter-park,2023-11-27 19:25:00+00:00,12.03,4.466666666666667
boulder-147817,BOULDER / CARPENTER PARK2,boulder-carpenter-park,2023-11-27 19:30:00+00:00,0.0,0.016666666666666666
boulder-147818,BOULDER / CARPENTER PARK2,boulder-carpenter-park,2023-11-27 19:34:00+00:00,0.0,0.016666666666666666
boulder-147821,BOULDER / CARPENTER PARK2,boulder-carpenter-park,2023-11-27 19:57:00+00:00,21.62,5.083333333333333
boulder-147835,BOULDER / CARPENTER PARK1,boulder-carpenter-park,2023-11-27 22:57:00+00:00,2.249,1.3333333333333333
boulder-147854,BOULDER / CARPENTER PARK1,boulder-carpenter-park,2023-11-28 01:23:00+00:00,19.708,3.3333333333333335
boulder-147866,BOULDER / CARPENTER PARK2,boulder-carpenter-park,2023-11-28 14:37:00+00:00,0.0,0.03333333333333333
boulder-147867,BOULDER / CARPENTER PARK1,boulder-carpenter-park,2023-11-28 14:38:00+00:00,5.962,2.033333333333333
boulder-147883,BOULDER / CARPENTER PARK1,boulder-carpenter-park,2023-11-28 15:54:00+00:00,0.0,0.03333333333333333
boulder-147884,BOULDER / CARPENTER PARK1,boulder-carpenter-park,2023-11-28 15:57:00+00:00,0.0,0.016666666666666666
boulder-147885,BOULDER / CARPENTER PARK2,boulder-carpenter-park,2023-11-28 15:59:00+00:00,0.0,0.016666666666666666
boulder-147918,BOULDER / CARPENTER PARK2,boulder-carpenter-park,2023-11-28 20:09:00+00:00,0.0,0.016666666666666666
boulder-147919,BOULDER / CARPENTER PARK2,boulder-carpenter-park,2023-11-28 20:10:00+00:00,0.0,0.016666666666666666
boulder-147920,BOULDER / CARPENTER PARK1,boulder-carpenter-park,2023-11-28 20:12:00+00:00,0.0,0.0
boulder-147922,BOULDER / CARPENTER PARK1,boulder-carpenter-park,2023-11-28 20:13:00+00:00,0.0,0.0
boulder-147923,BOULDER / CARPENTER PARK1,boulder-carpenter-park,2023-11-28 20:13:00+00:00,4.339,2.1666666666666665
boulder-147926,BOULDER / CARPENTER PARK2,boulder-carpenter-park,2023-11-28 20:45:00+00:00,24.208,4.916666666666667
boulder-147934,BOULDER / CARPENTER PARK1,boulder-carpenter-park,2023-11-28 23:45:00+00:00,0.0,0.3333333333333333
boulder-147938,BOULDER / CARPENTER PARK1,boulder-carpenter-park,2023-11-29 00:06:00+00:00,0.0,0.2833333333333333
boulder-147959,BOULDER / CARPENTER PARK1,boulder-carpenter-park,2023-11-29 13:48:00+00:00,0.0,0.016666666666666666
boulder-147960,BOULDER / CARPENTER PARK2,boulder-carpenter-park,2023-11-29 13:49:00+00:00,0.0,0.016666666666666666
boulder-147961,BOULDER / CARPENTER PARK2,boulder-carpenter-park,2023-11-29 13:50:00+00:00,0.0,0.0
boulder-148000,BOULDER / CARPENTER PARK2,boulder-carpenter-park,2023-11-29 17:48:00+00:00,0.0,0.0
boulder-148001,BOULDER / CARPENTER PARK1,boulder-carpenter-park,2023-11-29 17:51:00+00:00,7.974,4.8
boulder-148002,BOULDER / CARPENTER PARK1,boulder-carpenter-park,2023-11-29 17:55:00+00:00,5.903,3.2666666666666666
boulder-148050,BOULDER / CARPENTER PARK1,boulder-carpenter-park,2023-11-30 03:03:00+00:00,0.0,0.016666666666666666
boulder-148051,BOULDER / CARPENTER PARK1,boulder-carpenter-park,2023-11-30 03:05:00+00:00,9.657,1.6333333333333333
boulder-148077,BOULDER / CARPENTER PARK1,boulder-carpenter-park,2023-11-30 16:05:00+00:00,24.374,4.033333333333333
boulder-148094,BOULDER / CARPENTER PARK1,boulder-carpenter-park,2023-11-30 19:22:00+00:00,3.19,4.4
boulder-148095,BOULDER / CARPENTER PARK2,boulder-carpenter-park,2023-11-30 20:05:00+00:00,0.0,0.05
boulder-148096,BOULDER / CARPENTER PARK2,boulder-carpenter-park,2023-11-30 20:08:00+00:00,0.0,0.016666666666666666
boulder-148097,BOULDER / CARPENTER PARK1,boulder-carpenter-park,2023-11-30 20:10:00+00:00,0.825,0.15
boulder-148105,BOULDER / CARPENTER PARK2,boulder-carpenter-park,2023-11-30 21:48:00+00:00,0.0,0.016666666666666666
boulder-148107,BOULDER / CARPENTER PARK2,boulder-carpenter-park,2023-11-30 21:50:00+00:00,4.048,0.6833333333333333
boulder-148112,BOULDER / CARPENTER PARK1,boulder-carpenter-park,2023-11-30 22:32:00+00:00,3.899,0.6833333333333333
boulder-148119,BOULDER / CARPENTER PARK1,boulder-carpenter-park,2023-11-30 23:52:00+00:00,4.861,1.5
boulder-148133,BOULDER / CARPENTER PARK1,boulder-carpenter-park,2023-12-01 03:00:00+00:00,0.0,0.016666666666666666
boulder-148134,BOULDER / CARPENTER PARK1,boulder-carpenter-park,2023-12-01 03:01:00+00:00,1.899,0.3333333333333333
